{"type":"FeatureCollection","name":"stroimprosto_projects_archive","crs":{"type":"name","properties":{"name":"urn:ogc:def:crs:OGC:1.3:CRS84"}},"features":[{"type":"Feature","properties":{"id":49749,"uin":"GF4492-01-0001-000","name":"Многофункциональный комплекс","area":"ЗелАО","district":"Силино","address":"г. Москва, вн. тер. г. м.о. Силино, г. Зеленоград, ул. Конструктора Лукина (тер. Алабушево)","res_complex":null,"state":"Планируемый","fno_name":"Административно-управленческий объект иного типа","fno_codes":"001, 004, 007","job_type":"Новое строительство","fin_source":"Городской бюджет","input_fact":null,"input_plan":"2027-12-30","lat":56.0116180845195,"lng":37.14995554503332,"ring_count":1,"geom_source":"polygon","archived":true,"archived_at":"2026-07-15","last_seen":"2026-06-24"},"geometry":{"type":"Polygon","coordinates":[[[37.14982044013434,56.01167872043751],[37.15015142627552,56.01168564409142],[37.1501422105071,56.01152409378608],[37.149843207856364,56.011523243346346],[37.14982044013434,56.01167872043751]]]}},{"type":"Feature","properties":{"id":9778,"uin":"GF4495-12-0002-000","name":"Предприятие крупноузловой сборки вилочных погрузчиков","area":"ЗелАО","district":"Силино","address":"проезд № 684, дом 4А, территория Алабушево","res_complex":"ОЭЗ АЛАБУШЕВО","state":"В строительстве","fno_name":"Объект производства машин и оборудования","fno_codes":"012, 001, 018","job_type":"Новое строительство","fin_source":"Смешанное финансирование","input_fact":null,"input_plan":"2025-12-31","lat":56.00699823539263,"lng":37.14616390712224,"ring_count":3,"geom_source":"polygon","archived":true,"archived_at":"2026-07-15","last_seen":"2026-06-24"},"geometry":{"type":"MultiPolygon","coordinates":[[[[37.147847749793236,56.007569410390026],[37.148445825756106,56.00701594280518],[37.14676199826402,56.00644477594083],[37.14616390712224,56.00699823539263],[37.147847749793236,56.007569410390026]]],[[[37.14784230948689,56.007768523559456],[37.14789776746071,56.007716447994625],[37.14779290251362,56.00768132504689],[37.147739847175714,56.007732068102854],[37.14784230948689,56.007768523559456]]],[[[37.147192266878356,56.007885601298455],[37.14734493752114,56.007752698345165],[37.14702318085676,56.007636680079614],[37.14687050957034,56.00776958263632],[37.147192266878356,56.007885601298455]]]]}},{"type":"Feature","properties":{"id":53157,"uin":"GG5421-01-0001-000","name":"Подразделения УГИБДД и УВД по ЗелАО ГУ МВД России по г. Москве","area":"ЗелАО","district":"Крюково","address":"г. Зеленоград, 687 пр., Кутузовское ш.","res_complex":null,"state":"Планируемый","fno_name":"Объект органов государственной власти Российской Федерации","fno_codes":"001, 001, 001","job_type":"Новое строительство","fin_source":"Городской бюджет","input_fact":null,"input_plan":"2027-01-30","lat":55.9639635734887,"lng":37.18048627120381,"ring_count":1,"geom_source":"polygon","archived":true,"archived_at":"2026-07-15","last_seen":"2026-06-24"},"geometry":{"type":"Polygon","coordinates":[[[37.18017217412987,55.96406133276235],[37.18094901372034,55.9640633511362],[37.18095101698828,55.96382048801143],[37.18018697612515,55.96381135985578],[37.18017217412987,55.96406133276235]]]}},{"type":"Feature","properties":{"id":37207,"uin":"GG6708-06-0001-000","name":"Универсальное спортивное сооружение","area":"ЗелАО","district":"Савёлки","address":"Озерная аллея ул., дом 8, соор.1","res_complex":null,"state":"В строительстве","fno_name":"Спортивный комплекс иного типа","fno_codes":"006, 006, 009","job_type":"Реконструкция","fin_source":"Внебюджетные источники","input_fact":null,"input_plan":"2026-09-26","lat":55.986476877575306,"lng":37.224936280181275,"ring_count":1,"geom_source":"polygon","archived":true,"archived_at":"2026-07-15","last_seen":"2026-06-24"},"geometry":{"type":"Polygon","coordinates":[[[37.22484705785211,55.98652489418826],[37.22484789732698,55.98640703405367],[37.22507250247396,55.986404857876856],[37.22506688524075,55.98652270732723],[37.22484705785211,55.98652489418826]]]}},{"type":"Feature","properties":{"id":48434,"uin":"GH8588-10-0001-000","name":"Снос жилых домов и инженерная подготовка территории с перекладкой инженерных коммуникаций","area":"ЗАО","district":"Можайский","address":"Снос жилых домов и инженерная подготовка территории с перекладкой инженерных коммуникаций","res_complex":null,"state":"Планируемый","fno_name":"Многоэтажный многоквартирный дом","fno_codes":"010, 001, 001","job_type":"Новое строительство","fin_source":"Городской бюджет","input_fact":null,"input_plan":"2029-12-31","lat":55.68632653271048,"lng":37.28559199788541,"ring_count":1,"geom_source":"polygon","archived":true,"archived_at":"2026-07-15","last_seen":"2026-06-24"},"geometry":{"type":"Polygon","coordinates":[[[37.28559199788541,55.68632653271048],[37.28564578433627,55.68624626270771],[37.28684174983052,55.68649279409396],[37.28677609264089,55.68657639243338],[37.28559199788541,55.68632653271048]]]}},{"type":"Feature","properties":{"id":10445,"uin":"GH9991-01-0003-000","name":"Реконструкция здания \"R&D Renova\" с целью размещения лаборатории Центра по добыче углеводородов \"Сколтех\"","area":"ЗАО","district":"Можайский","address":"территория инновационного центра \"Сколково\", ул. Сикорского, д.11","res_complex":"СКОЛКОВО","state":"В строительстве","fno_name":"Объект инновационных парков","fno_codes":"001, 008, 004","job_type":"Реконструкция","fin_source":"Внебюджетные источники","input_fact":null,"input_plan":"2022-07-31","lat":55.681373260451615,"lng":37.33176279253441,"ring_count":1,"geom_source":"polygon","archived":true,"archived_at":"2026-07-15","last_seen":"2026-06-24"},"geometry":{"type":"Polygon","coordinates":[[[37.33176279253441,55.681373260451615],[37.333176358816935,55.6809063127075],[37.33369825505473,55.6814106530325],[37.3328833766664,55.68202559195468],[37.33176279253441,55.681373260451615]]]}},{"type":"Feature","properties":{"id":9882,"uin":"GI3341-10-0001-000","name":"17-ти этажный 4-х секционный жилой дом с пристроенными нежилыми помещениями","area":"НАО","district":"Внуково","address":"Москва, НАО, Марушкинское, пос. совхоза \"Крекшино\" позиция 24","res_complex":"ЖК НОВОЕ КРЕКШИНО","state":"В строительстве","fno_name":"Многоэтажный многоквартирный дом","fno_codes":"010, 001, 001","job_type":"Новое строительство","fin_source":"Внебюджетные источники","input_fact":null,"input_plan":"2016-12-31","lat":55.59692712098362,"lng":37.11071880084836,"ring_count":1,"geom_source":"polygon","archived":true,"archived_at":"2026-07-15","last_seen":"2026-06-24"},"geometry":{"type":"Polygon","coordinates":[[[37.11071880084836,55.59692712098362],[37.11072491605038,55.59691192490208],[37.1107716075363,55.59691762427666],[37.11081095982895,55.59690519255796],[37.11081931226245,55.59688033893908],[37.11085296570919,55.59688430820695],[37.1109076300378,55.596746644015255],[37.110874409795954,55.59674219111055],[37.11089889642164,55.59668196371701],[37.110923597110315,55.596684934447026],[37.11094593820689,55.59662510441408],[37.110980445608575,55.596629318876225],[37.11103765672264,55.59649229145769],[37.11100230873586,55.59648807433978],[37.11102937900324,55.596424810226814],[37.111053651260505,55.59642777956955],[37.111077276849436,55.596367953592505],[37.11111006371264,55.59637289009468],[37.11116686398499,55.59623561879172],[37.11113236652066,55.59623043435522],[37.11115771459017,55.59616964377619],[37.110926868892456,55.59614054497519],[37.11091461580721,55.59617166463228],[37.11089118681534,55.59616845542818],[37.11081034440225,55.5963658476197],[37.1108346142015,55.59636905951237],[37.11082279156681,55.596399946995675],[37.110799791527896,55.596396658300286],[37.11078711631189,55.59642873767686],[37.110763677645124,55.59642648949346],[37.11068454183633,55.59662282714527],[37.110709240065866,55.59662604042511],[37.11069615067521,55.5966566813519],[37.110672811239965,55.596654011312395],[37.11066014145003,55.596683926026806],[37.110637140545904,55.59668070915456],[37.110585554908695,55.59680856568298],[37.110509758907185,55.5967976987868],[37.11051455820638,55.596785633250626],[37.11038934658882,55.59677026172709],[37.11039415787073,55.59675699264381],[37.11014788862498,55.59672649598575],[37.11014264507488,55.59673856009286],[37.11001614176411,55.59672390263453],[37.11002928445705,55.596687953579405],[37.10968260641953,55.59664289055569],[37.109656792953636,55.596708745201276],[37.10962440876578,55.5967047796528],[37.10957635987834,55.59681961413953],[37.10995840574124,55.596868661419094],[37.1099653946689,55.596851770558445],[37.11014794902099,55.59687530120062],[37.110140524743876,55.59689290924589],[37.1102725564949,55.59691000033948],[37.11027913377961,55.59689141953212],[37.11046219128838,55.596915436336545],[37.11047661608599,55.59687973382982],[37.110551991171356,55.596889871863816],[37.11054587349934,55.59690531044339],[37.11071880084836,55.59692712098362]]]}},{"type":"Feature","properties":{"id":52132,"uin":"GI3751-99-0002-000","name":"Индивидуальный жилой дом","area":"НАО","district":"Внуково","address":"Заводская 2-я ул. к.2","res_complex":null,"state":"Планируемый","fno_name":null,"fno_codes":null,"job_type":"Новое строительство","fin_source":"Городской бюджет","input_fact":null,"input_plan":"2029-12-31","lat":55.58006678146387,"lng":37.12560614897964,"ring_count":1,"geom_source":"polygon","archived":true,"archived_at":"2026-07-15","last_seen":"2026-06-24"},"geometry":{"type":"Polygon","coordinates":[[[37.12560614897964,55.58006678146387],[37.1257481796335,55.580136382306016],[37.12589657554917,55.58003803729154],[37.12575137891266,55.5799675364302],[37.12560614897964,55.58006678146387]]]}},{"type":"Feature","properties":{"id":36620,"uin":"GI3953-06-0001-000","name":"здания культкрно-оздоровительного центра","area":"НАО","district":"Внуково","address":"Московская область, Наро-Фоминский район, с.п. Марушкинское, у д. Свинорье Большое дер., ЗАО \"Крекшино\", уч.41","res_complex":null,"state":"Сдан","fno_name":"Физкультурно-оздоровительный комплекс","fno_codes":"006, 006, 001","job_type":"Новое строительство","fin_source":"Внебюджетные источники","input_fact":null,"input_plan":"2013-12-31","lat":55.578333243060996,"lng":37.13279921120692,"ring_count":1,"geom_source":"polygon","archived":true,"archived_at":"2026-07-15","last_seen":"2026-06-24"},"geometry":{"type":"Polygon","coordinates":[[[37.13279921120692,55.578333243060996],[37.13280189952171,55.578045826365404],[37.13330925426594,55.5780473482337],[37.13330656965696,55.57833476494557],[37.13279921120692,55.578333243060996]]]}},{"type":"Feature","properties":{"id":49889,"uin":"GI4645-01-0003-000","name":"Этап 2. Общественно-деловой центр","area":"НАО","district":"Внуково","address":"Зайцевское шоссе, район Внуково","res_complex":null,"state":"Планируемый","fno_name":"Офисное здание","fno_codes":"001, 005, 001","job_type":"Новое строительство","fin_source":"Внебюджетные источники","input_fact":null,"input_plan":"2030-12-31","lat":55.590718622522886,"lng":37.15474588923678,"ring_count":1,"geom_source":"polygon","archived":true,"archived_at":"2026-07-15","last_seen":"2026-06-24"},"geometry":{"type":"Polygon","coordinates":[[[37.15474588923678,55.590718622522886],[37.155135072738915,55.59100234477425],[37.155495959841325,55.59084357612209],[37.155106771338986,55.59055985987067],[37.15474588923678,55.590718622522886]]]}},{"type":"Feature","properties":{"id":46843,"uin":"GI6243-10-0003-000","name":"Жилой дом","area":"НАО","district":"Внуково","address":"Парковая ул. (поселение Марушкинское), вл.16","res_complex":null,"state":"Планируемый","fno_name":"Многоэтажный многоквартирный дом","fno_codes":"010, 001, 001","job_type":"Новое строительство","fin_source":"Городской бюджет","input_fact":null,"input_plan":"2027-12-31","lat":55.59426137493431,"lng":37.20870743406503,"ring_count":1,"geom_source":"polygon","archived":true,"archived_at":"2026-07-15","last_seen":"2026-06-24"},"geometry":{"type":"Polygon","coordinates":[[[37.20870743406503,55.59426137493431],[37.20891704784691,55.59422953985393],[37.208871771065866,55.5941324257919],[37.20866532339052,55.5941651665589],[37.20870743406503,55.59426137493431]]]}},{"type":"Feature","properties":{"id":51727,"uin":"GI6243-99-0001-000","name":"Индивидуальный жилой дом","area":"НАО","district":"Внуково","address":"Парковая ул. вл.16","res_complex":null,"state":"Планируемый","fno_name":null,"fno_codes":null,"job_type":"Новое строительство","fin_source":"Городской бюджет","input_fact":null,"input_plan":"2029-12-31","lat":55.59416516464037,"lng":37.208665337970196,"ring_count":1,"geom_source":"polygon","archived":true,"archived_at":"2026-07-15","last_seen":"2026-06-24"},"geometry":{"type":"Polygon","coordinates":[[[37.208665337970196,55.59416516464037],[37.208707440101236,55.59426137284405],[37.20891704373255,55.594229536170936],[37.20887176761883,55.59413242894799],[37.208665337970196,55.59416516464037]]]}},{"type":"Feature","properties":{"id":31566,"uin":"GI7727-12-0002-000","name":"Проект пристроек к зданию завода","area":"НАО","district":"Внуково","address":"Внуковское шоссе 5-й км, домовладение 1, строение 1","res_complex":null,"state":"В строительстве","fno_name":"Объект фармацевтического производства","fno_codes":"012, 001, 013","job_type":"Реконструкция","fin_source":"Внебюджетные источники","input_fact":null,"input_plan":null,"lat":55.620317614939864,"lng":37.26010460789186,"ring_count":1,"geom_source":"polygon","archived":true,"archived_at":"2026-07-15","last_seen":"2026-06-24"},"geometry":{"type":"Polygon","coordinates":[[[37.25910914408493,55.62032734703736],[37.259708677946875,55.62059908968856],[37.259993907648386,55.62040409466579],[37.2602440620959,55.62052513328912],[37.260391368543765,55.6204343415337],[37.26082555510908,55.620652177743374],[37.26114391647756,55.620457244867154],[37.260265835318116,55.62006173669942],[37.26041328751664,55.6199468356389],[37.25994579414805,55.619758399779926],[37.25910914408493,55.62032734703736]]]}},{"type":"Feature","properties":{"id":52289,"uin":"GI9035-01-0001-000","name":"Многофункциональное здание на территории р-на Внуково","area":"ЗАО","district":"Внуково","address":"Многофункциональное здание на территории р-на Внуково","res_complex":null,"state":"Планируемый","fno_name":"Офисное здание","fno_codes":"001, 005, 001","job_type":"Новое строительство","fin_source":"Городской бюджет","input_fact":null,"input_plan":"2029-12-30","lat":55.617770060432406,"lng":37.308226413609034,"ring_count":1,"geom_source":"polygon","archived":true,"archived_at":"2026-07-15","last_seen":"2026-06-24"},"geometry":{"type":"Polygon","coordinates":[[[37.308226413609034,55.617770060432406],[37.30821688349177,55.61774254762239],[37.30818947443604,55.617719193034624],[37.308148359237116,55.61770355218339],[37.308099797296805,55.61769800623649],[37.308051181694836,55.617703399509836],[37.3080099136802,55.617718910930506],[37.30798227591904,55.617742179035275],[37.30797247602445,55.61776966147617],[37.30798200597705,55.61779717430496],[37.30800941496365,55.61782052893873],[37.30805053022946,55.61783616983627],[37.30809909233349,55.61784171580266],[37.30814770810012,55.61783632251059],[37.30818897618389,55.617820811043906],[37.30821661387817,55.617797542892816],[37.308226413609034,55.617770060432406]]]}},{"type":"Feature","properties":{"id":35968,"uin":"GI9118-14-0001-000","name":"Надземная многоэтажная автостоянка открытого типа вместимостью 300 м/м с коммерческими помещениями","area":"НАО","district":"Внуково","address":"д. Рассказовка, 17 квартал","res_complex":null,"state":"В строительстве","fno_name":"Открытая надземная стоянка, предназначенная для постоянного и временного хранения автомобилей","fno_codes":"014, 001, 004","job_type":"Новое строительство","fin_source":"Внебюджетные источники","input_fact":null,"input_plan":"2026-08-01","lat":55.63674241277026,"lng":37.30507605515044,"ring_count":1,"geom_source":"polygon","archived":true,"archived_at":"2026-07-15","last_seen":"2026-06-24"},"geometry":{"type":"Polygon","coordinates":[[[37.305005001994864,55.63674551399343],[37.305071062891315,55.636793838335926],[37.30518498941769,55.636740443442214],[37.305114219376165,55.63668675399024],[37.305005001994864,55.63674551399343]]]}},{"type":"Feature","properties":{"id":50570,"uin":"GI9270-04-0001-000","name":"Магазин","area":"НАО","district":"Филимонковский","address":"квартал 173, вл. 55/1","res_complex":null,"state":"Планируемый","fno_name":"Магазин","fno_codes":"004, 002, 001","job_type":"Новое строительство","fin_source":"Внебюджетные источники","input_fact":null,"input_plan":"2026-04-06","lat":55.548789043347185,"lng":37.30718733970538,"ring_count":1,"geom_source":"polygon","archived":true,"archived_at":"2026-07-15","last_seen":"2026-06-24"},"geometry":{"type":"Polygon","coordinates":[[[37.30718733970538,55.548789043347185],[37.30712217702399,55.548792785260865],[37.30710599050806,55.54871347327428],[37.307175397752275,55.548709377645714],[37.30718733970538,55.548789043347185]]]}},{"type":"Feature","properties":{"id":39960,"uin":"GI9367-04-0001-000","name":"Магазин","area":"НАО","district":"Филимонковский","address":"поселение Филимонковское, д. Староселье","res_complex":null,"state":"В строительстве","fno_name":"Магазин","fno_codes":"004, 002, 001","job_type":"Новое строительство","fin_source":"Внебюджетные источники","input_fact":null,"input_plan":null,"lat":55.55473263363612,"lng":37.31086106571299,"ring_count":1,"geom_source":"polygon","archived":true,"archived_at":"2026-07-15","last_seen":"2026-06-24"},"geometry":{"type":"Polygon","coordinates":[[[37.31082883152003,55.55479640031581],[37.3107369417097,55.55468672160646],[37.31091358302388,55.554644133914046],[37.31099714073721,55.554739511868796],[37.31082883152003,55.55479640031581]]]}},{"type":"Feature","properties":{"id":51170,"uin":"GI9603-99-0001-000","name":"Индивидуальный жилой дом","area":"НАО","district":"Внуково","address":"Гаражный пер. вл.8","res_complex":null,"state":"Планируемый","fno_name":null,"fno_codes":null,"job_type":"Новое строительство","fin_source":"Городской бюджет","input_fact":null,"input_plan":"2029-12-31","lat":55.66129189653507,"lng":37.32127267025369,"ring_count":2,"geom_source":"polygon","archived":true,"archived_at":"2026-07-15","last_seen":"2026-06-24"},"geometry":{"type":"MultiPolygon","coordinates":[[[[37.321274521361296,55.66118412461275],[37.321099760366906,55.66118316652125],[37.32109790625943,55.661290932443585],[37.32127267025369,55.66129189653507],[37.321274521361296,55.66118412461275]]],[[[37.321098983488696,55.661228073488836],[37.32100365949177,55.66122755089351],[37.32100257626251,55.66129040884817],[37.32109790125931,55.6612909384435],[37.321098983488696,55.661228073488836]]]]}},{"type":"Feature","properties":{"id":50394,"uin":"GI9874-10-0001-000","name":"Многоквартирные дома со встроенно-пристроенными нежилыми помещениями, ТП, подземным гаражом","area":"НАО","district":"Филимонковский","address":"муниципальный округ Филимонковский, квартал 156А, земельный участок 20/5","res_complex":null,"state":"Планируемый","fno_name":"Многоэтажный многоквартирный дом","fno_codes":"010, 001, 001","job_type":"Новое строительство","fin_source":"Внебюджетные источники","input_fact":null,"input_plan":"2030-12-31","lat":55.54053292805319,"lng":37.327629647974554,"ring_count":13,"geom_source":"polygon","archived":true,"archived_at":"2026-07-15","last_seen":"2026-06-24"},"geometry":{"type":"MultiPolygon","coordinates":[[[[37.32747351366606,55.540548059070176],[37.327629647974554,55.54053292805319],[37.32758908558152,55.54039836087992],[37.327432966273165,55.540413485896984],[37.32747351366606,55.540548059070176]]],[[[37.32660544063838,55.540493672686864],[37.32664599303118,55.54062825086006],[37.32747350666611,55.540548056070136],[37.32743293827309,55.54041348889679],[37.32660544063838,55.540493672686864]]],[[[37.32664599603118,55.54062825086009],[37.326736966182175,55.54093015824864],[37.327077338854544,55.54089717739165],[37.32698636070351,55.540595272003024],[37.32664599603118,55.54062825086009]]],[[[37.32680097906693,55.54114257152207],[37.32703830253572,55.54111957701628],[37.326974293650885,55.540907168742876],[37.32673698018216,55.54093016024872],[37.32680097906693,55.54114257152207]]],[[[37.3268009930669,55.541142574522134],[37.32686368203597,55.541350631789896],[37.32710100550472,55.54132763828412],[37.32703830853561,55.54111958201632],[37.3268009930669,55.541142574522134]]],[[[37.32686369603591,55.541350634789985],[37.32698641814536,55.541757899314156],[37.32722374361411,55.541734906808394],[37.32710101350462,55.54132764428417],[37.32686369603591,55.541350634789985]]],[[[37.32722375761416,55.54173490380848],[37.32748606513235,55.54170948646003],[37.32744550973961,55.541574916286784],[37.3271832102215,55.5416003296353],[37.32722375761416,55.54173490380848]]],[[[37.32758910258163,55.54039835588001],[37.32768007973273,55.54070026226865],[37.32802044940521,55.54066728041167],[37.32792946125404,55.54036537702294],[37.32758910258163,55.54039835588001]]],[[[37.32778314393628,55.54069027891757],[37.32788762521907,55.54103699736388],[37.32812494668787,55.54101400585811],[37.32802045740506,55.54066728741171],[37.32778314393628,55.54069027891757]]],[[[37.32788764121899,55.54103700136399],[37.32795033518805,55.54124506063178],[37.32818765865694,55.54122206412602],[37.32812495768783,55.54101400785817],[37.32788764121899,55.54103700136399]]],[[[37.32795035018798,55.541245063631884],[37.328032599899764,55.541518012983225],[37.327968587772965,55.54152423258018],[37.32800914616589,55.54165879475343],[37.328310487761186,55.541629598650744],[37.32818766565679,55.54122207112606],[37.32795035018798,55.541245063631884]]],[[[37.32760167104817,55.54155978127002],[37.32764221844086,55.54169435544318],[37.32800914316585,55.54165879675341],[37.32796857877307,55.54152422758011],[37.32760167104817,55.54155978127002]]],[[[37.32744552973971,55.541574911286915],[37.3274860751324,55.54170948446009],[37.3276422044408,55.541694357443085],[37.32760165404807,55.541559787269904],[37.32744552973971,55.541574911286915]]]]}},{"type":"Feature","properties":{"id":50582,"uin":"GJ5395-99-0001-000","name":"Индивидуальный жилой дом","area":"ТАО","district":"Вороново","address":"Пролетарий СНТ территория (п.Вороновское). уч. 2","res_complex":null,"state":"Планируемый","fno_name":null,"fno_codes":null,"job_type":"Новое строительство","fin_source":"Городской бюджет","input_fact":null,"input_plan":"2029-12-31","lat":55.34160977250829,"lng":37.17706720610965,"ring_count":1,"geom_source":"polygon","archived":true,"archived_at":"2026-07-15","last_seen":"2026-06-24"},"geometry":{"type":"Polygon","coordinates":[[[37.17706720610965,55.34160977250829],[37.17719298758146,55.34169026424374],[37.177428361888154,55.341570781774394],[37.17730257341615,55.34149029903891],[37.17706720610965,55.34160977250829]]]}},{"type":"Feature","properties":{"id":51175,"uin":"GJ5395-99-0002-000","name":"Индивидуальный жилой дом","area":"ТАО","district":"Вороново","address":"Пролетарий СНТ территория (п.Вороновское). уч. 3","res_complex":null,"state":"Планируемый","fno_name":null,"fno_codes":null,"job_type":"Новое строительство","fin_source":"Городской бюджет","input_fact":null,"input_plan":"2029-12-31","lat":55.34149061050158,"lng":37.17673324335863,"ring_count":1,"geom_source":"polygon","archived":true,"archived_at":"2026-07-15","last_seen":"2026-06-24"},"geometry":{"type":"Polygon","coordinates":[[[37.17673324335863,55.34149061050158],[37.176859024830435,55.341571102237026],[37.177094398137086,55.34145162076765],[37.17696861066511,55.34137113603217],[37.17673324335863,55.34149061050158]]]}},{"type":"Feature","properties":{"id":50387,"uin":"GJ6068-99-0003-000","name":"Жилой дом","area":"ТАО","district":"Краснопахорский","address":"поселок Армейский, поселение Михайлово-Ярцевское корп.1","res_complex":null,"state":"Планируемый","fno_name":"Многоэтажный многоквартирный дом","fno_codes":"010, 001, 001","job_type":"Новое строительство","fin_source":"Внебюджетные источники","input_fact":null,"input_plan":null,"lat":55.38546798296897,"lng":37.20122702208484,"ring_count":1,"geom_source":"polygon","archived":true,"archived_at":"2026-07-15","last_seen":"2026-06-24"},"geometry":{"type":"Polygon","coordinates":[[[37.20122702208484,55.38546798296897],[37.20122919487321,55.38518055514697],[37.2017340813525,55.385181791044765],[37.20173191222553,55.38546921887996],[37.20122702208484,55.38546798296897]]]}},{"type":"Feature","properties":{"id":35472,"uin":"GJ7513-06-0001-000","name":"объекты рекреации, тенисный корт разм. 44мх22м; Здание для отдыха (баня) - 2-этажное","area":"ТАО","district":"Филимонковский","address":"Московская область, Наро-Фоминский район, с.п. Первомайское,  улица Кедрова, Бараново дер.","res_complex":null,"state":"Сдан","fno_name":"Физкультурно-оздоровительный комплекс","fno_codes":"006, 006, 001","job_type":"Новое строительство","fin_source":"Внебюджетные источники","input_fact":null,"input_plan":"2012-12-31","lat":55.47725633491038,"lng":37.25207819354586,"ring_count":1,"geom_source":"polygon","archived":true,"archived_at":"2026-07-15","last_seen":"2026-06-24"},"geometry":{"type":"Polygon","coordinates":[[[37.25207819354586,55.47725633491038],[37.2520800037441,55.476968910212534],[37.2525860650117,55.47696993728546],[37.25258425849603,55.47725736199426],[37.25207819354586,55.47725633491038]]]}},{"type":"Feature","properties":{"id":36631,"uin":"GJ7518-06-0001-000","name":"теннисный корт","area":"ТАО","district":"Филимонковский","address":"Московская область, Наро-Фоминский район, с.п. Первомайское, Бараново дер., Кедровая ул.","res_complex":null,"state":"Сдан","fno_name":"Корт открытый для тенниса","fno_codes":"006, 002, 004","job_type":"Новое строительство","fin_source":"Внебюджетные источники","input_fact":null,"input_plan":"2012-07-01","lat":55.46909167375177,"lng":37.252422572393016,"ring_count":1,"geom_source":"polygon","archived":true,"archived_at":"2026-07-15","last_seen":"2026-06-24"},"geometry":{"type":"Polygon","coordinates":[[[37.252422572393016,55.46909167375177],[37.25242437953443,55.46880424866008],[37.252930336233334,55.46880527421071],[37.252928532772586,55.469092699313336],[37.252422572393016,55.46909167375177]]]}},{"type":"Feature","properties":{"id":36498,"uin":"GJ7834-06-0002-000","name":"здания столовой, банно-прачечного комбината, тренажерного спортивного зала, гаража с навесами","area":"ТАО","district":"Краснопахорский","address":"Московская область, Подольский район, вблизи с. Былово","res_complex":null,"state":"Сдан","fno_name":"Спортивный комплекс иного типа","fno_codes":"006, 006, 009","job_type":"Новое строительство","fin_source":"Внебюджетные источники","input_fact":null,"input_plan":"2015-06-29","lat":55.44301219033025,"lng":37.262586473096036,"ring_count":1,"geom_source":"polygon","archived":true,"archived_at":"2026-07-15","last_seen":"2026-06-24"},"geometry":{"type":"Polygon","coordinates":[[[37.262586473096036,55.44301219033025],[37.26258820461158,55.44272476378751],[37.263093827995434,55.44272574703121],[37.26309210015456,55.443013173584454],[37.262586473096036,55.44301219033025]]]}},{"type":"Feature","properties":{"id":53450,"uin":"GJ8025-12-0001-000","name":"Предприятие по изготовлению полимерных труб","area":"ТАО","district":"Троицк","address":"ул. Промышленная д. 13","res_complex":null,"state":"Планируемый","fno_name":"Объект производства резиновых и пластмассовых изделий","fno_codes":"012, 001, 014","job_type":"Новое строительство","fin_source":"Внебюджетные источники","input_fact":null,"input_plan":null,"lat":55.458783610435596,"lng":37.26722877122267,"ring_count":1,"geom_source":"polygon","archived":true,"archived_at":"2026-07-15","last_seen":"2026-06-24"},"geometry":{"type":"Polygon","coordinates":[[[37.26722877122267,55.458783610435596],[37.267431460962385,55.45878935489198],[37.267545174428285,55.45789481553387],[37.26754919019603,55.457813493130644],[37.26722155975274,55.457810189396476],[37.26721844258747,55.45793877116468],[37.26712656028494,55.457930559044364],[37.267118981878504,55.458016269718954],[37.2669776224321,55.45800394464583],[37.26670565032745,55.45815478321721],[37.266697618702025,55.45831684194967],[37.266945959828824,55.458574492112675],[37.26706845567502,55.458588120652664],[37.26722877122267,55.458783610435596]]]}},{"type":"Feature","properties":{"id":8103,"uin":"GJ8527-10-0002-000","name":"Завершение строительства незавершенного строительством объекта ЖК \"Легенда\". Этап 3 - жилой дом № 1","area":"ТАО","district":"Троицк","address":"42-й км Калужского шоссе","res_complex":"ЖК ЛЕГЕНДА","state":"Сдан","fno_name":"Среднеэтажный многоквартирный дом","fno_codes":"010, 002, 001","job_type":"Новое строительство","fin_source":"Городской бюджет","input_fact":null,"input_plan":"2024-12-31","lat":55.45264833935873,"lng":37.281913034009754,"ring_count":14,"geom_source":"polygon","archived":true,"archived_at":"2026-07-15","last_seen":"2026-06-24"},"geometry":{"type":"MultiPolygon","coordinates":[[[[37.28334693975147,55.451960210488316],[37.28323941844528,55.45216173216186],[37.28328107173626,55.452168911082516],[37.28322450802511,55.452274943945746],[37.28389701196814,55.45239083075717],[37.28400467421908,55.45218904828264],[37.28396478920972,55.452182178134514],[37.28402122293866,55.45207640518254],[37.28334693975147,55.451960210488316]]],[[[37.28343443528784,55.45247747869031],[37.283445695865524,55.45254510751401],[37.28356584820367,55.45253864703253],[37.283554587422394,55.45247101821962],[37.28343443528784,55.45247747869031]]],[[[37.281913034009754,55.45264833935873],[37.28195086686477,55.45270332401688],[37.282045781414936,55.45268223285411],[37.28200794844812,55.452627248224935],[37.281913034009754,55.45264833935873]]],[[[37.28229591855643,55.45323261321034],[37.28224321249512,55.45332623912668],[37.28220491205782,55.45344712469379],[37.28219800599016,55.45356989867504],[37.28220407273864,55.4536189431931],[37.282216063863316,55.45361844172854],[37.28221649074132,55.453626443596185],[37.28245060070078,55.4535936851575],[37.282446419878205,55.453526491042844],[37.28245213903678,55.453458420726804],[37.28246387320477,55.45341408332337],[37.28245742669519,55.45341350585195],[37.282464947451516,55.45341417506112],[37.282490609248974,55.45334939647883],[37.28252750349904,55.4532855091896],[37.28259314943563,55.453204023169164],[37.282663326783485,55.45314051851781],[37.28265101261529,55.453135470917424],[37.28266198638718,55.453139968216675],[37.28275002983981,55.453075264791806],[37.28286095198311,55.45301177870071],[37.28284945258224,55.453004541768514],[37.282862700284504,55.45301287763845],[37.28298565699953,55.45295667045519],[37.2831471608461,55.452903495806936],[37.283142548420265,55.45289794247522],[37.28314868387793,55.45290532189619],[37.28326651382299,55.45287591710569],[37.283379799805424,55.452856546202455],[37.28354945767487,55.45284259486473],[37.28388028973834,55.452855717854085],[37.28395888601905,55.45286474203828],[37.28416283061827,55.45290613062479],[37.284170736150564,55.45290867361889],[37.28416641335526,55.45291422304681],[37.28432469370172,55.452958197396484],[37.28455398371916,55.4530604263619],[37.28476083366137,55.45317878141146],[37.284874882483464,55.453121622467265],[37.28485542844716,55.453105191596194],[37.28491507640514,55.453075882474124],[37.28480884128156,55.45300236551346],[37.28470333415594,55.45294432815524],[37.284682268443255,55.45293496354928],[37.284668487535626,55.452943400145784],[37.28464565198781,55.45293613937445],[37.28455108454391,55.45289515380422],[37.28455595388546,55.452892052135574],[37.284530118876965,55.4528816532963],[37.28453907938915,55.45287350075487],[37.284513543832695,55.452864718348515],[37.28451731963202,55.45286152533198],[37.28430948941835,55.45279418687857],[37.28415349835573,55.45276359506762],[37.284156916207415,55.45275815892789],[37.28410312539434,55.45274783302555],[37.284099838626545,55.45275370148488],[37.28393231736531,55.45272265891001],[37.28388774199166,55.45271790022173],[37.28388567078903,55.4527246778762],[37.28366032581223,55.45271034656505],[37.28366063427731,55.45270476087363],[37.28355042572906,55.4527049246269],[37.28355080767551,55.45271083475079],[37.28349493417925,55.45271306641571],[37.283492145230284,55.4527005905805],[37.283285873401866,55.45272392820375],[37.2830821433424,55.45276495590178],[37.28292809919961,55.452809655586684],[37.28275016181708,55.45287938177046],[37.28259198196458,55.45296308324894],[37.28245319886962,55.453060572297545],[37.28236748858109,55.45314312578434],[37.28229591855643,55.45323261321034]]],[[[37.283833598635816,55.45398727281549],[37.28379426402758,55.45392587282111],[37.283765149043994,55.453931893155875],[37.28374457284357,55.453899781336396],[37.28377368780654,55.45389376100654],[37.28371158347132,55.453796796122205],[37.283694889854345,55.45380025160092],[37.28366856260534,55.45375914739565],[37.283685256207235,55.453755691920435],[37.28364325797533,55.45369013738678],[37.283614143142465,55.45369615768592],[37.283572019834914,55.45363038733292],[37.28360111882058,55.45362436701568],[37.28353851396044,55.453526601737074],[37.28352182044244,55.4535300571925],[37.283496982248465,55.45349128197385],[37.28352979957937,55.453484495806826],[37.28345818424935,55.45337270230168],[37.28343407041753,55.45336606657215],[37.283324210069,55.45338879396176],[37.283336339070516,55.45340774094788],[37.28322978561084,55.45342978249965],[37.283320675295634,55.45357167371486],[37.283337084010974,55.453568280656135],[37.28347509650048,55.4537837565733],[37.28345868770742,55.45378714965034],[37.28349372775767,55.453841859394736],[37.283510136570335,55.453838466313115],[37.2836609700142,55.45407393213474],[37.28347124681998,55.45411317990429],[37.28346643576515,55.45410568023137],[37.283271553757125,55.45414599639358],[37.283276364779866,55.45415349607406],[37.28321519110689,55.45416615102816],[37.283286289951704,55.45427715331135],[37.283347463773886,55.454264498322146],[37.28334229236242,55.45425642314543],[37.283527411779474,55.45421811951537],[37.28353258317437,55.45422620366646],[37.28360019697348,55.45421222163655],[37.28359500981036,55.45420412847824],[37.283794781197784,55.45416280548321],[37.283799952640294,55.4541708896231],[37.28391986275927,55.454146086766215],[37.28393848432759,55.454122541552714],[37.28384970683463,55.45398394203076],[37.283833598635816,55.45398727281549]]],[[[37.282712895225536,55.453884842782244],[37.28261542623133,55.4537955479837],[37.28229499656538,55.453908502155166],[37.28225437470546,55.45390600445608],[37.282241369327146,55.45391413705096],[37.2822383379607,55.45392498210396],[37.28225651268479,55.45393954770679],[37.28228793525885,55.45393928942246],[37.282325708627305,55.45397389329499],[37.2823405313877,55.45396866517626],[37.282451036951336,55.454069902787346],[37.28243621416745,55.45407513091946],[37.28246986763439,55.45410595488508],[37.28248467457061,55.45410073570292],[37.282589016305536,55.4541963213899],[37.28257420934732,55.45420154058464],[37.28264474056082,55.45426614930948],[37.28265954753404,55.45426093010632],[37.28272998460618,55.4543254577738],[37.28271516176331,55.45433068593934],[37.28275240121932,55.45436479470665],[37.28273769882096,55.454382571184134],[37.28275400032824,55.454398687290585],[37.2827926106259,55.45439918719869],[37.282806359946306,55.45439086724507],[37.2828090504991,55.45437588079072],[37.28293052842672,55.4543507493541],[37.28292535713862,55.45434266517791],[37.28297803392533,55.454331764738264],[37.28298322097864,55.45433985792253],[37.28303996438541,55.454328120367606],[37.283034777321994,55.454320027185794],[37.28321915359084,55.454281884379036],[37.283183376958874,55.45422603251477],[37.283224340736346,55.45428996857114],[37.283286289951704,55.45427715331135],[37.283210380094225,55.45415865134526],[37.282964055218734,55.45420960926836],[37.282968866190785,55.454217108960655],[37.282857863935384,55.4542400674357],[37.282754354906686,55.45414524694705],[37.282769668581196,55.45413984898968],[37.282741629112564,55.45411415494509],[37.28275607180003,55.45410906083182],[37.282727230254615,55.45408264678156],[37.28271278757304,55.45408774089149],[37.28265964954151,55.45403905266166],[37.2826443358909,55.45404445060544],[37.282537572611005,55.45394665103105],[37.282712895225536,55.453884842782244]]],[[[37.284233483968656,55.45706452687332],[37.284346724076315,55.45703831956681],[37.28430041660231,55.45697372775338],[37.28418717664917,55.45699993501746],[37.284233483968656,55.45706452687332]]],[[[37.28444066243796,55.45214868126438],[37.28433314618925,55.45235020389657],[37.28436789970038,55.45235619358093],[37.28431133863365,55.452462226945386],[37.28499638623292,55.452580267646745],[37.285104027588886,55.4523784841794],[37.28506617913106,55.45237195930187],[37.28512261018677,55.45226618584303],[37.28444066243796,55.45214868126438]]],[[[37.28437464029506,55.45339134716737],[37.28437144213138,55.45332305903138],[37.28416855033236,55.453326122370235],[37.2841702198965,55.4533617935354],[37.28415781182323,55.45336197816763],[37.28415934006225,55.453394595143685],[37.28417173234074,55.45339441048336],[37.284173203769996,55.453425859675924],[37.28418695543968,55.453425650473015],[37.284189062622644,55.453470879443934],[37.28417532674205,55.453471088675045],[37.284176712844314,55.4535008041568],[37.284164304727334,55.453500988789614],[37.28416740372257,55.45356712103233],[37.28419805262192,55.453566663281016],[37.28419893077736,55.453585239968774],[37.28423815017028,55.45364752886753],[37.28421284931921,55.45365267580305],[37.284254732704,55.45371916408366],[37.28426930564063,55.453716198797274],[37.28428014866507,55.45373340985428],[37.28426557572285,55.45373637514209],[37.28434111659863,55.453856303972856],[37.2843663859039,55.45385116593733],[37.2843858940239,55.453882144010116],[37.2843495011337,55.45388954385445],[37.28443138849253,55.454019570826546],[37.28447653841064,55.454032261587905],[37.284583802812385,55.454010444762005],[37.28457092252978,55.45399000553447],[37.28463723682602,55.453976514656176],[37.28465010133321,55.453996953848815],[37.28478942298523,55.45396860950819],[37.28478279477678,55.45395808867071],[37.28483551697495,55.45394736715563],[37.28482926479652,55.45393744878976],[37.28501741175133,55.453899176013564],[37.28502365220598,55.45390908454825],[37.28514593189317,55.45388422179197],[37.2851396796958,55.45387429445949],[37.28532658001028,55.45383627867625],[37.28533283229761,55.453846197017214],[37.28545614015803,55.45382111120647],[37.285449887843576,55.453811192871775],[37.28564227812136,55.45377205451041],[37.285648530477786,55.45378197283531],[37.28570970160749,55.45376953223324],[37.28570344923764,55.453759613911366],[37.28594712076301,55.45371003805757],[37.28595337318616,55.45371995636714],[37.28600005044477,55.4537104632814],[37.28602270889158,55.45371745523786],[37.28605179513063,55.453710814546106],[37.286058590967414,55.45369343698133],[37.286043100802424,55.45368197550262],[37.28605482985292,55.453547838347674],[37.28602845495159,55.45354709146894],[37.286034301832146,55.45348036418273],[37.28606066088386,55.453481111032474],[37.28606974344538,55.4533773469385],[37.286053055725276,55.45337687753954],[37.28605659485013,55.45333636516544],[37.286073282553126,55.4533368345639],[37.28607956796238,55.45326500616821],[37.286053209054266,55.45326425932255],[37.28606220777858,55.45316137533142],[37.28608855081328,55.45316212214736],[37.286091348176285,55.453130132552296],[37.28607466056029,55.453129663156325],[37.28608604166141,55.45310029344727],[37.286078367152804,55.4530903187563],[37.28606227804455,55.45308441619351],[37.286027314693996,55.45309070525469],[37.28591521997758,55.45307130465525],[37.285920648758214,55.45306117331064],[37.285827297153205,55.453045012164694],[37.28582186835089,55.45305514350519],[37.285644970972776,55.45302452687443],[37.2856503998163,55.45301439554185],[37.28538495169187,55.45296845198328],[37.28537952278675,55.45297858330417],[37.2853228204189,55.45296877378121],[37.285262112241,55.45308204888722],[37.285387802025596,55.453103800391055],[37.285398037061476,55.45308471331759],[37.28546536639186,55.45309636487987],[37.285459682067234,55.453106962827896],[37.28558879848311,55.45312931297616],[37.28558424777766,55.45313781109405],[37.28576114561519,55.45316842781239],[37.28576569628623,55.45315992968789],[37.28584335266846,55.453173368669674],[37.2858388020614,55.453181857814975],[37.285875356490656,55.45318818257249],[37.28586447007259,55.453312593504556],[37.28584797204251,55.45331212441058],[37.285842831755495,55.45337093065416],[37.28585932981009,55.45337139974863],[37.28584739764638,55.45350789884425],[37.285864417277125,55.45350837783607],[37.28586145071422,55.45354237913373],[37.285844415263846,55.45354190011379],[37.28584099376585,55.4535810833256],[37.285858013428005,55.45358156231844],[37.285855030560434,55.453615653408555],[37.285579112633684,55.45367178327127],[37.28557275070267,55.45366167612432],[37.28538036089402,55.453700814377726],[37.285386722781915,55.45371092153447],[37.28527700709129,55.45373323774991],[37.285270645227875,55.45372313058744],[37.285070153502154,55.45376391579094],[37.28507651532087,55.45377402296378],[37.285018464253426,55.45378583933742],[37.285012099234194,55.45377573281565],[37.28475972360346,55.45382706093651],[37.284766101108985,55.45383717713527],[37.28457407356349,55.45387624290357],[37.2844747930146,55.45371863696594],[37.28449116973785,55.45371530657138],[37.284455710378815,55.45365900652696],[37.28443933367586,55.45366233691672],[37.28438312850523,55.453573107465544],[37.28438058251607,55.453518491352256],[37.28439608872879,55.453518258281164],[37.284390146457994,55.453391114097094],[37.28437464029506,55.45339134716737]]],[[[37.286004241907534,55.45394264182609],[37.28596269319887,55.45387796913561],[37.285846139250374,55.45390216011605],[37.285887687842504,55.45396682386354],[37.286004241907534,55.45394264182609]]],[[[37.28554584966452,55.45445138630649],[37.285493722069745,55.45437024850438],[37.28547134771112,55.4543748888628],[37.28544014331046,55.45432633024541],[37.28546251764517,55.45432168989255],[37.28540976341276,55.45423958985783],[37.28533667503309,55.45425475788026],[37.28531642602076,55.454223248709354],[37.28518369914722,55.45425078788688],[37.28519131604977,55.45426263082257],[37.28497531005214,55.45430744848634],[37.284967708962114,55.45429561454728],[37.28483159537057,55.454323856963846],[37.28485184404767,55.454355366214024],[37.284780226862694,55.45437022212339],[37.28483297996059,55.454452322426704],[37.284849816199376,55.45444883111583],[37.28493314647443,55.45457852794273],[37.28491632599312,55.45458201929289],[37.28495633782748,55.45464430036461],[37.28497315833166,55.45464080900901],[37.285070610560545,55.454792465095494],[37.285261507055786,55.45475284864659],[37.285255034246774,55.45474276823647],[37.28547102650303,55.454697950056186],[37.28547749935965,55.45470803045514],[37.28561022756533,55.45468049096209],[37.285590824478184,55.454650294723216],[37.28564155480936,55.45463976696763],[37.285609425288065,55.454589769622686],[37.28563178394669,55.45458512921134],[37.2855783237312,55.45450193218775],[37.28555596511338,55.45450657258938],[37.28552349107143,55.45445602670222],[37.28554584966452,55.45445138630649]]],[[[37.28728740305982,55.45670849359037],[37.2873550414035,55.45669928804537],[37.28731647786318,55.45660774640658],[37.28724882386102,55.45661695190283],[37.28728740305982,55.45670849359037]]],[[[37.287123975067935,55.45669469927579],[37.28707477832165,55.45658195006646],[37.2866786506769,55.456637755710865],[37.28672784631339,55.4567505140596],[37.287123975067935,55.45669469927579]]],[[[37.286369657331406,55.45702393313978],[37.286430152335235,55.45701463475433],[37.286389486909165,55.45692918803795],[37.286328992026846,55.45693848640361],[37.286369657331406,55.45702393313978]]]]}},{"type":"Feature","properties":{"id":35957,"uin":"GJ8619-01-0001-000","name":"Офисно-административное здание","area":"ТАО","district":"Троицк","address":"Бульвар Троицкий, д. 2","res_complex":null,"state":"Подготовка к вводу в эксплуатацию","fno_name":"Офисное здание","fno_codes":"001, 005, 001","job_type":"Реконструкция","fin_source":"Внебюджетные источники","input_fact":null,"input_plan":"2025-03-31","lat":55.46712186355601,"lng":37.2875491159853,"ring_count":1,"geom_source":"polygon","archived":true,"archived_at":"2026-07-15","last_seen":"2026-06-24"},"geometry":{"type":"Polygon","coordinates":[[[37.2875491159853,55.46712186355601],[37.2872361359399,55.46686533346978],[37.286711039019096,55.46707872880108],[37.28691990602659,55.46721006254976],[37.287014472991864,55.46716260278297],[37.28715018116321,55.46725808965721],[37.2875491159853,55.46712186355601]]]}},{"type":"Feature","properties":{"id":57931,"uin":"GJ9808-01-0002-000","name":"вблизи пр. Славского в границах ППТ ТПУ Ватутинки; вблизи ул. Яковлевская в границах ППТ Черепово","area":"ТАО","district":"Троицк","address":"вблизи пр. Славского в границах ППТ ТПУ Ватутинки; вблизи ул. Яковлевская","res_complex":null,"state":"Планируемый","fno_name":"Объект государственной инспекции по обеспечению безопасности дорожного движения","fno_codes":"001, 003, 002","job_type":"Новое строительство","fin_source":"Федеральный бюджет","input_fact":null,"input_plan":"2032-05-14","lat":55.486247387974295,"lng":37.3294731945186,"ring_count":1,"geom_source":"polygon","archived":true,"archived_at":"2026-07-15","last_seen":"2026-06-24"},"geometry":{"type":"Polygon","coordinates":[[[37.3294731945186,55.486247387974295],[37.32883457833095,55.486448505569236],[37.32982204212439,55.48746266552032],[37.33046225481716,55.48726213938349],[37.3294731945186,55.486247387974295]]]}},{"type":"Feature","properties":{"id":51804,"uin":"GJ9905-01-0001-000","name":"Администрация","area":"ТАО","district":"Троицк","address":"Российская Федерация, п. Десеновское, зона 30.1","res_complex":null,"state":"Планируемый","fno_name":"Объект органов местного самоуправления","fno_codes":"001, 001, 004","job_type":"Новое строительство","fin_source":"Внебюджетные источники","input_fact":null,"input_plan":"2030-12-31","lat":55.491217985296586,"lng":37.33295872180076,"ring_count":22,"geom_source":"polygon","archived":true,"archived_at":"2026-07-15","last_seen":"2026-06-24"},"geometry":{"type":"MultiPolygon","coordinates":[[[[37.33363075188853,55.49075174275854],[37.33351293717174,55.490788165002755],[37.33361790190091,55.49089762201931],[37.33351292317177,55.490788164002666],[37.3327675106369,55.491018600220876],[37.332958715800736,55.491217986296554],[37.33370413533574,55.490987546078394],[37.33295872180076,55.491217985296586],[37.332997079031216,55.49125798251238],[37.33386031228302,55.49099112005003],[37.33363075188853,55.49075174275854]]],[[[37.33341809763156,55.491436041033296],[37.33356332651525,55.49139113896496],[37.33353308612171,55.491359617794814],[37.333388517460335,55.49140430854983],[37.33346682871878,55.49138009136977],[37.333313410796904,55.4912201075067],[37.333904635394056,55.491037325299395],[37.333860310282994,55.49099112205002],[37.33319011420557,55.491198308750704],[37.33341809763156,55.491436041033296]]],[[[37.33391709946574,55.49139561816798],[37.33409449254492,55.49134078330596],[37.33382661791912,55.49106145779892],[37.33364922984003,55.49111629066097],[37.33391709946574,55.49139561816798]]],[[[37.33330662286768,55.49131982040614],[37.333190098205414,55.4911983167506],[37.332997079031216,55.49125798251238],[37.33311359569334,55.49137949216788],[37.33330662286768,55.49131982040614]]],[[[37.33391709546562,55.49139562416795],[37.333802651761694,55.49127628652409],[37.33367646799406,55.49131529171461],[37.333790905697924,55.49143463235845],[37.33391709546562,55.49139562416795]]],[[[37.333195237055484,55.49146461862719],[37.33338826122988,55.491404943865426],[37.33330662386759,55.491319824406155],[37.333113607693356,55.49137949116793],[37.333195237055484,55.49146461862719]]],[[[37.33390535040164,55.491553979002276],[37.33367645799388,55.49131530071455],[37.33353310812188,55.491359609794955],[37.33376199552958,55.49159829008265],[37.33390535040164,55.491553979002276]]],[[[37.333459511800434,55.49147923826629],[37.33338826222976,55.49140494986544],[37.33319524605551,55.49146461762724],[37.333266486626044,55.491538912028005],[37.333459511800434,55.49147923826629]]],[[[37.333867759473186,55.49180859061926],[37.33408510379551,55.49174140301357],[37.3339053604016,55.49155398100233],[37.33368802307938,55.49162116460811],[37.333867759473186,55.49180859061926]]],[[[37.33379306410855,55.49182703814279],[37.33368427529113,55.491713603530776],[37.33349125411684,55.49177327029253],[37.33360003593415,55.49188671090452],[37.33379306410855,55.49182703814279]]],[[[37.33389926497792,55.49193777274028],[37.33379306810846,55.49182704214284],[37.333600047934176,55.49188670990461],[37.333706235803504,55.49199744550198],[37.33389926497792,55.49193777274028]]],[[[37.33427760787156,55.49153170333617],[37.33435562834609,55.49150759383668],[37.333904649393794,55.49103733929946],[37.33382662791931,55.49106144879895],[37.33427760787156,55.49153170333617]]],[[[37.33432009638091,55.49181581743521],[37.33457551793495,55.4917368570738],[37.33435564334609,55.491507593836765],[37.334100229792156,55.49158654919827],[37.33432009638091,55.49181581743521]]],[[[37.3340851107956,55.491741398013595],[37.33421130156332,55.491702389823146],[37.33410021679199,55.491586558198186],[37.33397403202435,55.4916255623887],[37.3340851107956,55.491741398013595]]],[[[37.33476544412468,55.49193488814232],[37.33457552893488,55.49173686107386],[37.334447826157984,55.49177633425463],[37.33463773534773,55.49197436432305],[37.33476544412468,55.49193488814232]]],[[[37.334637729347584,55.49197437132301],[37.334447815157795,55.491776344254546],[37.33432011138091,55.491815817435324],[37.33451002057065,55.49201384650375],[37.334637729347584,55.49197437132301]]],[[[37.333489742194025,55.491510756436355],[37.33354193746771,55.491565187408746],[37.33345951480032,55.49147924426631],[37.333266495626056,55.4915389110281],[37.33338270529434,55.49166009868182],[37.33357573044666,55.49160042785435],[37.33338271729438,55.49166009768191],[37.33349124211683,55.49177327129246],[37.333684269291176,55.491713600530744],[37.33364852210569,55.491676299516065],[37.333940632784916,55.491980899809164],[37.33389926297785,55.491937776740286],[37.33370624780353,55.49199744450205],[37.333806041801104,55.492101514063485],[37.333949138958374,55.49205728326575],[37.3338060568011,55.49210151406357],[37.33387121949357,55.49216946943016],[37.334064246394995,55.49210979375289],[37.33413740220045,55.49218606808004],[37.33410678681435,55.49215416190782],[37.33391377364001,55.49221382966959],[37.33413774914633,55.49244736992962],[37.33488318968211,55.49221691571178],[37.33470989415854,55.49203623873684],[37.33488319168213,55.49221691471179],[37.33500101039902,55.49218049146764],[37.33480763427826,55.4919788783797],[37.334476036571566,55.49208138937019],[37.33480763527846,55.491978868379704],[37.33476544212463,55.4919348901423],[37.33451001220709,55.49201385512475],[37.3343548516836,55.49185205863077],[37.33429620932695,55.49187017925457],[37.3344513682138,55.49203197712746],[37.33450641543862,55.492014967049194],[37.33439387386383,55.49204975875864],[37.33443605915324,55.49209374809484],[37.334289469354964,55.49213906525209],[37.33402991633302,55.49186841959535],[37.333949086841564,55.49189339207682],[37.333719765442225,55.491654280786676],[37.33365941037047,55.491672931947456],[37.33371975344245,55.491654268786604],[37.333560994250085,55.491488731627975],[37.33368800607941,55.49162116360801],[37.333761989529435,55.491598297082625],[37.33356333551505,55.49139114896502],[37.33341810363158,55.49143604003336],[37.33348973619418,55.49151074743635],[37.33354345055686,55.49149415190759],[37.333489742194025,55.491510756436355]]],[[[37.334451364213656,55.49203198512745],[37.334373787770176,55.491951088691],[37.33431628442043,55.49196885932213],[37.33439385586383,55.492049758758526],[37.334451364213656,55.49203198512745]]],[[[37.33410679181453,55.49215415290782],[37.33406424366793,55.49210979966844],[37.3338712284936,55.49216946743023],[37.33391376763999,55.49221383066951],[37.33410679181453,55.49215415290782]]]]}},{"type":"Feature","properties":{"id":57909,"uin":"GJ9908-01-0001-000","name":"вблизи пр. Славского; вблизи ул. Яковлевская","area":"ТАО","district":"Троицк","address":"п. Десеновское (вблизи пр-та Славского)","res_complex":"УГИБДД","state":"Планируемый","fno_name":"Объект государственной инспекции по обеспечению безопасности дорожного движения","fno_codes":"001, 003, 002","job_type":"Новое строительство","fin_source":"Федеральный бюджет","input_fact":null,"input_plan":"2032-05-14","lat":55.48536855409403,"lng":37.33279201088619,"ring_count":1,"geom_source":"polygon","archived":true,"archived_at":"2026-07-15","last_seen":"2026-06-24"},"geometry":{"type":"Polygon","coordinates":[[[37.33279201088619,55.48536855409403],[37.33246190868612,55.48500821169808],[37.330640900866264,55.485544849652335],[37.33097116262393,55.48590553354438],[37.33279201088619,55.48536855409403]]]}},{"type":"Feature","properties":{"id":54890,"uin":"GK9300-04-0001-000","name":"Комплекс восстановления здоровья (бани)","area":"ТАО","district":"Вороново","address":"пос. Кленовское, кв-л 214, з/у 2","res_complex":null,"state":"Планируемый","fno_name":"Баня, душевая, сауна","fno_codes":"004, 006, 001","job_type":"Новое строительство","fin_source":"Внебюджетные источники","input_fact":null,"input_plan":"2030-12-31","lat":55.332137436320224,"lng":37.313197408966836,"ring_count":5,"geom_source":"polygon","archived":true,"archived_at":"2026-07-15","last_seen":"2026-06-24"},"geometry":{"type":"MultiPolygon","coordinates":[[[[37.31319710395292,55.332137740189204],[37.31327872176771,55.33223201368407],[37.313294518305376,55.332228561766456],[37.313351015275195,55.3322930678797],[37.31351367899374,55.332247021035435],[37.313457664650585,55.332182372486905],[37.31349971527913,55.33216939587023],[37.313441762747516,55.33214397587901],[37.313418760036,55.33211757118336],[37.313418094164334,55.33207573068663],[37.313374704377004,55.332087148756074],[37.31331884929283,55.332023379656924],[37.31315638762431,55.33206909231075],[37.313211558032165,55.33213333721952],[37.31319710395292,55.332137740189204]]],[[[37.314297478500016,55.33257916833044],[37.314468917227494,55.332579436480195],[37.31446935848043,55.332485391215734],[37.314297924752886,55.33248512906595],[37.314297478500016,55.33257916833044]]],[[[37.313609851602656,55.332595312019684],[37.31369147044313,55.332689585472956],[37.31370726803229,55.332686132614455],[37.31376376495804,55.332750638668465],[37.313926430704214,55.33270459081998],[37.313870415366615,55.33263994227091],[37.313912471917035,55.33262697273152],[37.31385451343605,55.33260154666161],[37.31383150874563,55.33257514195819],[37.313830842860675,55.33253330046721],[37.313787453046935,55.33254471951569],[37.31373159699147,55.33248095044502],[37.31356913329745,55.332526663102094],[37.31362430575425,55.332590908090665],[37.313609851602656,55.332595312019684]]],[[[37.31499947118732,55.33275393092227],[37.3150962850037,55.332664612418554],[37.315082784904284,55.33265879992551],[37.31514858393997,55.332596830567816],[37.314993970122,55.332543123354185],[37.31492768225023,55.33260434401611],[37.314886304482286,55.33259071708092],[37.31487895276674,55.33263235972746],[37.314851831140366,55.332657461801425],[37.3147900643583,55.332679771903],[37.31482987266555,55.33269487227798],[37.31476453191611,55.332755637597195],[37.31491857953968,55.332810018698986],[37.31498497564516,55.33274932818598],[37.31499947118732,55.33275393092227]]],[[[37.31426556480365,55.33310728910617],[37.31444967265377,55.33310426118618],[37.31445076396737,55.33309463705401],[37.31457718579983,55.33309229794129],[37.314572378762655,55.33298937350254],[37.31444524923146,55.332990844241394],[37.31444213105801,55.33296364370887],[37.314377404870754,55.332983050723364],[37.31432571071699,55.33298394306076],[37.31425873597374,55.33296681992243],[37.314258822732214,55.3329940624102],[37.31413329922501,55.332996784438826],[37.31413890216003,55.33309962051376],[37.31426433574818,55.33309785619618],[37.31426556480365,55.33310728910617]]]]}},{"type":"Feature","properties":{"id":56220,"uin":"GK9302-01-0001-000","name":"Административно-бытовое здание","area":"ТАО","district":"Вороново","address":"поселение Кленовское, к северу от д. Дубовка","res_complex":null,"state":"Планируемый","fno_name":"Административно-управленческий объект иного типа","fno_codes":"001, 004, 007","job_type":"Новое строительство","fin_source":"Внебюджетные источники","input_fact":null,"input_plan":"2030-12-31","lat":55.32960098977965,"lng":37.31244975497552,"ring_count":1,"geom_source":"polygon","archived":true,"archived_at":"2026-07-15","last_seen":"2026-06-24"},"geometry":{"type":"Polygon","coordinates":[[[37.31244975497552,55.32960098977965],[37.31256790162552,55.32972692648221],[37.31304078677714,55.32958258778922],[37.31292254867891,55.32945674813516],[37.31244975497552,55.32960098977965]]]}},{"type":"Feature","properties":{"id":54882,"uin":"GK9400-06-0001-000","name":"Спорт-клуб","area":"ТАО","district":"Вороново","address":"пос. Кленовское, кв-л 214, з/у 2","res_complex":null,"state":"Планируемый","fno_name":"Спортивный комплекс иного типа","fno_codes":"006, 006, 009","job_type":"Новое строительство","fin_source":"Внебюджетные источники","input_fact":null,"input_plan":"2029-12-31","lat":55.32973611198377,"lng":37.31420302632586,"ring_count":1,"geom_source":"polygon","archived":true,"archived_at":"2026-07-15","last_seen":"2026-06-24"},"geometry":{"type":"Polygon","coordinates":[[[37.31420302632586,55.32973611198377],[37.314483419406315,55.33002352415396],[37.31453002168955,55.33000885775907],[37.31461371090284,55.3300945797111],[37.314532249939035,55.330120498083495],[37.31468735079148,55.33027937780879],[37.31490297299012,55.33021102299216],[37.31475399325386,55.33005835622528],[37.3148372329507,55.33003186539312],[37.31469402097949,55.32988516258809],[37.31460764653107,55.32991246930247],[37.31438051168382,55.329679847143446],[37.31420302632586,55.32973611198377]]]}},{"type":"Feature","properties":{"id":56221,"uin":"GK9402-04-0001-000","name":"Квадродома К1, К2, К3, К4, К5, К6, К7, К8","area":"ТАО","district":"Вороново","address":"оселение Кленовское, к северу от д. Дубовка","res_complex":null,"state":"Планируемый","fno_name":"Гостиница","fno_codes":"004, 004, 001","job_type":"Новое строительство","fin_source":"Внебюджетные источники","input_fact":null,"input_plan":"2030-12-31","lat":55.329181273093596,"lng":37.314906614333275,"ring_count":8,"geom_source":"polygon","archived":true,"archived_at":"2026-07-15","last_seen":"2026-06-24"},"geometry":{"type":"MultiPolygon","coordinates":[[[[37.31490752237455,55.32918121045399],[37.31503890567789,55.329063334743296],[37.31487770532674,55.32900451997574],[37.314822799598005,55.328959978371245],[37.31478960601771,55.32897254913055],[37.31474346852797,55.328956666137685],[37.31461257698412,55.329073984329334],[37.31476660313223,55.329130547548615],[37.31482816007474,55.329180477229215],[37.31486523379797,55.32916634053924],[37.31490752237455,55.32918121045399]]],[[[37.31534457874301,55.32933454663576],[37.31547596102113,55.329216670924204],[37.315314758667,55.329157857160055],[37.31525985294268,55.32911331555998],[37.31522665935761,55.32912588631756],[37.31518052185532,55.32911000333102],[37.315049631315794,55.329227322525725],[37.3152036584712,55.329283884739986],[37.31526521541041,55.329333814417055],[37.31530228917648,55.329319677713606],[37.31534457874301,55.32933454663576]]],[[[37.314737949039475,55.32940158658002],[37.314869333344284,55.32928371087062],[37.31470813199233,55.329224896103334],[37.3146532262622,55.32918035449894],[37.31462003267507,55.32919292525574],[37.31457389518068,55.32917704226401],[37.314443002633666,55.32929436045515],[37.3145970287743,55.32935092367161],[37.31465858572746,55.32940085435608],[37.3146956594975,55.32938671667537],[37.314737949039475,55.32940158658002]]],[[[37.31576361824721,55.3294790778759],[37.31589500052208,55.329361201159045],[37.31573379715399,55.32930238839394],[37.315678889422756,55.329257846793624],[37.31564569683182,55.32927041755618],[37.31559955833927,55.329254534578],[37.31546866880545,55.32937185477494],[37.31562269696698,55.3294284159839],[37.31568425491303,55.3294783466611],[37.31572132870578,55.329464208967345],[37.31576361824721,55.3294790778759]]],[[[37.31517500638273,55.32955492376815],[37.3153063906894,55.32943704805645],[37.31514518733623,55.32937823329062],[37.31509028160686,55.32933369168767],[37.31505708800556,55.3293462624465],[37.315010949506615,55.32933037945815],[37.31488005796509,55.32944769865222],[37.31503408611464,55.32950426086411],[37.31509564306309,55.32955419154392],[37.315132716837915,55.32954005386497],[37.31517500638273,55.32955492376815]]],[[[37.31619701560449,55.32963843001296],[37.31632839687815,55.32952055329434],[37.31616719251025,55.32946174053208],[37.316112284766284,55.32941719892774],[37.31607909213808,55.329429770683944],[37.316032952679464,55.32941388771971],[37.31590206414901,55.32953120791676],[37.31605609332449,55.329587769126164],[37.31611765227635,55.329637698804845],[37.31615472605702,55.3296235611067],[37.31619701560449,55.32963843001296]]],[[[37.31559404789004,55.32969945600751],[37.31572543119024,55.329581579291],[37.31556422782451,55.329522765525596],[37.315509320086896,55.329478223921306],[37.31547612748915,55.329490794681405],[37.31542998899523,55.32947491170234],[37.31529909745599,55.32959223189736],[37.315453126619616,55.329648794109644],[37.31551468457372,55.329698723790884],[37.31555175833596,55.32968458610736],[37.31559404789004,55.32969945600751]]],[[[37.316027447263465,55.32985880814052],[37.31615882954447,55.32974093142166],[37.31599762417578,55.3296821186597],[37.3159427164425,55.32963757705982],[37.31590952380454,55.3296501478322],[37.315863384331635,55.3296342658463],[37.315732493798976,55.32975158604095],[37.315886523974406,55.32980814725266],[37.31594808292328,55.32985807692967],[37.315985157702606,55.32984393923102],[37.316027447263465,55.32985880814052]]]]}},{"type":"Feature","properties":{"id":52684,"uin":"GK9501-04-0001-000","name":"Спа центр с фитнесом, гостиница, столовая, дома для проживания спортсменов","area":"ТАО","district":"Вороново","address":"к северу от д. Дубовка","res_complex":null,"state":"Планируемый","fno_name":"Гостиница","fno_codes":"004, 004, 001","job_type":"Новое строительство","fin_source":"Внебюджетные источники","input_fact":null,"input_plan":"2028-12-31","lat":55.33035738228976,"lng":37.31616549939303,"ring_count":1,"geom_source":"polygon","archived":true,"archived_at":"2026-07-15","last_seen":"2026-06-24"},"geometry":{"type":"Polygon","coordinates":[[[37.31616549939303,55.33035738228976],[37.316451284747764,55.3304492100997],[37.316371590149515,55.33053001678922],[37.316555154592855,55.330588948099816],[37.316473314605076,55.33067195662191],[37.3168978860511,55.33080819403944],[37.3170845455935,55.33061923187518],[37.31688595239705,55.33055542923384],[37.31698143339254,55.33045872761014],[37.31713145135019,55.33050680916176],[37.31727113548494,55.33036538660001],[37.317451217205395,55.330423123099294],[37.31759654940357,55.33027593640491],[37.31702599659652,55.3300928266783],[37.31670286323847,55.330420018395714],[37.31658258612037,55.33038141232843],[37.31688940784452,55.3300706220433],[37.31655479186476,55.329963225216645],[37.31616549939303,55.33035738228976]]]}},{"type":"Feature","properties":{"id":49377,"uin":"HG1542-08-0001-000","name":"Здание образовательной организации (общее образование) на 1050 мест","area":"САО","district":"Молжаниновский","address":"Ленинградское шоссе","res_complex":"ЖК 1-Й ЛЕНИНГРАДСКИЙ","state":"Планируемый","fno_name":"Общеобразовательная организация","fno_codes":"008, 001, 003","job_type":"Новое строительство","fin_source":"Внебюджетные источники","input_fact":null,"input_plan":"2026-12-30","lat":55.92979040619438,"lng":37.384563002612474,"ring_count":1,"geom_source":"polygon","archived":true,"archived_at":"2026-07-15","last_seen":"2026-06-24"},"geometry":{"type":"Polygon","coordinates":[[[37.384563002612474,55.92979040619438],[37.384564732193795,55.929802208827],[37.384555387983866,55.929812071672984],[37.38449208838235,55.92982305840955],[37.384425242209986,55.9298722899569],[37.384420164714456,55.92988823918142],[37.38442965628664,55.92990694149386],[37.38442363840155,55.92992780153074],[37.38443220283225,55.9299445855468],[37.38444569857282,55.92995509568937],[37.384552743358626,55.929990471567095],[37.38461329833479,55.93002886675391],[37.3847048753969,55.93004322977306],[37.38475615971273,55.93006108999706],[37.38476078772558,55.93006344520136],[37.38470110782106,55.930114492558914],[37.38496214400587,55.93020764943133],[37.38544313725549,55.929864875185125],[37.38542232787107,55.92985553906488],[37.38550883689914,55.929762399843156],[37.3855471009266,55.92976348708277],[37.38557030819169,55.92952077344045],[37.385529975550476,55.92951945968554],[37.38560530756816,55.92944342263644],[37.38564102934912,55.929459085687505],[37.38623698529033,55.92903428934196],[37.385846471630096,55.92886166651829],[37.38545925607522,55.92913763182312],[37.38549780410618,55.92915476935073],[37.38541444116852,55.9292141799013],[37.38537570719744,55.92919716504195],[37.384550895131575,55.929784980711844],[37.384563002612474,55.92979040619438]]]}},{"type":"Feature","properties":{"id":38016,"uin":"HG1559-08-0001-000","name":"Учебный корпус на 550 мест (в т.ч. дошкольное отделение на 150 мест) с автономным источником тепла. 2 этап","area":"СЗАО","district":"Куркино","address":"Юровская улица, д. 99","res_complex":null,"state":"В строительстве","fno_name":"Общеобразовательная организация","fno_codes":"008, 001, 003","job_type":"Новое строительство","fin_source":"Городской бюджет","input_fact":null,"input_plan":null,"lat":55.9003818448018,"lng":37.38455773053031,"ring_count":1,"geom_source":"polygon","archived":true,"archived_at":"2026-07-15","last_seen":"2026-06-24"},"geometry":{"type":"Polygon","coordinates":[[[37.38435276087528,55.90049661417885],[37.38435362204586,55.90020920733242],[37.3848651827436,55.900209690091586],[37.384864325355124,55.90049709694319],[37.38435276087528,55.90049661417885]]]}},{"type":"Feature","properties":{"id":54731,"uin":"HG1688-10-0001-000","name":"Снос жилого здания по адресу: ул. Центральная, д. 12 (Северо-Западный административный округ) (этап строительства объекта капитального строительства)","area":"СЗАО","district":"Митино","address":"Москва, Центральная улица, д. 12; район Митино Северо-Западного административного округа города Москвы","res_complex":null,"state":"Утверждена проектная документация","fno_name":"Многоэтажный многоквартирный дом","fno_codes":"010, 001, 001","job_type":"Новое строительство","fin_source":"Городской бюджет","input_fact":null,"input_plan":"2030-05-01","lat":55.8521618288127,"lng":37.38780009290499,"ring_count":1,"geom_source":"polygon","archived":true,"archived_at":"2026-07-15","last_seen":"2026-06-24"},"geometry":{"type":"Polygon","coordinates":[[[37.38780009290499,55.8521618288127],[37.387810968817654,55.85206064222026],[37.387932638102704,55.85206968302359],[37.38792707073198,55.852164921660396],[37.38780009290499,55.8521618288127]]]}},{"type":"Feature","properties":{"id":55477,"uin":"HG2386-10-0001-000","name":"Снос жилого здания с инженерной подготовкой и восстановлением благоустройства территории","area":"СЗАО","district":"Северное Тушино","address":"район Северное Тушино, мкр. 5, ул. Героев Панфиловцев, д.33, к.1","res_complex":null,"state":"Планируемый","fno_name":"Многоэтажный многоквартирный дом","fno_codes":"010, 001, 001","job_type":"Новое строительство","fin_source":"Городской бюджет","input_fact":null,"input_plan":"2026-12-30","lat":55.856541853833534,"lng":37.41306839422679,"ring_count":1,"geom_source":"polygon","archived":true,"archived_at":"2026-07-15","last_seen":"2026-06-24"},"geometry":{"type":"Polygon","coordinates":[[[37.41306839422679,55.856541853833534],[37.4128913957423,55.856469854228685],[37.41423238877749,55.85543086344528],[37.414415387200485,55.85550886300929],[37.41306839422679,55.856541853833534]]]}},{"type":"Feature","properties":{"id":54889,"uin":"HG2587-10-0004-000","name":"Снос жилого здания с инженерной подготовкой и восстановлением благоустройства территории","area":"СЗАО","district":"Северное Тушино","address":"район Северное Тушино, мкр. 5, зона № 6.4, ул. Туристская, д. 19, к.3","res_complex":null,"state":"Планируемый","fno_name":"Многоэтажный многоквартирный дом","fno_codes":"010, 001, 001","job_type":"Новое строительство","fin_source":"Городской бюджет","input_fact":null,"input_plan":"2026-12-30","lat":55.85412829597809,"lng":37.41821426021261,"ring_count":1,"geom_source":"polygon","archived":true,"archived_at":"2026-07-15","last_seen":"2026-06-24"},"geometry":{"type":"Polygon","coordinates":[[[37.41821426021261,55.85412829597809],[37.41906487186082,55.85159746410172],[37.419291007158975,55.85162440144107],[37.41842851819522,55.85414853008861],[37.41821426021261,55.85412829597809]]]}},{"type":"Feature","properties":{"id":53428,"uin":"HG2989-01-0001-000","name":"Объект делового управления","area":"СЗАО","district":"Северное Тушино","address":"Яна Райниса бульвар, вл. 4, корп. 1","res_complex":null,"state":"Планируемый","fno_name":"Деловой центр","fno_codes":"001, 005, 002","job_type":"Новое строительство","fin_source":"Внебюджетные источники","input_fact":null,"input_plan":"2028-12-31","lat":55.85052573893674,"lng":37.430281333259614,"ring_count":1,"geom_source":"polygon","archived":true,"archived_at":"2026-07-15","last_seen":"2026-06-24"},"geometry":{"type":"Polygon","coordinates":[[[37.430281333259614,55.85052573893674],[37.43021185966403,55.85071188773547],[37.430233728759674,55.8507143254385],[37.43022457993292,55.850740636291995],[37.430488446414195,55.85076988927357],[37.430472389729424,55.850819548375256],[37.43050757762331,55.850872919508795],[37.43089180287286,55.85091724029871],[37.431309237529874,55.85096220754604],[37.43141868868245,55.85065006875667],[37.430281333259614,55.85052573893674]]]}},{"type":"Feature","properties":{"id":48234,"uin":"HG3280-10-0001-000","name":"К.1 Жилая застройка","area":"СЗАО","district":"Северное Тушино","address":"улица Свободы, 89к3","res_complex":null,"state":"Планируемый","fno_name":"Многоэтажный многоквартирный дом","fno_codes":"010, 001, 001","job_type":"Новое строительство","fin_source":"Городской бюджет","input_fact":null,"input_plan":"2029-02-28","lat":55.86505773075634,"lng":37.44382195262354,"ring_count":1,"geom_source":"polygon","archived":true,"archived_at":"2026-07-15","last_seen":"2026-06-24"},"geometry":{"type":"Polygon","coordinates":[[[37.44382195262354,55.86505773075634],[37.443812407965716,55.865064280021244],[37.44376648432742,55.865194572644576],[37.44377328713184,55.86520379016526],[37.44483832573983,55.86532317203314],[37.444773722474416,55.86551002356456],[37.444786280523175,55.865517075165855],[37.44491337612829,55.86553123835114],[37.44482326334013,55.865787610959956],[37.44385971409575,55.86611212078387],[37.44354556593904,55.86581927832884],[37.44364718734752,55.86578570764132],[37.44365491600535,55.86577672308249],[37.443360902950126,55.865494374970126],[37.44334077583772,55.86549265231943],[37.443003373666045,55.8656080190847],[37.443003956998425,55.86561666273121],[37.4437556199838,55.86632140995782],[37.44377566183393,55.86632308306712],[37.44515539831553,55.86585512645859],[37.445102296294934,55.86580004984681],[37.44530302031582,55.86523037586457],[37.44529863829116,55.865222274579914],[37.44382195262354,55.86505773075634]]]}},{"type":"Feature","properties":{"id":8550,"uin":"HG3795-10-0001-000","name":"Жилой дом, с инженерными сетями и благоустройством территории","area":"СЗАО","district":"Южное Тушино","address":"Досфлота пр. земельный участок 2А (проезд Досфлота, вл. 2)","res_complex":null,"state":"Сдан","fno_name":"Многоэтажный многоквартирный дом","fno_codes":"010, 001, 001","job_type":"Новое строительство","fin_source":"Городской бюджет","input_fact":"2025-06-27 00:00:00","input_plan":"2025-08-02","lat":55.84137932030033,"lng":37.460250557342704,"ring_count":3,"geom_source":"polygon","archived":true,"archived_at":"2026-07-15","last_seen":"2026-06-24"},"geometry":{"type":"MultiPolygon","coordinates":[[[[37.460247857155984,55.84136647576457],[37.46028728646508,55.841363794291475],[37.460289986664634,55.841376638826354],[37.4605806779597,55.84135688498707],[37.460577500379145,55.84134251343548],[37.46060447833989,55.84134063612816],[37.46065539941017,55.841338856450456],[37.46065809982197,55.841351611161635],[37.46078484809068,55.841343030169625],[37.46075101127017,55.8411850333325],[37.460732015108434,55.84118628456339],[37.460717876925806,55.841120175597155],[37.46073687305573,55.84111892436843],[37.46071939867812,55.84103745582891],[37.460694176939406,55.8410391541029],[37.46068178626983,55.84098121893019],[37.46070700797159,55.84097952065873],[37.460689851569796,55.8408993994524],[37.46065169980757,55.84090199165604],[37.46063946821542,55.84084468523965],[37.46067746030303,55.84084209298768],[37.46064775498402,55.84070295875645],[37.460622533458746,55.84070465701588],[37.46061093682929,55.84065085361504],[37.460636158320256,55.840649155357966],[37.460611853881474,55.840535620356015],[37.46056907326739,55.840538480468226],[37.46056208321339,55.84050641397118],[37.460400219143175,55.840517408225466],[37.46040704944779,55.840549474679165],[37.46035006176225,55.8405533180199],[37.460372141794736,55.84065625408804],[37.4603245720997,55.840659471803285],[37.46032631959345,55.84066746597686],[37.4603737296795,55.84066424820847],[37.46037722440854,55.840680506001156],[37.460329654684294,55.84068372371835],[37.460336008624104,55.84071336499414],[37.460383578383976,55.840710147274514],[37.4604156661542,55.84085979078997],[37.46043466216686,55.84085853960782],[37.46044705308174,55.84091584609676],[37.46042805694835,55.84091718709648],[37.46044203569073,55.84098257752033],[37.4603944655098,55.840985885078034],[37.46039621303249,55.84099387925015],[37.46044378312993,55.840990661507455],[37.46045267874674,55.84103224909883],[37.46040510859927,55.841035466844914],[37.460414003998665,55.84107723407011],[37.460461574289454,55.84107392650491],[37.4604750769806,55.84113671211171],[37.46049407321937,55.8411353711048],[37.46050741720002,55.84119734831404],[37.460476289007126,55.84119940387047],[37.460478195618826,55.84120793698752],[37.46050517349116,55.84120605970195],[37.46050993887662,55.841228515189364],[37.46049493348791,55.841229498244154],[37.460497792809655,55.84124288172116],[37.46033656414565,55.841253876099174],[37.460330209930746,55.84122441445737],[37.460185423471,55.841234246444024],[37.46018844165189,55.84124825869057],[37.460087873193714,55.841255141241305],[37.46008485514239,55.84124103917661],[37.46000663522338,55.84124640219239],[37.46001346533156,55.84127846866411],[37.459956476446735,55.84128240163759],[37.459976490378445,55.84137617587673],[37.460033638925886,55.8413723327626],[37.46003824556678,55.84139371042667],[37.460250557342704,55.84137932030033],[37.460247857155984,55.84136647576457]]],[[[37.4587914534683,55.84138206381717],[37.458826253578366,55.8413796506777],[37.45881655172883,55.84134713408143],[37.458784465501886,55.84134927869848],[37.458780176664064,55.841329877041275],[37.4588149767282,55.84132746390494],[37.45881323009625,55.84131893081682],[37.45877843003963,55.841321343952636],[37.45876381878154,55.84125289939283],[37.45873045546706,55.841255223190565],[37.45871663844097,55.84119046134001],[37.45874984198305,55.84118822730703],[37.45872903678376,55.84109094978171],[37.45878442911497,55.84108719646241],[37.45878268250045,55.84107866337352],[37.45872713056088,55.841082416637434],[37.458719666365845,55.84104729614212],[37.45877250451955,55.84104372158542],[37.458766800378,55.841004649803224],[37.45871140816242,55.84100840311466],[37.458704896567696,55.84097804317655],[37.458671533582304,55.84098027714281],[37.458655492869255,55.84090554497686],[37.458677043068256,55.840904115310074],[37.45866734155867,55.8408715088839],[37.45890886356487,55.840855065315964],[37.45891108673588,55.840865754142726],[37.4590015975065,55.840859677476196],[37.4590073151683,55.84088635468525],[37.45906174936864,55.8408826907311],[37.45905603176644,55.84085592370892],[37.459116531936544,55.840851812711186],[37.4591222495797,55.8408785797306],[37.459136456770445,55.84087759657269],[37.459130739021525,55.84085091936959],[37.45918485401807,55.84084716543707],[37.459181995080286,55.840833871744486],[37.45929230005621,55.84082636451108],[37.45929515893535,55.840839748016805],[37.45938487148932,55.84083367079892],[37.459390589409736,55.840860347990315],[37.45944167124438,55.84085695218616],[37.459435953384904,55.84083018518147],[37.459495814998,55.84082607378248],[37.459501532898,55.840852840784414],[37.45951574006981,55.840851857582706],[37.459510022064954,55.84082518039707],[37.459621125144345,55.84081758332124],[37.4596187421621,55.84080689445369],[37.45972665250085,55.84079956566032],[37.459729035512254,55.84081025452577],[37.459818747930804,55.84080417699153],[37.459824466049454,55.84083094397859],[37.45987570752151,55.840827458231765],[37.459869829749,55.840800691193905],[37.459929691176804,55.8407966693995],[37.45993540937058,55.840823436381456],[37.459949616520746,55.84082245312964],[37.45994389831735,55.84079568614832],[37.45998252887985,55.84079309432301],[37.45999539476616,55.840853454749954],[37.46014417062342,55.84084335485861],[37.460093816505406,55.840608829378304],[37.4599332289195,55.840619733625104],[37.45993894699552,55.84064659042337],[37.45982401343112,55.84065436614123],[37.45982703124815,55.84066855802933],[37.459721834997644,55.840675708186176],[37.459718817218366,55.84066151629554],[37.45969982127884,55.84066276736723],[37.45970379192772,55.84068154017812],[37.45959348744094,55.84068904778062],[37.45958951684444,55.84067027496619],[37.459439943315914,55.84068046373458],[37.459443120613805,55.84069465568571],[37.45934558649651,55.84070126920361],[37.4593425688523,55.84068707730381],[37.459265946322326,55.84069226075624],[37.459269440783224,55.84070833894891],[37.45915195281018,55.84071629280765],[37.45914845839708,55.840700214611665],[37.45900367358788,55.840710045208986],[37.45900685053641,55.84072441680265],[37.458899259605126,55.84073165525803],[37.45889624221783,55.840717373531696],[37.458877246224745,55.84071862447638],[37.458881216482936,55.84073739731359],[37.45876580358326,55.840745171879625],[37.45876183328288,55.84072648885443],[37.458390691861,55.84075168943526],[37.458404984895935,55.84081842743701],[37.458430525927504,55.84081663992644],[37.45844323097024,55.84087592267195],[37.45841768990041,55.84087771018508],[37.458451676416814,55.841035887356476],[37.45847705787103,55.84103418959705],[37.45848801611461,55.84108529850532],[37.4584626345299,55.84108708608263],[37.45848868018962,55.841208615696736],[37.45851246544899,55.841207007196445],[37.45852596436234,55.84127042172492],[37.45850217906479,55.84127203022777],[37.45851107296583,55.841313348510205],[37.45853629497696,55.8413116506838],[37.45855042962455,55.84137767008237],[37.45852520757124,55.841379367911635],[37.45854156601024,55.84145544743348],[37.4585701403654,55.84145357112083],[37.45857665154475,55.841484290326314],[37.45877667259411,55.84147070686306],[37.458770001637525,55.841439987613455],[37.458803365107876,55.84143766380507],[37.4587914534683,55.84138206381717]]],[[[37.459672618813904,55.841179737485234],[37.45973519458572,55.841175537062036],[37.45972328131721,55.84112029642445],[37.45966070553792,55.84112458665732],[37.459672618813904,55.841179737485234]]]]}},{"type":"Feature","properties":{"id":27479,"uin":"HG3878-10-0001-000","name":"Жилой дом","area":"САО","district":"Левобережный","address":"г. Москва, САО, район Левобережный, мкр. 1А, корп. 11","res_complex":null,"state":"Сдан","fno_name":"Многоэтажный многоквартирный дом","fno_codes":"010, 001, 001","job_type":"Новое строительство","fin_source":"Смешанное финансирование","input_fact":null,"input_plan":"2008-12-31","lat":55.87003421818197,"lng":37.46265769907983,"ring_count":2,"geom_source":"polygon","archived":true,"archived_at":"2026-07-15","last_seen":"2026-06-24"},"geometry":{"type":"Polygon","coordinates":[[[37.46265769907983,55.87003421818197],[37.462935439050675,55.870034303733696],[37.46296986677425,55.87008927974444],[37.463039986701055,55.87008055498061],[37.4630824688826,55.87009684236391],[37.4631130415145,55.8700898638732],[37.46312858965172,55.87006918090856],[37.46320025619788,55.870059249742106],[37.46318287380423,55.870023359154914],[37.46320023068093,55.87002008873722],[37.46316891973486,55.86997679714342],[37.463169142157255,55.869746966823314],[37.46265798099968,55.869746809371826],[37.46265797198857,55.86975599592622],[37.46251237802634,55.869750151148914],[37.46238009158532,55.86976032733937],[37.46218657378712,55.86980332348572],[37.46220546887238,55.869823590162866],[37.46215200633515,55.869843107777456],[37.46219657095164,55.869878368494874],[37.462183392426276,55.869888782930644],[37.46218384975037,55.86990156180374],[37.46221016786791,55.869919868903075],[37.46223958731527,55.869921992875305],[37.46229223394702,55.86990711419617],[37.46231572990173,55.86992955635605],[37.462375547795716,55.86991340825317],[37.46248733892663,55.869896197612775],[37.462585412037576,55.8698948489369],[37.46264940452489,55.869900881791544],[37.462657839856575,55.86989070051991],[37.46265769907983,55.87003421818197]]]}},{"type":"Feature","properties":{"id":28952,"uin":"HG3978-10-0001-000","name":"Жилой дом","area":"САО","district":"Левобережный","address":"195445, г. Москва, р-н Левобережный, мкр. 1А, корп. 8","res_complex":null,"state":"Сдан","fno_name":"Многоэтажный многоквартирный дом","fno_codes":"010, 001, 001","job_type":"Новое строительство","fin_source":"Смешанное финансирование","input_fact":null,"input_plan":"2008-12-31","lat":55.868538163279304,"lng":37.46327167912701,"ring_count":2,"geom_source":"polygon","archived":true,"archived_at":"2026-07-15","last_seen":"2026-06-24"},"geometry":{"type":"Polygon","coordinates":[[[37.46327167912701,55.868538163279304],[37.46378282441443,55.86853831818043],[37.463782874593974,55.86848560518473],[37.46384374800991,55.86851568386142],[37.46388826788552,55.868546952954944],[37.463917327008936,55.868574096257724],[37.46395484903278,55.868633890129786],[37.464025548307504,55.868625271695066],[37.46404888570658,55.86863825611912],[37.464079821855925,55.86864054100944],[37.464108295204674,55.86862640872606],[37.46411302662226,55.868614162564114],[37.46418544937672,55.868603935510535],[37.46416840084206,55.86856804026743],[37.46418601621463,55.868564773002454],[37.464160701724175,55.86852842213394],[37.46409485827089,55.8684611050734],[37.46401825174954,55.868408144572726],[37.46393328453547,55.8683682147962],[37.463843868305446,55.868336752452656],[37.46382572873082,55.868358183434665],[37.46378300719561,55.8683463087924],[37.46378309801008,55.86825090929617],[37.46327195649716,55.86825075439672],[37.46327188772666,55.86832201387639],[37.463172163645424,55.86834781656778],[37.46319046862755,55.86836833388896],[37.463137979855226,55.86838788141474],[37.46318227251599,55.86842293297881],[37.4631680251264,55.86844102687075],[37.46318206385442,55.86845932831159],[37.46322155256814,55.86846665333338],[37.463271762187645,55.868452096466804],[37.46327167912701,55.868538163279304]]]}},{"type":"Feature","properties":{"id":54055,"uin":"HG4192-99-0001-000","name":"Дворец тенниса в составе Национального теннисного центра им. Хуана Антонио Самаранча (Многофункциональный спортивный комплекс теннисного клуба)","area":"САО","district":"Головинский","address":"Ленинградское шоссе, против владений 60-62","res_complex":null,"state":"Утверждена проектная документация","fno_name":"Спортивный центр","fno_codes":"006, 006, 002","job_type":"Реконструкция","fin_source":"Внебюджетные источники","input_fact":null,"input_plan":"2025-12-31","lat":55.84509806573827,"lng":37.47117300811336,"ring_count":1,"geom_source":"polygon","archived":true,"archived_at":"2026-07-15","last_seen":"2026-06-24"},"geometry":{"type":"Polygon","coordinates":[[[37.47117300811336,55.84509806573827],[37.47118841056428,55.84542865462664],[37.47150062279941,55.84541812259156],[37.471517243806254,55.84577111947342],[37.47241173639494,55.84574523810026],[37.47241367271642,55.845779489090816],[37.47273543491195,55.84577100111441],[37.47270844524086,55.84540101717812],[37.47239050702942,55.84541032417807],[37.472371507825116,55.84506727627497],[37.47117300811336,55.84509806573827]]]}},{"type":"Feature","properties":{"id":54311,"uin":"HG4293-03-0001-000","name":"Стационарная платформа на основаниях гравитационного типа с функцией размещения зоны отдыха с бассейном и инфраструктурой на пляжной зоне, примыкающей к действующей на территории Северного речного вокзала зоне отдыха","area":"САО","district":"Левобережный","address":"Ленинградское шоссе, д. 51","res_complex":null,"state":"Утверждена проектная документация","fno_name":"Место отдыха общего пользования иного типа","fno_codes":"003, 005, 004","job_type":"Новое строительство","fin_source":"Городской бюджет","input_fact":null,"input_plan":"2025-12-30","lat":55.84453544744667,"lng":37.474445419924834,"ring_count":1,"geom_source":"polygon","archived":true,"archived_at":"2026-07-15","last_seen":"2026-06-24"},"geometry":{"type":"Polygon","coordinates":[[[37.474366357128154,55.8445782901932],[37.47437119280271,55.84446846318665],[37.47456401289061,55.84447252259726],[37.47455917956585,55.84457967087895],[37.474366357128154,55.8445782901932]]]}},{"type":"Feature","properties":{"id":51994,"uin":"HG5964-10-0003-000","name":"Жилой дом с подземным гаражом, инженерными сетями и благоустройством территории (со сносом жилого здания по адресу: Клязьменская ул., д.36)","area":"САО","district":"Дмитровский","address":"Клязьменская ул., К.15, зона 6.2","res_complex":null,"state":"Планируемый","fno_name":"Многоэтажный многоквартирный дом","fno_codes":"010, 001, 001","job_type":"Новое строительство","fin_source":"Городской бюджет","input_fact":null,"input_plan":"2028-12-31","lat":55.89670831463835,"lng":37.529888978733815,"ring_count":1,"geom_source":"polygon","archived":true,"archived_at":"2026-07-15","last_seen":"2026-06-24"},"geometry":{"type":"Polygon","coordinates":[[[37.529888978733815,55.89670831463835],[37.52988907307672,55.89684190755437],[37.53068920915402,55.89684171357886],[37.530689096810995,55.89670812766269],[37.529888978733815,55.89670831463835]]]}},{"type":"Feature","properties":{"id":10545,"uin":"HG6277-10-0001-000","name":"Жилой дом с инженерными сетями и благоустройством территории (со сносом здания по адресу: Дмитровское шоссе, д. 93, корп. 2)","area":"САО","district":"Бескудниковский","address":"шоссе Дмитровское, земельный участок 93/2","res_complex":null,"state":"Сдан","fno_name":"Многоэтажный многоквартирный дом","fno_codes":"010, 001, 001","job_type":"Новое строительство","fin_source":"Городской бюджет","input_fact":"2025-06-30 00:00:00","input_plan":"2025-09-30","lat":55.87072482267443,"lng":37.54222794674709,"ring_count":2,"geom_source":"polygon","archived":true,"archived_at":"2026-07-15","last_seen":"2026-06-24"},"geometry":{"type":"MultiPolygon","coordinates":[[[[37.542216756698245,55.87071719213866],[37.542240386545124,55.87070595728433],[37.54226772208993,55.87072445003253],[37.54231593981713,55.87070162071586],[37.54228876419851,55.870683307554955],[37.54237354457084,55.87064349081177],[37.54238489437079,55.87065112127948],[37.54257888297189,55.87056025241138],[37.54256753306411,55.870552532146206],[37.5426516743849,55.87051316450353],[37.542678849958826,55.87053138776955],[37.54272738688097,55.87050873781293],[37.54270021130014,55.87049051455755],[37.54272400061068,55.870479279555674],[37.54273519059381,55.870486820230425],[37.54282795324108,55.87044340784467],[37.542885304524006,55.87044742995472],[37.54288196500993,55.87046135246286],[37.54293947606568,55.87046537449311],[37.54294138459806,55.87045764972679],[37.54297221690078,55.87045979474345],[37.54296681167633,55.87048377727157],[37.543039658971296,55.870488781973194],[37.54304506463861,55.87046524851812],[37.543240123228685,55.87047901303256],[37.54324171378633,55.870472725415496],[37.54326999006818,55.87047469160755],[37.54326442645931,55.870499751986536],[37.54336475142742,55.870506722958076],[37.543368725024436,55.8704884890847],[37.54338901368966,55.87048991911732],[37.543373752587314,55.87055764510767],[37.5433886096956,55.870558717756055],[37.54337938967729,55.87059985633751],[37.543334498825836,55.87059663849395],[37.54332162184638,55.870653496005744],[37.54336651266419,55.870656624038695],[37.543363015133146,55.87067198365837],[37.54334847746562,55.87067091089658],[37.54331716248906,55.87081211131129],[37.54333138072401,55.870813184187014],[37.54332231954298,55.870853604185484],[37.54327774788831,55.870850386211124],[37.543264711880866,55.8709080521068],[37.543309443245136,55.87091118021547],[37.543306105313405,55.870926449962546],[37.54329140790767,55.87092546706439],[37.5432756710562,55.870996695997135],[37.54330410756148,55.870998751941265],[37.54330156412099,55.871010159357446],[37.54336562608522,55.87101471781999],[37.54336816950726,55.8710033104025],[37.54351210908885,55.87101340971088],[37.54352053458638,55.87097613345423],[37.543500085919966,55.87097470349879],[37.54351264453989,55.87091901368016],[37.54353580899998,55.87092062232204],[37.543537398739396,55.870913616179735],[37.54351407444227,55.87091191777831],[37.54351916138142,55.87088928256718],[37.54354280505173,55.870890891041604],[37.543544553841215,55.87088325613713],[37.54355822405631,55.870821638119594],[37.54353458042743,55.87082002964813],[37.5435622391018,55.87069571571814],[37.54358604249672,55.87069741394412],[37.543629756265986,55.8705016912778],[37.54360611272984,55.8704999930047],[37.543611994316976,55.87047376490115],[37.54363563793623,55.87047555298838],[37.543644063396854,55.870438456350485],[37.543620100417144,55.87043675819117],[37.543627731823335,55.870403883148064],[37.54359322520038,55.87040147012602],[37.543601491142454,55.87036455317657],[37.543474807075924,55.87035552577963],[37.54347337639949,55.87036190315973],[37.54341682388377,55.870357881047255],[37.54341428100943,55.87036973754319],[37.54337146734021,55.87036678844037],[37.54337544180345,55.87034936290355],[37.54325594673906,55.87034087168848],[37.543251972223196,55.87035829722149],[37.54308918411631,55.870346677219764],[37.54309220504114,55.87033365296786],[37.542910885763476,55.87032069186104],[37.54290786507023,55.87033398555423],[37.54286744767941,55.870331125272415],[37.54287062802941,55.87031774171038],[37.542745701813075,55.87030907222396],[37.54274029666335,55.870333234373184],[37.54265151746192,55.8703671249215],[37.54263601145235,55.87035671161588],[37.542104180624904,55.87060612844107],[37.54211936691822,55.87061636228994],[37.54206109031811,55.870643775477795],[37.5420698824788,55.87064979015621],[37.542086168120875,55.870642240217265],[37.54212485349223,55.87066854312203],[37.54210888723474,55.87067600314371],[37.54220032505571,55.870737675542664],[37.54222794674709,55.87072482267443],[37.542216756698245,55.87071719213866]]],[[[37.54214045176866,55.870765897641455],[37.54206659803843,55.870715985110344],[37.542074900425874,55.87071203045741],[37.542059394242806,55.87070143744927],[37.542050772467555,55.870705482023354],[37.54200105733284,55.87067199756276],[37.541991317936315,55.870676581398044],[37.54213055252769,55.870770391726076],[37.54214045176866,55.870765897641455]]]]}},{"type":"Feature","properties":{"id":38466,"uin":"HG6650-03-0001-000","name":"Храмовый комплекс","area":"СВАО","district":"Северный","address":"СВАО, Северный, Дмитровское шоссе,  вл.120","res_complex":null,"state":"В строительстве","fno_name":"Храм","fno_codes":"003, 004, 003","job_type":null,"fin_source":null,"input_fact":null,"input_plan":"2099-12-31","lat":55.916337843071844,"lng":37.554769557804235,"ring_count":1,"geom_source":"polygon","archived":true,"archived_at":"2026-07-15","last_seen":"2026-06-24"},"geometry":{"type":"Polygon","coordinates":[[[37.55456500725174,55.91645289515641],[37.55456460976148,55.91616548859263],[37.55507638136142,55.91616526430452],[37.55507678263762,55.91645267086588],[37.55456500725174,55.91645289515641]]]}},{"type":"Feature","properties":{"id":49325,"uin":"HG6680-10-0003-000","name":"Жилой многоквартирный дом","area":"САО","district":"Бескудниковский","address":"Бескудниковский б-р, вл. 21А","res_complex":null,"state":"Планируемый","fno_name":"Многоэтажный многоквартирный дом","fno_codes":"010, 001, 001","job_type":"Новое строительство","fin_source":"Городской бюджет","input_fact":null,"input_plan":"2030-06-30","lat":55.86568460806173,"lng":37.55404323504108,"ring_count":1,"geom_source":"polygon","archived":true,"archived_at":"2026-07-15","last_seen":"2026-06-24"},"geometry":{"type":"Polygon","coordinates":[[[37.55404323504108,55.86568460806173],[37.554682120221955,55.86568433024238],[37.554682244473476,55.865774145986066],[37.55404335781843,55.86577442380635],[37.55404323504108,55.86568460806173]]]}},{"type":"Feature","properties":{"id":57679,"uin":"HG7268-10-0001-000","name":"Жилой многоквартирный дом. Корпус 5","area":"СВАО","district":"Алтуфьевский","address":"КРТ №1 Бескудниково (территория 1, 2)","res_complex":"ЖК БЕСКУДНИКОВО","state":"Планируемый","fno_name":"Многоэтажный многоквартирный дом","fno_codes":"010, 001, 001","job_type":"Новое строительство","fin_source":"Внебюджетные источники","input_fact":null,"input_plan":"2032-12-31","lat":55.88637627956782,"lng":37.573949306280916,"ring_count":2,"geom_source":"polygon","archived":true,"archived_at":"2026-07-15","last_seen":"2026-06-24"},"geometry":{"type":"MultiPolygon","coordinates":[[[[37.5739493042108,55.88637629713616],[37.57396361415279,55.88662670061075],[37.5742090264985,55.886622316082516],[37.57419486556283,55.886371955057335],[37.57453222122127,55.88636584630557],[37.5745225676451,55.886195875363235],[37.57625317167615,55.886164641443855],[37.576258254836326,55.88625193533794],[37.57666334144093,55.88624462720219],[37.57665052571231,55.886018158567474],[37.57446945228496,55.886057427902756],[37.57428035969225,55.88610804617906],[37.5739493042108,55.88637629713616]]],[[[37.57499701434967,55.88688309928847],[37.57460938702177,55.88689006046011],[37.574621770215735,55.88710786257284],[37.576710563406756,55.887070232242706],[37.57667697512776,55.88648088257451],[37.57640616893111,55.88648574994158],[37.57643091174014,55.886919145127536],[37.57500055970055,55.886944958549236],[37.57499701434967,55.88688309928847]]]]}},{"type":"Feature","properties":{"id":57684,"uin":"HG7366-10-0001-000","name":"Жилой многоквартирный дом. Корпус 9","area":"СВАО","district":"Алтуфьевский,Лианозово","address":"КРТ №1 Бескудниково (территория 1, 2)","res_complex":"ЖК БЕСКУДНИКОВО","state":"Планируемый","fno_name":"Многоэтажный многоквартирный дом","fno_codes":"010, 001, 001","job_type":"Новое строительство","fin_source":"Внебюджетные источники","input_fact":null,"input_plan":"2032-12-31","lat":55.88798055374715,"lng":37.577549463991346,"ring_count":2,"geom_source":"polygon","archived":true,"archived_at":"2026-07-15","last_seen":"2026-06-24"},"geometry":{"type":"MultiPolygon","coordinates":[[[[37.57754946795784,55.88798057121227],[37.577794496286955,55.88797662438235],[37.577781284693465,55.887718578237084],[37.579694473939014,55.887687574570855],[37.57969871458019,55.88776835667023],[37.58008786828295,55.88776205268261],[37.58007642607129,55.88753667526793],[37.577528960363544,55.887577864693846],[37.57754946795784,55.88798057121227]]],[[[37.57796310262485,55.88828980140969],[37.57756570950488,55.88829620609415],[37.57757757313704,55.888528485717565],[37.58002061962362,55.88848895525949],[37.58012185221221,55.88842144950047],[37.58010359425772,55.88806831123451],[37.57987264895351,55.88807210358836],[37.579886254389166,55.888337663148405],[37.577967163887145,55.888368761524305],[37.57796310262485,55.88828980140969]]]]}},{"type":"Feature","properties":{"id":57663,"uin":"HG7369-10-0001-000","name":"Жилой многоквартирный дом","area":"СВАО","district":"Алтуфьевский","address":"КРТ №1 Бескудниково (территория 1, 2)","res_complex":"ЖК БЕСКУДНИКОВО","state":"Планируемый","fno_name":"Многоэтажный многоквартирный дом","fno_codes":"010, 001, 001","job_type":"Новое строительство","fin_source":"Внебюджетные источники","input_fact":null,"input_plan":"2032-12-31","lat":55.88394255952895,"lng":37.57692832957049,"ring_count":1,"geom_source":"polygon","archived":true,"archived_at":"2026-07-15","last_seen":"2026-06-24"},"geometry":{"type":"Polygon","coordinates":[[[37.57692832957049,55.88394255952895],[37.57731841467842,55.88396007736374],[37.57735060036569,55.88373328100244],[37.57720824654483,55.88372684126344],[37.57726759996727,55.883308699275744],[37.578988361756785,55.88338585058608],[37.57897793346705,55.88345965449609],[37.579115899531956,55.883465868298174],[37.57903485398965,55.8840370495111],[37.579298141971464,55.884048896403634],[37.579411111181095,55.88325323875487],[37.57704135036659,55.883146927487644],[37.57692832957049,55.88394255952895]]]}},{"type":"Feature","properties":{"id":38011,"uin":"HG7392-10-0002-000","name":"Жилой дом с инженерными сетями и благоустройством территории (со сносом здания)","area":"СВАО","district":"Марфино","address":"Гостиничный проезд, вл. 8А","res_complex":null,"state":"В строительстве","fno_name":"Многоэтажный многоквартирный дом","fno_codes":"010, 001, 001","job_type":"Новое строительство","fin_source":"Городской бюджет","input_fact":null,"input_plan":"2023-12-30","lat":55.846314415235376,"lng":37.577498601672154,"ring_count":1,"geom_source":"polygon","archived":true,"archived_at":"2026-07-15","last_seen":"2026-06-24"},"geometry":{"type":"Polygon","coordinates":[[[37.57729448602158,55.84642950625336],[37.5772939218704,55.846142096524474],[37.57780477288647,55.846141778070184],[37.57780534080688,55.846429187795664],[37.57729448602158,55.84642950625336]]]}},{"type":"Feature","properties":{"id":57746,"uin":"HG7467-06-0001-000","name":"ФОК с катком","area":"СВАО","district":"Алтуфьевский","address":"КРТ №1 Бескудниково (территория 1, 2)","res_complex":"ЖК БЕСКУДНИКОВО","state":"Планируемый","fno_name":"Физкультурно-оздоровительный комплекс","fno_codes":"006, 006, 001","job_type":"Новое строительство","fin_source":"Внебюджетные источники","input_fact":null,"input_plan":"2032-12-31","lat":55.8869945064648,"lng":37.581872701604475,"ring_count":1,"geom_source":"polygon","archived":true,"archived_at":"2026-07-15","last_seen":"2026-06-24"},"geometry":{"type":"Polygon","coordinates":[[[37.581872701604475,55.8869945064648],[37.58213449253441,55.88692409775134],[37.58238442439926,55.886876737123636],[37.58237829605214,55.88633431881582],[37.58100249793499,55.88633917079457],[37.58092640597232,55.88644402493726],[37.580865714226675,55.88655951034636],[37.5808314110551,55.886658005583676],[37.58081014938508,55.886777830801655],[37.580810802077536,55.88689824753912],[37.58082815130993,55.88699819312126],[37.581872701604475,55.8869945064648]]]}},{"type":"Feature","properties":{"id":57664,"uin":"HG7469-10-0001-000","name":"Жилой многоквартирный дом. Корпус 3","area":"СВАО","district":"Алтуфьевский","address":"КРТ №1 Бескудниково (территория 1, 2)","res_complex":"ЖК БЕСКУДНИКОВО","state":"Планируемый","fno_name":"Многоэтажный многоквартирный дом","fno_codes":"010, 001, 001","job_type":"Новое строительство","fin_source":"Внебюджетные источники","input_fact":null,"input_plan":"2032-12-31","lat":55.88328820145003,"lng":37.580192679979554,"ring_count":2,"geom_source":"polygon","archived":true,"archived_at":"2026-07-15","last_seen":"2026-06-24"},"geometry":{"type":"MultiPolygon","coordinates":[[[[37.58019264937564,55.883288205205446],[37.58016149866164,55.88350794335269],[37.58056016942147,55.88352581360622],[37.58057156498912,55.88344618623155],[37.58203110953274,55.88351159988906],[37.58203546504491,55.88388326765061],[37.58227420344025,55.88388237390447],[37.582268761676865,55.88341572095648],[37.582218566623,55.883378994855995],[37.58019264937564,55.883288205205446]]],[[[37.58002109010329,55.88449667242657],[37.5822811669352,55.884488431275585],[37.58227862619694,55.88426005246752],[37.581887950168074,55.88426140894276],[37.58188884576589,55.88434692173388],[37.5803052324488,55.88435275117272],[37.58030451503537,55.884292662700275],[37.58034970050438,55.883974082849825],[37.58009697775672,55.883962706173634],[37.58002109010329,55.88449667242657]]]]}},{"type":"Feature","properties":{"id":49981,"uin":"HG7685-99-0001-000","name":"Детско-взрослая поликлиника на 750 п/см","area":"СВАО","district":"Отрадное","address":"Алтуфьевское шоссе, вл. 20А-20Б","res_complex":null,"state":"Планируемый","fno_name":"Поликлиника","fno_codes":"005, 002, 001","job_type":"Новое строительство","fin_source":"Городской бюджет","input_fact":null,"input_plan":"2016-12-31","lat":55.8574722896707,"lng":37.58684988222663,"ring_count":1,"geom_source":"polygon","archived":true,"archived_at":"2026-07-15","last_seen":"2026-06-24"},"geometry":{"type":"Polygon","coordinates":[[[37.58684988222663,55.8574722896707],[37.58684924731021,55.85718488052962],[37.587360243074215,55.85718452236398],[37.58736088176249,55.8574719315012],[37.58684988222663,55.8574722896707]]]}},{"type":"Feature","properties":{"id":9154,"uin":"HG8174-10-0003-000","name":"Многоквартирный дом - Корпус 11 (Этап 8) в составе жилого комплекса с объектами социальной инфраструктуры","area":"СВАО","district":"Отрадное","address":"улица Римского-Корсакова","res_complex":"ЖК РИМСКОГО-КОРСАКОВА 11","state":"Сдан","fno_name":"Многоэтажный многоквартирный дом","fno_codes":"010, 001, 001","job_type":"Новое строительство","fin_source":"Внебюджетные источники","input_fact":"2025-07-01 00:00:00","input_plan":"2025-06-30","lat":55.87516555381993,"lng":37.59623177308063,"ring_count":1,"geom_source":"polygon","archived":true,"archived_at":"2026-07-15","last_seen":"2026-06-24"},"geometry":{"type":"Polygon","coordinates":[[[37.59623177308063,55.87516555381993],[37.59653164172935,55.87522998806785],[37.59653976078011,55.875218305775235],[37.596571090340206,55.87522501755947],[37.59656297151842,55.8752367896692],[37.59695251459007,55.875320463408165],[37.597075721403435,55.87513929962876],[37.59670424199518,55.87505938445298],[37.59669612324819,55.875071156571785],[37.596646891216466,55.875060596697594],[37.59665500997615,55.87504882458204],[37.596354982760765,55.87498439075618],[37.59623177308063,55.87516555381993]]]}},{"type":"Feature","properties":{"id":36822,"uin":"HG8187-99-0001-000","name":"Стационарный снегосплавный пункт","area":"СВАО","district":"Отрадное","address":"Берёзовая аллея, земельный участок 10/1 (Березовая аллея, вл. 10)","res_complex":null,"state":"Сдан","fno_name":"Снегоприемный, снегоплавильный пункт","fno_codes":"011, 002, 003","job_type":"Новое строительство","fin_source":"Городской бюджет","input_fact":"2025-07-08 00:00:00","input_plan":"2026-12-31","lat":55.8483407682663,"lng":37.60941597786153,"ring_count":2,"geom_source":"polygon","archived":true,"archived_at":"2026-07-15","last_seen":"2026-06-24"},"geometry":{"type":"MultiPolygon","coordinates":[[[[37.60946143844552,55.8483116015698],[37.60948799318918,55.84832468172842],[37.60957539131218,55.848268596311904],[37.60954886456888,55.848255499153446],[37.60957811694501,55.84823671334874],[37.609537477337646,55.848216679105946],[37.609375351254435,55.848320721023605],[37.60941597786153,55.8483407682663],[37.60946143844552,55.8483116015698]]],[[[37.60862686518554,55.84887330756574],[37.60899389079215,55.84905432107045],[37.60963072022189,55.8486456090363],[37.60926368508059,55.84846464205985],[37.60862686518554,55.84887330756574]]]]}},{"type":"Feature","properties":{"id":33189,"uin":"HG8672-10-0003-000","name":"Снос зданий жилых домов и перекладка инженерных сетей по адресу: Ясный проезд,дом 32 и улица Молодцова , дом 33,корпус 3 (для строительства жилого дома,район Южное Медведково, микрорайон 1-2-3,корпус 18)( 1-ый этап строительства жилого дома)","area":"СВАО","district":"Южное Медведково","address":"Ясный проезд, д.32 , ул.Молодцова, д.33,корп.3  г. Москва","res_complex":null,"state":"Сдан","fno_name":"Среднеэтажный многоквартирный дом","fno_codes":"010, 002, 001","job_type":"Новое строительство","fin_source":"Городской бюджет","input_fact":null,"input_plan":null,"lat":55.87849455908987,"lng":37.61982400192028,"ring_count":1,"geom_source":"polygon","archived":true,"archived_at":"2026-07-15","last_seen":"2026-06-24"},"geometry":{"type":"Polygon","coordinates":[[[37.61982400192028,55.87849455908987],[37.6198231229182,55.878207151234236],[37.620334394223185,55.878206656051894],[37.62033527700213,55.87849406390221],[37.61982400192028,55.87849455908987]]]}},{"type":"Feature","properties":{"id":50978,"uin":"HG8870-05-0001-000","name":"Поликлиника","area":"СВАО","district":"Южное Медведково","address":"Вилюйской ул., Чермянской ул., ул. Молодцова, Полярным пр. (участок 9)","res_complex":null,"state":"Планируемый","fno_name":"Поликлиника","fno_codes":"005, 002, 001","job_type":"Новое строительство","fin_source":"Городской бюджет","input_fact":null,"input_plan":"2031-12-31","lat":55.882326167617045,"lng":37.62922869919205,"ring_count":3,"geom_source":"polygon","archived":true,"archived_at":"2026-07-15","last_seen":"2026-06-24"},"geometry":{"type":"MultiPolygon","coordinates":[[[[37.62902703394208,55.8819855155621],[37.62872118976847,55.88204271560499],[37.628922843018394,55.88238336965991],[37.62922869919205,55.882326167617045],[37.62902703394208,55.8819855155621]]],[[[37.62918447855806,55.88255893819439],[37.62926055814811,55.882529719690545],[37.62928782764125,55.88250508287721],[37.62930125519405,55.88247736297885],[37.629296973917576,55.88244095297458],[37.629228708191995,55.882326170617134],[37.628922847018295,55.88238337465992],[37.628843831000864,55.88238378116323],[37.628844418404434,55.882564643054344],[37.62912797844036,55.882564521835945],[37.62918447855806,55.88255893819439]]],[[[37.62805281528238,55.8825660790801],[37.62884440940423,55.882564652054285],[37.62884382600081,55.882383784163196],[37.62805221987903,55.88238520618895],[37.62805281528238,55.8825660790801]]]]}},{"type":"Feature","properties":{"id":48317,"uin":"HG9499-04-0002-000","name":"Гостиница на 300 номеров","area":"СВАО","district":"Ростокино","address":"Сельскохозяйственная, влд.4 проезд Русанова, влд.2-6","res_complex":null,"state":"Планируемый","fno_name":"Гостиница","fno_codes":"004, 004, 001","job_type":"Новое строительство","fin_source":"Внебюджетные источники","input_fact":null,"input_plan":"2030-12-31","lat":55.833832131246226,"lng":37.65051099671484,"ring_count":3,"geom_source":"polygon","archived":true,"archived_at":"2026-07-15","last_seen":"2026-06-24"},"geometry":{"type":"Polygon","coordinates":[[[37.65023323971435,55.83357178803195],[37.65051105471442,55.83383215324657],[37.650635443791586,55.83387952099863],[37.65019713887852,55.83346872849808],[37.64963251402202,55.833659536835526],[37.64977207144677,55.833790349631684],[37.65039724496615,55.83422221629278],[37.6505631090997,55.834166135368726],[37.65023271255139,55.834040300371115],[37.65056312809961,55.83416613936885],[37.65078673351667,55.83398018663044],[37.65056317010021,55.83416610936913],[37.65092230055281,55.83404477069872],[37.65071671034591,55.83385209652577],[37.6506354847911,55.8338795449989],[37.65060000220132,55.833909058757975],[37.65070512963616,55.833949102875714],[37.65052208274724,55.833879387411216],[37.6505999872014,55.833909054757896],[37.6506354777911,55.83387954499884],[37.65032479801226,55.83376121875594],[37.65051101971494,55.83383212824636],[37.65023323971435,55.83357178803195]]]}},{"type":"Feature","properties":{"id":37274,"uin":"HH0190-05-0002-000","name":"Международный медицинский кластер. Операционно-реанимационный корпус","area":"ЗАО","district":"Можайский","address":"Территория инновационного центра Сколково, Большая бульвар, 69","res_complex":"СКОЛКОВО","state":"В строительстве","fno_name":"Больница","fno_codes":"005, 001, 001","job_type":"Новое строительство","fin_source":"Внебюджетные источники","input_fact":null,"input_plan":"2028-01-17","lat":55.68241339963647,"lng":37.338503827423246,"ring_count":1,"geom_source":"polygon","archived":true,"archived_at":"2026-07-15","last_seen":"2026-06-24"},"geometry":{"type":"Polygon","coordinates":[[[37.33842265614803,55.68247425015128],[37.33835569664844,55.68235986554421],[37.338608804734704,55.68230305253017],[37.338709323313,55.68245557944343],[37.33842265614803,55.68247425015128]]]}},{"type":"Feature","properties":{"id":37134,"uin":"HH0191-05-0001-000","name":"Амбулаторно-стационарный комплекс ГБУЗ \"МГОБ № 62 ДЗМ\"","area":"ЗАО","district":"Можайский","address":"территория инновационного центра \"Сколково\"","res_complex":"СКОЛКОВО","state":"В строительстве","fno_name":"Стационарный лечебно-профилактический объект иного типа","fno_codes":"005, 001, 010","job_type":"Новое строительство","fin_source":"Внебюджетные источники","input_fact":null,"input_plan":"2025-08-01","lat":55.68160356425855,"lng":37.3411177158947,"ring_count":1,"geom_source":"polygon","archived":true,"archived_at":"2026-07-15","last_seen":"2026-06-24"},"geometry":{"type":"Polygon","coordinates":[[[37.340260001116405,55.68213582611949],[37.339756365948354,55.68162321621716],[37.342383196646814,55.680799180033674],[37.342928951798896,55.68132373923954],[37.340260001116405,55.68213582611949]]]}},{"type":"Feature","properties":{"id":7390,"uin":"HH0291-05-0001-000","name":"Международный медицинский кластер. Многофункциональный медицинский центр","area":"ЗАО","district":"Можайский","address":"территория инновационного центра \"Сколково\", б-р Большой 65, 67,69","res_complex":null,"state":"В строительстве","fno_name":"Центр (медицинский, мануальной терапии, консультативно-диагностический и иной)","fno_codes":"005, 002, 002","job_type":"Новое строительство","fin_source":"Городской бюджет","input_fact":null,"input_plan":"2024-06-30","lat":55.68182125998283,"lng":37.3409788043411,"ring_count":1,"geom_source":"polygon","archived":true,"archived_at":"2026-07-15","last_seen":"2026-06-24"},"geometry":{"type":"Polygon","coordinates":[[[37.3409788043411,55.68182125998283],[37.34128466745766,55.68174426995076],[37.340980406693554,55.68142836999898],[37.340706081037006,55.68152325902117],[37.3409788043411,55.68182125998283]]]}},{"type":"Feature","properties":{"id":34579,"uin":"HH0483-01-0003-000","name":"Технопарк, этап 1","area":"ЗАО","district":"Можайский","address":"Москва территория инновационного центра \"Сколково\"","res_complex":null,"state":"Сдан","fno_name":"Объект технологических парков","fno_codes":"001, 008, 001","job_type":"Новое строительство","fin_source":"Внебюджетные источники","input_fact":null,"input_plan":"2099-12-31","lat":55.69367593765736,"lng":37.347153773569836,"ring_count":1,"geom_source":"polygon","archived":true,"archived_at":"2026-07-15","last_seen":"2026-06-24"},"geometry":{"type":"Polygon","coordinates":[[[37.347153773569836,55.69367593765736],[37.34715490098621,55.693388521508375],[37.34766375702693,55.69338915724479],[37.34766263334358,55.6936765734006],[37.347153773569836,55.69367593765736]]]}},{"type":"Feature","properties":{"id":36366,"uin":"HH0486-01-0001-000","name":"Комплекс зданий и сооружений высшего образования с научно-исследовательскими и административными помещениями \"Сколковский институт науки и технологий\". \"Восточное кольцо\". Реконструкция\". СколТех. Восточное кольцо. Лаборатория группы 2.2 (реконструкция). Центр фотоники и квантовых материалов. Лаборатория гибридной фотоники. ","area":"ЗАО","district":"Можайский","address":"территория инновационного центра \"Сколково\", Большой бульвар, 30, стр.1","res_complex":"СКОЛКОВО","state":"В строительстве","fno_name":"Здание лабораторное","fno_codes":"001, 007, 002","job_type":"Реконструкция","fin_source":"Внебюджетные источники","input_fact":null,"input_plan":"2025-04-30","lat":55.698415216798985,"lng":37.35857179755193,"ring_count":1,"geom_source":"polygon","archived":true,"archived_at":"2026-07-15","last_seen":"2026-06-24"},"geometry":{"type":"Polygon","coordinates":[[[37.35845496109728,55.69845687068255],[37.35852648984308,55.69835248038931],[37.358754137519824,55.69836078036186],[37.35866843785667,55.69844908158467],[37.35845496109728,55.69845687068255]]]}},{"type":"Feature","properties":{"id":38215,"uin":"HH0486-01-0002-000","name":"Квартал 1, входящий в состав среднеэтажной смешанной застройки района D2 \"Технопарк\" инновационного центра \"Сколково\"","area":"ЗАО","district":"Можайский","address":"Москва, территория инновационного центра \"Сколково\"","res_complex":null,"state":"В строительстве","fno_name":"Объект инновационных парков","fno_codes":"001, 008, 004","job_type":"Новое строительство","fin_source":"Внебюджетные источники","input_fact":null,"input_plan":"2023-12-31","lat":55.68976783659273,"lng":37.348349824713445,"ring_count":2,"geom_source":"polygon","archived":true,"archived_at":"2026-07-15","last_seen":"2026-06-24"},"geometry":{"type":"MultiPolygon","coordinates":[[[[37.347478211529825,55.689370710292586],[37.34747933638479,55.68908329393612],[37.34697053626643,55.689082657467836],[37.34696940767945,55.689370073817486],[37.347478211529825,55.689370710292586]]],[[[37.34995939561162,55.69049516439565],[37.34996953002992,55.690326412206865],[37.34968027078438,55.69032069888955],[37.34967249885067,55.69049137935384],[37.34995939561162,55.69049516439565]]]]}},{"type":"Feature","properties":{"id":37148,"uin":"HH0587-01-0001-000","name":"Квартал 7, входящий в состав среднеэтажной смешанной застройки района D2 «Технопарк» инновационного центра «Сколово»","area":"ЗАО","district":"Можайский","address":"Москва, территория инновационного центра \"Сколково\"","res_complex":"СКОЛКОВО","state":"Сдан","fno_name":"Объект технологических парков","fno_codes":"001, 008, 001","job_type":"Новое строительство","fin_source":"Внебюджетные источники","input_fact":null,"input_plan":"2018-12-31","lat":55.688446710131416,"lng":37.351578324140945,"ring_count":1,"geom_source":"polygon","archived":true,"archived_at":"2026-07-15","last_seen":"2026-06-24"},"geometry":{"type":"Polygon","coordinates":[[[37.351578324140945,55.688446710131416],[37.351579418883915,55.688159293677],[37.352088207121035,55.68815991104201],[37.35208711610989,55.68844732750303],[37.351578324140945,55.688446710131416]]]}},{"type":"Feature","properties":{"id":53175,"uin":"HH0727-99-0001-000","name":"Жилой дом","area":"ЗАО","district":"Кунцево","address":"пос. Рублево корп. Н-2 (3-я Новорублевская ул.вл.4) ЗАО","res_complex":null,"state":"Планируемый","fno_name":"Многоэтажный многоквартирный дом","fno_codes":"010, 001, 001","job_type":"Новое строительство","fin_source":"Внебюджетные источники","input_fact":null,"input_plan":"2019-12-31","lat":55.78743264998486,"lng":37.35659449040815,"ring_count":1,"geom_source":"polygon","archived":true,"archived_at":"2026-07-15","last_seen":"2026-06-24"},"geometry":{"type":"Polygon","coordinates":[[[37.35659449040815,55.78743264998486],[37.35659555228898,55.78714523813281],[37.357105629895386,55.78714583540421],[37.357104571769746,55.78743324726266],[37.35659449040815,55.78743264998486]]]}},{"type":"Feature","properties":{"id":9900,"uin":"HH0780-01-0002-000","name":"Комплекс зданий и сооружений высшего образования с научно-исследовательским и административными помещениями \"Сколковский институт науки и технологий\". \"Восточное кольцо\". Центр предпринимательства и инноваций (CEI)","area":"ЗАО","district":"Можайский","address":"Москва, территория инновационного центра \"Сколково\", Большой бульвар, 30, стр. 1","res_complex":"СКОЛКОВО","state":"В строительстве","fno_name":"Объект технологических парков","fno_codes":"001, 008, 001","job_type":"Реконструкция","fin_source":"Внебюджетные источники","input_fact":null,"input_plan":"2020-12-31","lat":55.699086716782475,"lng":37.35938422547716,"ring_count":1,"geom_source":"polygon","archived":true,"archived_at":"2026-07-15","last_seen":"2026-06-24"},"geometry":{"type":"Polygon","coordinates":[[[37.35938422547716,55.699086716782475],[37.35938526337949,55.69879930073062],[37.35989418998788,55.698799885825764],[37.35989315581985,55.699087301883885],[37.35938422547716,55.699086716782475]]]}},{"type":"Feature","properties":{"id":10489,"uin":"HH0780-01-0004-000","name":"Комплекс зданий и сооружений высшего образования с научно-исследовательскими и административными помещениями \"Сколковский институт науки и технологий\". \"Восточное кольцо\". Центр научных и инженерных вычислительных технологий для задач с большими массивами данных CDISE. 1 этап","area":"ЗАО","district":"Можайский","address":"территория инновационного центра \"Сколково\", Большой бульвар, вл. 30, стр. 1","res_complex":"СКОЛКОВО","state":"В строительстве","fno_name":"Центр информационно-вычислительный","fno_codes":"001, 007, 006","job_type":"Новое строительство","fin_source":"Городской бюджет","input_fact":null,"input_plan":"2023-12-31","lat":55.699098249392755,"lng":37.35908701355234,"ring_count":1,"geom_source":"polygon","archived":true,"archived_at":"2026-07-15","last_seen":"2026-06-24"},"geometry":{"type":"Polygon","coordinates":[[[37.35908701355234,55.699098249392755],[37.35908805363595,55.698810833345135],[37.35959698038767,55.69881141967195],[37.35959594403836,55.69909883572586],[37.35908701355234,55.699098249392755]]]}},{"type":"Feature","properties":{"id":34566,"uin":"HH0780-01-0005-000","name":"Комплекс зданий и сооружений высшего образования с научно-исследовательскими и административными помещениями \"Сколковский институт науки и технологий\". \"Восточное кольцо\". Лаборатории группы 2.2. (реконструкция), Центр энергетических наук и технологий. Лабораторная часть. Помещения зон G4 (C4-L1) и G10 (C5-L1)","area":"ЗАО","district":"Можайский","address":"территория инновационного центра Сколково, Большой бульвар, 30, стр.1","res_complex":"СКОЛКОВО","state":"В строительстве","fno_name":"Научная и опытная лаборатория","fno_codes":"001, 007, 005","job_type":"Реконструкция","fin_source":"Внебюджетные источники","input_fact":null,"input_plan":"2024-08-31","lat":55.698797016537924,"lng":37.35840563000225,"ring_count":1,"geom_source":"polygon","archived":true,"archived_at":"2026-07-15","last_seen":"2026-06-24"},"geometry":{"type":"Polygon","coordinates":[[[37.358288854718175,55.69885572272585],[37.358275867700286,55.69870815480057],[37.35858045204802,55.698710510272335],[37.35859412066395,55.69885497171426],[37.358288854718175,55.69885572272585]]]}},{"type":"Feature","properties":{"id":34568,"uin":"HH0780-01-0006-000","name":"Комплекс зданий и сооружений высшего образования с научно-исследовательскими и административными помещениями \"Сколковский институт науки и технологий\". \"Восточное кольцо\". Лаборатории группы 2.2. (реконструкция), Центр коллективного пользования \"Визуализация высокого разрешения\". Лаборатория визуализации высокого разрешения","area":"ЗАО","district":"Можайский","address":"территория инновационного центра Сколково, Большой бульвар, 30, стр.1","res_complex":"СКОЛКОВО","state":"В строительстве","fno_name":"Научная и опытная лаборатория","fno_codes":"001, 007, 005","job_type":"Реконструкция","fin_source":"Внебюджетные источники","input_fact":null,"input_plan":"2023-12-16","lat":55.69923526423024,"lng":37.35923084877317,"ring_count":1,"geom_source":"polygon","archived":true,"archived_at":"2026-07-15","last_seen":"2026-06-24"},"geometry":{"type":"Polygon","coordinates":[[[37.358816309687825,55.699487664244025],[37.35870441201564,55.698951774888044],[37.35980525267756,55.69884589194745],[37.360011955908426,55.69940331943909],[37.358816309687825,55.699487664244025]]]}},{"type":"Feature","properties":{"id":37157,"uin":"HH0780-01-0007-000","name":"Комплекс зданий и сооружений высшего образования с научно-исследовательскими и административными помещениями \"Сколковский институт науки и технологий\". \"Восточное кольцо\". Лаборатории группы 2.2. Центр энергетических наук и технологий. Лаборатория катодных материалов","area":"ЗАО","district":"Можайский","address":"территория инновационного центра Сколково, Большой бульвар, 30, стр.1","res_complex":null,"state":"В строительстве","fno_name":"Научная и опытная лаборатория","fno_codes":"001, 007, 005","job_type":"Реконструкция","fin_source":"Внебюджетные источники","input_fact":null,"input_plan":"2022-07-31","lat":55.69940715729478,"lng":37.35920492955553,"ring_count":1,"geom_source":"polygon","archived":true,"archived_at":"2026-07-15","last_seen":"2026-06-24"},"geometry":{"type":"Polygon","coordinates":[[[37.359113704974256,55.699448960230356],[37.35911422188983,55.69930609173983],[37.359316605450694,55.69930632511073],[37.35936641072772,55.69952544890146],[37.359113704974256,55.699448960230356]]]}},{"type":"Feature","properties":{"id":9748,"uin":"HH0781-02-0001-000","name":"Комплекс зданий и сооружений высшего образования с научно-исследовательскими и административными помещениями \"Сколковский институт науки и технологий\". \"Восточное кольцо\". \"СколТех. Восточное кольцо. Лаборатории группы 2.1\"","area":"ЗАО","district":"Можайский","address":"территория инновационного центра \"Сколково\", Большой бульвар, 30, стр. 1","res_complex":"СКОЛКОВО","state":"В строительстве","fno_name":"Профессиональная образовательная организация","fno_codes":"002, 001, 001","job_type":"Реконструкция","fin_source":"Внебюджетные источники","input_fact":null,"input_plan":"2022-10-31","lat":55.69838667710364,"lng":37.360608047886736,"ring_count":1,"geom_source":"polygon","archived":true,"archived_at":"2026-07-15","last_seen":"2026-06-24"},"geometry":{"type":"Polygon","coordinates":[[[37.360482616272144,55.698444931659786],[37.36078143325966,55.69844795158634],[37.360772502249205,55.69829257101048],[37.36052107106948,55.698302999208074],[37.360482616272144,55.698444931659786]]]}},{"type":"Feature","properties":{"id":36365,"uin":"HH0881-08-0001-000","name":"Дошкольная образовательная организация на 150 мест","area":"ЗАО","district":"Можайский","address":"территория инновационного центра Сколково, Большой бульвар, 37","res_complex":"СКОЛКОВО","state":"В строительстве","fno_name":"Дошкольная образовательная организация","fno_codes":"008, 001, 001","job_type":"Новое строительство","fin_source":"Внебюджетные источники","input_fact":null,"input_plan":"2025-03-31","lat":55.69727038950881,"lng":37.36570975772145,"ring_count":1,"geom_source":"polygon","archived":true,"archived_at":"2026-07-15","last_seen":"2026-06-24"},"geometry":{"type":"Polygon","coordinates":[[[37.36548320435462,55.69727955634754],[37.36558135665493,55.69715952444887],[37.36604383563945,55.697257443854724],[37.36595718841826,55.69737586535511],[37.36548320435462,55.69727955634754]]]}},{"type":"Feature","properties":{"id":54687,"uin":"HH1566-10-0002-000","name":"Снос существующих зданий, отключение и перекладка инженерных коммуникаций сносимых зданий (этап строительства объекта капитального строительства)","area":"ЗАО","district":"Можайский","address":"ул. Горбунова, д. 11, к.2, ул. Горбунова, д. 9, к.2, ул. Горбунова, д. 9, к.3","res_complex":null,"state":"Утверждена проектная документация","fno_name":"Многоэтажный многоквартирный дом","fno_codes":"010, 001, 001","job_type":"Новое строительство","fin_source":"Городской бюджет","input_fact":null,"input_plan":"2026-12-30","lat":55.7212702591985,"lng":37.387372179899764,"ring_count":3,"geom_source":"polygon","archived":true,"archived_at":"2026-07-15","last_seen":"2026-06-24"},"geometry":{"type":"MultiPolygon","coordinates":[[[[37.386534717465544,55.72138512295513],[37.386584376018845,55.721496381204354],[37.387418891420644,55.721383355648804],[37.387372179899764,55.7212702591985],[37.386534717465544,55.72138512295513]]],[[[37.3873572665967,55.72162243789417],[37.38755548722289,55.72207714236989],[37.38773847013066,55.72205173092797],[37.38754024750641,55.721597026744746],[37.3873572665967,55.72162243789417]]],[[[37.38662928904514,55.72171670261745],[37.3868169955377,55.72218469829828],[37.38701810504592,55.72215924187851],[37.38682730537224,55.72169279455774],[37.38662928904514,55.72171670261745]]]]}},{"type":"Feature","properties":{"id":10330,"uin":"HH1584-01-0001-000","name":"Комплекс зданий и сооружений высшего образования с научно-исследовательскими и административными помещениями \"Сколковский институт науки и технологий\". \"Восточное кольцо\". \"СколТех. Восточное кольцо. Лаборатории группы 2.2","area":"ЗАО","district":"Можайский","address":"территория инновационного центра Сколково","res_complex":"СКОЛКОВО","state":"В строительстве","fno_name":"Здание лабораторное","fno_codes":"001, 007, 002","job_type":"Реконструкция","fin_source":"Внебюджетные источники","input_fact":null,"input_plan":"2022-07-31","lat":55.699975951876525,"lng":37.35944411363598,"ring_count":1,"geom_source":"polygon","archived":true,"archived_at":"2026-07-15","last_seen":"2026-06-24"},"geometry":{"type":"Polygon","coordinates":[[[37.35939884516015,55.70000141241155],[37.35951569649945,55.699997148188665],[37.359508113794504,55.69993995591898],[37.359399067528294,55.699939830389],[37.35939884516015,55.70000141241155]]]}},{"type":"Feature","properties":{"id":49346,"uin":"HH1659-08-0001-000","name":"Образовательный комплекс","area":"ЗАО","district":"Кунцево","address":"Молодогвардейская ул., з/у 64/9, Молодогвардейская ул., д. 62, корп. 2","res_complex":"МОЛОДОГВАРДЕЙСКАЯ УЛИЦА 62","state":"Планируемый","fno_name":"Общеобразовательная организация","fno_codes":"008, 001, 003","job_type":"Новое строительство","fin_source":"Внебюджетные источники","input_fact":null,"input_plan":"2030-10-26","lat":55.73390049704496,"lng":37.38728183699826,"ring_count":2,"geom_source":"polygon","archived":true,"archived_at":"2026-07-15","last_seen":"2026-06-24"},"geometry":{"type":"MultiPolygon","coordinates":[[[[37.38771613699676,55.73390555887411],[37.38771112527279,55.73404247818483],[37.387948723475,55.734045246776326],[37.387963665886524,55.733636955288844],[37.38772607016302,55.73363418672716],[37.387719007765995,55.73382713002355],[37.38728470864203,55.73382206820491],[37.38728411499297,55.73383828166525],[37.38729177314042,55.73362912493379],[37.3870541775138,55.73362635507291],[37.387039225614124,55.73403464644636],[37.387276823719425,55.734037416337],[37.38728183699826,55.73390049704496],[37.38771613699676,55.73390555887411]]],[[[37.38747436623706,55.734340412009004],[37.38842736956225,55.73439074451599],[37.38845631999635,55.73421622167646],[37.38750332088502,55.734165889394404],[37.38747436623706,55.734340412009004]]]]}},{"type":"Feature","properties":{"id":47972,"uin":"HH2453-99-0001-000","name":"Жилой дом","area":"ЗАО","district":"Кунцево","address":"Кунцево кварт. 7 корп.14 (Ярцевская ул. вл.31 корп.3) ЗАО Кунцево","res_complex":null,"state":"Планируемый","fno_name":"Многоэтажный многоквартирный дом","fno_codes":"010, 001, 001","job_type":"Новое строительство","fin_source":"Внебюджетные источники","input_fact":null,"input_plan":"2019-12-31","lat":55.74385857658476,"lng":37.41638486610864,"ring_count":1,"geom_source":"polygon","archived":true,"archived_at":"2026-07-15","last_seen":"2026-06-24"},"geometry":{"type":"Polygon","coordinates":[[[37.41638486610864,55.74385857658476],[37.41638548680115,55.74357116208015],[37.41689499693535,55.743571511153235],[37.41689437998773,55.7438589256616],[37.41638486610864,55.74385857658476]]]}},{"type":"Feature","properties":{"id":7646,"uin":"HH2612-04-0001-000","name":"Гостиничный комплекс для спортсменов с фитнес-центром и подземной автостоянкой (1 этап строительства), входящего в состав многофункционального комплекса спортивной направленности с соответствующей инфраструктурой","area":"СЗАО","district":"Покровское-Стрешнево","address":"Волоколамское шоссе, вл. 67","res_complex":null,"state":"В строительстве","fno_name":"Гостиница","fno_codes":"004, 004, 001","job_type":"Новое строительство","fin_source":"Внебюджетные источники","input_fact":null,"input_plan":"2016-12-31","lat":55.814007384108734,"lng":37.43594306828669,"ring_count":5,"geom_source":"polygon","archived":true,"archived_at":"2026-07-15","last_seen":"2026-06-24"},"geometry":{"type":"MultiPolygon","coordinates":[[[[37.43605947080937,55.813002626541646],[37.43587746499584,55.81267306679271],[37.43575073537912,55.81267515545688],[37.435746222827355,55.81258820198489],[37.43572006341922,55.81254084602079],[37.43574690807385,55.81305735737873],[37.43605947080937,55.813002626541646]]],[[[37.43632903578925,55.813205043165375],[37.43628292507356,55.81321312042168],[37.436375910497986,55.81338149370318],[37.43642202139349,55.813373416412276],[37.43632903578925,55.813205043165375]]],[[[37.43602746011776,55.81309745562268],[37.43577495223821,55.81314167370216],[37.43581740590036,55.81395987689694],[37.43586711711849,55.81399337763659],[37.43594306828669,55.814007384108734],[37.43647823433158,55.81391366335738],[37.43602746011776,55.81309745562268]]],[[[37.43651376303531,55.813532474993245],[37.4365412440222,55.81358223854493],[37.43657800525796,55.813575799949795],[37.436550524228664,55.81352603640627],[37.43651376303531,55.813532474993245]]],[[[37.43658910218502,55.8137241192456],[37.43667477448735,55.81387924956168],[37.436702584942495,55.81387437804875],[37.43661691254026,55.81371924775187],[37.43658910218502,55.8137241192456]]]]}},{"type":"Feature","properties":{"id":52602,"uin":"HH2753-04-0001-000","name":"Торговый павильон","area":"ЗАО","district":"Кунцево","address":"Рублевское шоссе, вл 99, корпус 1","res_complex":null,"state":"Планируемый","fno_name":"Торговый центр, торговый комплекс","fno_codes":"004, 001, 001","job_type":"Новое строительство","fin_source":"Внебюджетные источники","input_fact":null,"input_plan":"2028-12-31","lat":55.74240547653927,"lng":37.42422776143871,"ring_count":1,"geom_source":"polygon","archived":true,"archived_at":"2026-07-15","last_seen":"2026-06-24"},"geometry":{"type":"Polygon","coordinates":[[[37.42422776143871,55.74240547653927],[37.424049667799466,55.74228878089576],[37.42399819094834,55.74231371779606],[37.42386876172813,55.74222588409037],[37.42334554596681,55.74247794052708],[37.423480388469585,55.74256568839936],[37.42342715732936,55.74259170175963],[37.42359936365908,55.74270623894024],[37.42422776143871,55.74240547653927]]]}},{"type":"Feature","properties":{"id":54880,"uin":"HH2968-08-0001-000","name":"Дошкольная образовательная организация на 150 мест с инженерными сетями и благоустройством территории","area":"ЗАО","district":"Можайский","address":"1-й переулок Петра Алексеева, земельный участок 4 (Зона 10.1)","res_complex":null,"state":"Планируемый","fno_name":"Дошкольная образовательная организация","fno_codes":"008, 001, 001","job_type":"Новое строительство","fin_source":"Городской бюджет","input_fact":null,"input_plan":"2039-12-30","lat":55.71967003400753,"lng":37.43095542629916,"ring_count":1,"geom_source":"polygon","archived":true,"archived_at":"2026-07-15","last_seen":"2026-06-24"},"geometry":{"type":"Polygon","coordinates":[[[37.43095542629916,55.71967003400753],[37.431350938722595,55.71965686440253],[37.43130470151251,55.718969282651415],[37.43079848126982,55.718971227368925],[37.43095542629916,55.71967003400753]]]}},{"type":"Feature","properties":{"id":49206,"uin":"HH3068-10-0001-000","name":"Снос жилого здания (этап строительства объекта капитального строительства)","area":"ЗАО","district":"Можайский","address":"Гродненская улица, д. 6","res_complex":null,"state":"Утверждена проектная документация","fno_name":"Многоэтажный многоквартирный дом","fno_codes":"010, 001, 001","job_type":"Новое строительство","fin_source":"Городской бюджет","input_fact":null,"input_plan":"2033-12-31","lat":55.71870734050916,"lng":37.43349275681042,"ring_count":1,"geom_source":"polygon","archived":true,"archived_at":"2026-07-15","last_seen":"2026-06-24"},"geometry":{"type":"Polygon","coordinates":[[[37.43349275681042,55.71870734050916],[37.43433516067982,55.71868770848429],[37.43434092106885,55.71878883587317],[37.433503257326905,55.7188104796274],[37.43349275681042,55.71870734050916]]]}},{"type":"Feature","properties":{"id":48446,"uin":"HH3139-06-0001-000","name":"Центр падел-тенниса","area":"ЗАО","district":"Крылатское","address":"ул. Крылатская, влд. 16","res_complex":null,"state":"Планируемый","fno_name":"Спортивный центр","fno_codes":"006, 006, 002","job_type":"Новое строительство","fin_source":"Внебюджетные источники","input_fact":null,"input_plan":"2028-12-31","lat":55.76865030740338,"lng":37.43374315399601,"ring_count":1,"geom_source":"polygon","archived":true,"archived_at":"2026-07-15","last_seen":"2026-06-24"},"geometry":{"type":"Polygon","coordinates":[[[37.43374315399601,55.76865030740338],[37.433541135689836,55.76828183621883],[37.43447997020355,55.768121054551116],[37.434699817120574,55.76845602976638],[37.43374315399601,55.76865030740338]]]}},{"type":"Feature","properties":{"id":54420,"uin":"HH3394-10-0003-000","name":"Снос жилого здания (этап строительства объекта капитального строительства)","area":"ЗАО","district":"Очаково-Матвеевское","address":"ул. Большая Очаковская, д.43","res_complex":null,"state":"Утверждена проектная документация","fno_name":"Многоэтажный многоквартирный дом","fno_codes":"010, 001, 001","job_type":"Новое строительство","fin_source":"Городской бюджет","input_fact":null,"input_plan":"2033-12-31","lat":55.67572822664865,"lng":37.44657406416099,"ring_count":1,"geom_source":"polygon","archived":true,"archived_at":"2026-07-15","last_seen":"2026-06-24"},"geometry":{"type":"Polygon","coordinates":[[[37.44657406416099,55.67572822664865],[37.44651173766419,55.67509242867471],[37.44672663894404,55.67509252357096],[37.44675107357447,55.67570687429075],[37.44657406416099,55.67572822664865]]]}},{"type":"Feature","properties":{"id":34565,"uin":"HH3481-01-0001-000","name":"Реконструкция существующих объектов незавершенного строительства под размещение научно-технического центра по обработке данных больших объемов","area":"ЗАО","district":"Очаково-Матвеевское","address":"ул. Генерала Дорохова, вл. 16, строен 1, 2, 3, 4, 5","res_complex":null,"state":"В строительстве","fno_name":"Объект технологических парков","fno_codes":"001, 008, 001","job_type":"Реконструкция","fin_source":"Внебюджетные источники","input_fact":null,"input_plan":"2026-07-22","lat":55.69670126686138,"lng":37.44948572885316,"ring_count":1,"geom_source":"polygon","archived":true,"archived_at":"2026-07-15","last_seen":"2026-06-24"},"geometry":{"type":"Polygon","coordinates":[[[37.44948572885316,55.69670126686138],[37.44948595357591,55.696529823877505],[37.44980848160335,55.69652995830523],[37.449770285717314,55.69672281589154],[37.44948572885316,55.69670126686138]]]}},{"type":"Feature","properties":{"id":10379,"uin":"HH3564-01-0001-000","name":"Административное здание","area":"ЗАО","district":"Фили-Давыдково","address":"ул. Алексея Свиридова, вл. 17","res_complex":null,"state":"В строительстве","fno_name":"Административно-управленческий объект иного типа","fno_codes":"001, 004, 007","job_type":"Новое строительство","fin_source":"Внебюджетные источники","input_fact":null,"input_plan":"2018-01-31","lat":55.7263482682238,"lng":37.45205661110743,"ring_count":2,"geom_source":"polygon","archived":true,"archived_at":"2026-07-15","last_seen":"2026-06-24"},"geometry":{"type":"MultiPolygon","coordinates":[[[[37.451271094313995,55.72618892339414],[37.45129465997554,55.72619262438572],[37.451306100543555,55.72616936626301],[37.45125340005659,55.72616109080552],[37.45121571163973,55.72623756418208],[37.45124486244585,55.7262421386655],[37.451271094313995,55.72618892339414]]],[[[37.45205661110743,55.7263482682238],[37.45149693577728,55.726260428066624],[37.45142575599017,55.726404870923886],[37.451985433237446,55.72649270242197],[37.45205661110743,55.7263482682238]]]]}},{"type":"Feature","properties":{"id":54941,"uin":"HH3627-10-0003-000","name":"Многоквартирный дом","area":"СЗАО","district":"Хорошёво-Мнёвники","address":"вн.тер.г. муниципальный округ Хорошево-Мневники, улица Живописная, земельный участок 22","res_complex":null,"state":"Планируемый","fno_name":"Многоэтажный многоквартирный дом","fno_codes":"010, 001, 001","job_type":"Новое строительство","fin_source":"Городской бюджет","input_fact":null,"input_plan":"2034-12-31","lat":55.78743793784187,"lng":37.45463896199441,"ring_count":1,"geom_source":"polygon","archived":true,"archived_at":"2026-07-15","last_seen":"2026-06-24"},"geometry":{"type":"Polygon","coordinates":[[[37.454586504896014,55.78743791343654],[37.45510644087441,55.78743721684482],[37.45510579926466,55.787302953049476],[37.45490672334464,55.787303208322946],[37.45490538660261,55.78700318721768],[37.45497615960005,55.786765289387354],[37.455188605210544,55.78678533592925],[37.45522804697699,55.78665295870119],[37.45501551681546,55.78663278866226],[37.455114419177036,55.78630037782708],[37.45527197470974,55.78600323828385],[37.4554781413869,55.786037860537995],[37.45554630378612,55.78590924420766],[37.45534194518222,55.78587480649591],[37.455676171578546,55.78536508058808],[37.45587238119285,55.78540590664015],[37.455954948537496,55.78527991017674],[37.455476103105106,55.7851802714451],[37.455025316981434,55.78586773559745],[37.45483386968879,55.78622875991673],[37.454584852157915,55.78706568223188],[37.454586504896014,55.78743791343654]]]}},{"type":"Feature","properties":{"id":54928,"uin":"HH3628-10-0001-000","name":"Многоквартирный дом","area":"СЗАО","district":"Хорошёво-Мнёвники","address":"Живописная ул. д.13, к.2","res_complex":null,"state":"Планируемый","fno_name":"Многоэтажный многоквартирный дом","fno_codes":"010, 001, 001","job_type":"Новое строительство","fin_source":"Городской бюджет","input_fact":null,"input_plan":"2033-12-31","lat":55.78631454681481,"lng":37.453683199874376,"ring_count":1,"geom_source":"polygon","archived":true,"archived_at":"2026-07-15","last_seen":"2026-06-24"},"geometry":{"type":"Polygon","coordinates":[[[37.45384535114961,55.785919833350285],[37.4535901501196,55.786541107008354],[37.45387809568571,55.78657865740975],[37.45415430012456,55.78590636590059],[37.45415358759275,55.78575066776051],[37.453625530775824,55.785751418198195],[37.45362628239098,55.785920101148086],[37.45384535114961,55.785919833350285]]]}},{"type":"Feature","properties":{"id":54943,"uin":"HH3631-10-0004-000","name":"Многоквартирный дом","area":"СЗАО","district":"Хорошёво-Мнёвники","address":"ул Живописная, вл 4, корпус 2","res_complex":null,"state":"Планируемый","fno_name":"Многоэтажный многоквартирный дом","fno_codes":"010, 001, 001","job_type":"Новое строительство","fin_source":"Городской бюджет","input_fact":null,"input_plan":"2033-12-31","lat":55.78113339178619,"lng":37.45568585467585,"ring_count":1,"geom_source":"polygon","archived":true,"archived_at":"2026-07-15","last_seen":"2026-06-24"},"geometry":{"type":"Polygon","coordinates":[[[37.45568585467585,55.78113339178619],[37.45583037030892,55.78142968983308],[37.45623349677993,55.78136728135407],[37.45616415826162,55.78122485786599],[37.45664391984266,55.781150514159705],[37.45656463444394,55.78098810996427],[37.45586953835049,55.780990546438716],[37.45579105972198,55.781011963109044],[37.45573010288221,55.7810471018692],[37.45569502934813,55.781089423539136],[37.45568585467585,55.78113339178619]]]}},{"type":"Feature","properties":{"id":7927,"uin":"HH3706-05-0002-000","name":"Развитие медицинского центра гражданской авиации","area":"СЗАО","district":"Покровское-Стрешнево","address":"Москва, СЗАО, Покровское-Стрешнево, Иваньковское шоссе д. 7","res_complex":null,"state":"В строительстве","fno_name":"Центр (медицинский, мануальной терапии, консультативно-диагностический и иной)","fno_codes":"005, 002, 002","job_type":"Реконструкция","fin_source":"Федеральный бюджет","input_fact":null,"input_plan":"2023-07-31","lat":55.82306911015959,"lng":37.46058334499583,"ring_count":1,"geom_source":"polygon","archived":true,"archived_at":"2026-07-15","last_seen":"2026-06-24"},"geometry":{"type":"Polygon","coordinates":[[[37.46058334499583,55.82306911015959],[37.46067860931677,55.82299876946451],[37.460644642750644,55.82298241456169],[37.46070156690427,55.82294245419236],[37.46082271477687,55.82299576259951],[37.460919998825396,55.822926509147095],[37.46000309417035,55.82251525889925],[37.46004085300705,55.82248830682753],[37.45996420532232,55.82237948183522],[37.45990589947195,55.82237388580056],[37.459901139432944,55.822391431584414],[37.45949779032878,55.8223638823594],[37.45947468951559,55.82244413963353],[37.45939253118068,55.8224631620135],[37.45938135640031,55.82244691232401],[37.458815798385714,55.82257077468903],[37.45880272701071,55.82259289013077],[37.458795335449736,55.82259423215538],[37.458778867451706,55.822567367040804],[37.45855597848619,55.82261618662083],[37.45860629929492,55.822688152833486],[37.4587160142962,55.82266545974049],[37.458777526181066,55.82275204996653],[37.45866646188957,55.82277707427718],[37.45871834916348,55.82285115614632],[37.45894128632384,55.822801603391056],[37.458920509989156,55.822772155517704],[37.45896466317402,55.82278503398724],[37.45953105256799,55.82266050478526],[37.45952156413595,55.822645695425784],[37.45960253962509,55.82262756264156],[37.46058334499583,55.82306911015959]]]}},{"type":"Feature","properties":{"id":44554,"uin":"HH3710-05-0001-000","name":"Инфекционный лечебно-диагностический комплекс на территории ГБУЗ \"ИКБ №1 ДЗМ\" по адресу: Волоколамское шоссе вл.63 (4 этап - снос строения 8, благоустройство с учетом строительства плоскостной парковки)","area":"СЗАО","district":"Покровское-Стрешнево","address":"Волоколамское шоссе вл.63","res_complex":null,"state":"Сдан","fno_name":"Открытая надземная стоянка, предназначенная для постоянного и временного хранения автомобилей","fno_codes":"014, 001, 004","job_type":"Новое строительство","fin_source":"Городской бюджет","input_fact":"2025-06-25 00:00:00","input_plan":"2025-07-31","lat":55.81683965692828,"lng":37.45752797132225,"ring_count":1,"geom_source":"polygon","archived":true,"archived_at":"2026-07-15","last_seen":"2026-06-24"},"geometry":{"type":"Polygon","coordinates":[[[37.45751078180032,55.816815406835715],[37.45757501024334,55.81689441718886],[37.45790027202284,55.8168058392835],[37.45783502351763,55.81672996892198],[37.457781313225894,55.81674448857614],[37.45751575931219,55.81643556710491],[37.45730043813361,55.8164942357183],[37.457563972092196,55.81680087717829],[37.45751078180032,55.816815406835715]]]}},{"type":"Feature","properties":{"id":54964,"uin":"HH3731-10-0003-000","name":"Многоквартирный дом","area":"СЗАО","district":"Хорошёво-Мнёвники","address":"Живописная ул., д. 4, к. 3","res_complex":null,"state":"Планируемый","fno_name":"Многоэтажный многоквартирный дом","fno_codes":"010, 001, 001","job_type":"Новое строительство","fin_source":"Городской бюджет","input_fact":null,"input_plan":"2032-12-31","lat":55.78097432370204,"lng":37.45716909211761,"ring_count":1,"geom_source":"polygon","archived":true,"archived_at":"2026-07-15","last_seen":"2026-06-24"},"geometry":{"type":"Polygon","coordinates":[[[37.45716909211761,55.78097432370204],[37.457373513953826,55.781393828498274],[37.457673041938634,55.78134748234126],[37.45749089982363,55.78097376699682],[37.45716909211761,55.78097432370204]]]}},{"type":"Feature","properties":{"id":54944,"uin":"HH3731-10-0004-000","name":"Многоквартирный дом","area":"СЗАО","district":"Хорошёво-Мнёвники","address":"ул. Генерала Глаголева, д. 7, к. 3","res_complex":null,"state":"Планируемый","fno_name":"Многоэтажный многоквартирный дом","fno_codes":"010, 001, 001","job_type":"Новое строительство","fin_source":"Городской бюджет","input_fact":null,"input_plan":"2032-12-31","lat":55.7811387228824,"lng":37.45820249069026,"ring_count":1,"geom_source":"polygon","archived":true,"archived_at":"2026-07-15","last_seen":"2026-06-24"},"geometry":{"type":"Polygon","coordinates":[[[37.45820249069026,55.7811387228824],[37.458671220493045,55.78106625178171],[37.4587889032246,55.78130763721347],[37.459088412611024,55.78126125810624],[37.458887589394266,55.78084941270949],[37.45811952965574,55.780968309420984],[37.45820249069026,55.7811387228824]]]}},{"type":"Feature","properties":{"id":54955,"uin":"HH3732-10-0003-000","name":"Многоквартирный жилой дом","area":"СЗАО","district":"Хорошёво-Мнёвники","address":"Генерала Глаголева ул., з/у 1 (зона 3.1, зона 3.2)","res_complex":null,"state":"Планируемый","fno_name":"Многоэтажный многоквартирный дом","fno_codes":"010, 001, 001","job_type":"Новое строительство","fin_source":"Городской бюджет","input_fact":null,"input_plan":"2029-07-31","lat":55.77881511084484,"lng":37.458851507661954,"ring_count":2,"geom_source":"polygon","archived":true,"archived_at":"2026-07-15","last_seen":"2026-06-24"},"geometry":{"type":"MultiPolygon","coordinates":[[[[37.45885152432614,55.77881512573859],[37.45965737918902,55.77869041336606],[37.4596999181627,55.77877759073284],[37.45986696230411,55.77875175427297],[37.460027029691545,55.77908013750567],[37.45922532946821,55.77920426903533],[37.4592952785428,55.77934789096606],[37.46032851729424,55.779187884227404],[37.45997264465425,55.77845792730924],[37.45876838443798,55.778644360946515],[37.45885152432614,55.77881512573859]]],[[[37.45788101185129,55.77957574176725],[37.45876454624384,55.77943899532822],[37.458764662984656,55.77943890228027],[37.458694556526694,55.77929535217952],[37.45781109729365,55.779432129002466],[37.45788101185129,55.77957574176725]]]]}},{"type":"Feature","properties":{"id":54951,"uin":"HH3732-10-0004-000","name":"Многоквартирный дом","area":"СЗАО","district":"Хорошёво-Мнёвники","address":"пр-кт Маршала Жукова, д. 64, к. 2","res_complex":null,"state":"Планируемый","fno_name":"Многоэтажный многоквартирный дом","fno_codes":"010, 001, 001","job_type":"Новое строительство","fin_source":"Городской бюджет","input_fact":null,"input_plan":"2030-12-31","lat":55.779612632453336,"lng":37.45797034473391,"ring_count":1,"geom_source":"polygon","archived":true,"archived_at":"2026-07-15","last_seen":"2026-06-24"},"geometry":{"type":"Polygon","coordinates":[[[37.45790047852696,55.779469064797915],[37.45797054062754,55.77961269527322],[37.45885404521868,55.77947583607549],[37.458783938760135,55.77933228597479],[37.45790047852696,55.779469064797915]]]}},{"type":"Feature","properties":{"id":54950,"uin":"HH3826-10-0002-000","name":"Многоквартирный дом","area":"СЗАО","district":"Хорошёво-Мнёвники","address":"ул. Паршина, д. 21, к. 1","res_complex":null,"state":"Планируемый","fno_name":"Многоэтажный многоквартирный дом","fno_codes":"010, 001, 001","job_type":"Новое строительство","fin_source":"Городской бюджет","input_fact":null,"input_plan":"2031-12-31","lat":55.78911892415993,"lng":37.460330600116016,"ring_count":1,"geom_source":"polygon","archived":true,"archived_at":"2026-07-15","last_seen":"2026-06-24"},"geometry":{"type":"Polygon","coordinates":[[[37.46000435372253,55.789112069263425],[37.460667894097035,55.789125951131176],[37.46067622418919,55.78900033738252],[37.460339022374775,55.78899322472006],[37.460352769620116,55.78878337789774],[37.46002641706936,55.78877658214292],[37.46000435372253,55.789112069263425]]]}},{"type":"Feature","properties":{"id":54987,"uin":"HH3827-10-0002-000","name":"Многоквартирный дом","area":"СЗАО","district":"Хорошёво-Мнёвники","address":"ул. Генерала Глаголева д. 48","res_complex":null,"state":"Планируемый","fno_name":"Многоэтажный многоквартирный дом","fno_codes":"010, 001, 001","job_type":"Новое строительство","fin_source":"Городской бюджет","input_fact":null,"input_plan":"2030-12-31","lat":55.786943073229125,"lng":37.463262553256385,"ring_count":1,"geom_source":"polygon","archived":true,"archived_at":"2026-07-15","last_seen":"2026-06-24"},"geometry":{"type":"Polygon","coordinates":[[[37.463262553256385,55.786943073229125],[37.46341711159899,55.78726035765477],[37.46369331178402,55.787217614435676],[37.4635386364053,55.786900390286455],[37.463262553256385,55.786943073229125]]]}},{"type":"Feature","properties":{"id":54981,"uin":"HH3926-10-0001-000","name":"Многоквартирный дом","area":"СЗАО","district":"Хорошёво-Мнёвники","address":"внутригородская территория муниципальный округ Хорошево-Мневники, ул. Паршина д.13","res_complex":null,"state":"Планируемый","fno_name":"Многоэтажный многоквартирный дом","fno_codes":"010, 001, 001","job_type":"Новое строительство","fin_source":"Городской бюджет","input_fact":null,"input_plan":"2031-12-31","lat":55.78928830596754,"lng":37.463792395022985,"ring_count":1,"geom_source":"polygon","archived":true,"archived_at":"2026-07-15","last_seen":"2026-06-24"},"geometry":{"type":"Polygon","coordinates":[[[37.463466147625304,55.78928146007471],[37.464129692003866,55.78929532293621],[37.46413801008789,55.78916970918528],[37.4638008060806,55.789162605519465],[37.46381453451464,55.78895275870185],[37.46348817996335,55.788945971953964],[37.463466147625304,55.78928146007471]]]}},{"type":"Feature","properties":{"id":50125,"uin":"HH3935-05-0002-000","name":"многопрофильный корпус ГБУЗ \"ГКБ № 67 им. Л.А. Ворохобова ДЗМ\"","area":"СЗАО","district":"Хорошёво-Мнёвники","address":"​Больница № 67, улица Саляма Адиля","res_complex":null,"state":"Планируемый","fno_name":"Больница","fno_codes":"005, 001, 001","job_type":"Новое строительство","fin_source":"Городской бюджет","input_fact":null,"input_plan":"2029-12-30","lat":55.77148133700829,"lng":37.466437359810264,"ring_count":1,"geom_source":"polygon","archived":true,"archived_at":"2026-07-15","last_seen":"2026-06-24"},"geometry":{"type":"Polygon","coordinates":[[[37.466437359810264,55.77148133700829],[37.46653180162817,55.771693878468554],[37.46674445124022,55.7716638578195],[37.466798973826386,55.77178653308523],[37.46687391304187,55.77177596356134],[37.46690682158491,55.77185000772172],[37.46696773676004,55.77184141910871],[37.467000275319705,55.771914618267296],[37.46722025095301,55.771883555664814],[37.467187726393426,55.77181035250632],[37.46727274763846,55.771798334046494],[37.46718531750949,55.771601602620365],[37.467418761181825,55.77156862610346],[37.46732430336374,55.771356091643064],[37.466437359810264,55.77148133700829]]]}},{"type":"Feature","properties":{"id":57708,"uin":"HH4020-01-0001-000","name":"Реконструкция здания 101с целью создания научных лабораторий теоретических и экспериментальных исследований фундаментальных свойств материи, НИЦ «Курчатовский институт».","area":"СЗАО","district":"Щукино","address":"пл. Академика Курчатова, д.1, стр. 101","res_complex":null,"state":"В проектировании","fno_name":"Научная и опытная лаборатория","fno_codes":"001, 007, 005","job_type":"Реконструкция","fin_source":"Федеральный бюджет","input_fact":null,"input_plan":"2028-10-10","lat":55.79863879889437,"lng":37.46859629036305,"ring_count":1,"geom_source":"polygon","archived":true,"archived_at":"2026-07-15","last_seen":"2026-06-24"},"geometry":{"type":"Polygon","coordinates":[[[37.46859629036305,55.79863879889437],[37.46875573659425,55.79863937948397],[37.46875576140107,55.79860920120462],[37.46918818001811,55.79860985212984],[37.46918816938427,55.79862296531083],[37.46925497773202,55.79862271303439],[37.46925494495294,55.79866322018918],[37.469202327808496,55.798662847402106],[37.469200065410014,55.79889672852902],[37.469285051049525,55.79889675035928],[37.46928503122634,55.79892127021025],[37.469433955499,55.798921308322825],[37.46943397522861,55.798896788471815],[37.46951593136157,55.79889680936903],[37.46951611718482,55.79866526293228],[37.46945329565772,55.79866461820467],[37.469453329530936,55.79862249435626],[37.46952428327184,55.798622512440154],[37.46952477126768,55.7986104771766],[37.46994140690705,55.798608337128286],[37.469941384368056,55.798636808898145],[37.47010130937617,55.798636848965515],[37.47010143959477,55.7984714971392],[37.46952902985253,55.79846964625861],[37.469529527859706,55.79844512652751],[37.46919341455336,55.79844674702476],[37.469193393289316,55.79847297338739],[37.468604083037114,55.798470215689264],[37.46859629036305,55.79863879889437]]]}},{"type":"Feature","properties":{"id":55125,"uin":"HH4132-10-0002-000","name":"Многоквартирный дом","area":"СЗАО","district":"Хорошёво-Мнёвники","address":"бульв. Генерала Карбышева д 14, к.2","res_complex":null,"state":"Планируемый","fno_name":"Многоэтажный многоквартирный дом","fno_codes":"010, 001, 001","job_type":"Новое строительство","fin_source":"Городской бюджет","input_fact":null,"input_plan":"2035-12-31","lat":55.7798800437072,"lng":37.47320588815169,"ring_count":1,"geom_source":"polygon","archived":true,"archived_at":"2026-07-15","last_seen":"2026-06-24"},"geometry":{"type":"Polygon","coordinates":[[[37.47342128290617,55.78030972485795],[37.47313182065206,55.77973227176835],[37.47446097834882,55.77952064171639],[37.47436549903775,55.779330142155544],[37.47271842243559,55.779592445101414],[37.47317446356975,55.78050212086178],[37.47482159819769,55.78023984549705],[37.47467354428174,55.77994473258685],[37.47442210651609,55.779984785735174],[37.47449893201776,55.78013815105142],[37.47342128290617,55.78030972485795]]]}},{"type":"Feature","properties":{"id":55115,"uin":"HH4133-10-0002-000","name":"Многоквартирный дом","area":"СЗАО","district":"Хорошёво-Мнёвники","address":"бульв. Генерала Карбышева д.6 к.3","res_complex":null,"state":"Планируемый","fno_name":"Многоэтажный многоквартирный дом","fno_codes":"010, 001, 001","job_type":"Новое строительство","fin_source":"Городской бюджет","input_fact":null,"input_plan":"2033-12-31","lat":55.77816900686849,"lng":37.47234825670539,"ring_count":1,"geom_source":"polygon","archived":true,"archived_at":"2026-07-15","last_seen":"2026-06-24"},"geometry":{"type":"Polygon","coordinates":[[[37.47239825684003,55.7782687581765],[37.472116938244724,55.77770747105767],[37.472308319040934,55.77767694402404],[37.47216506961564,55.777391104783746],[37.47165575311169,55.77747213364327],[37.47216367744501,55.778485652765504],[37.4729228045497,55.77836479926443],[37.47283943117612,55.77819854557089],[37.47239825684003,55.7782687581765]]]}},{"type":"Feature","properties":{"id":52058,"uin":"HH4237-99-0001-000","name":"Жилой дом","area":"СЗАО","district":"Хорошёво-Мнёвники","address":"Хорошево-Мневники квартал 82 корпус 12","res_complex":null,"state":"Планируемый","fno_name":"Многоэтажный многоквартирный дом","fno_codes":"010, 001, 001","job_type":"Новое строительство","fin_source":"Внебюджетные источники","input_fact":null,"input_plan":"2022-12-31","lat":55.770449837025616,"lng":37.47347845096455,"ring_count":1,"geom_source":"polygon","archived":true,"archived_at":"2026-07-15","last_seen":"2026-06-24"},"geometry":{"type":"Polygon","coordinates":[[[37.47347845096455,55.770449837025616],[37.473478652222205,55.77016242349475],[37.47398850961086,55.77016253588816],[37.4739883121044,55.77044994942024],[37.47347845096455,55.770449837025616]]]}},{"type":"Feature","properties":{"id":47963,"uin":"HH4237-99-0002-000","name":"Жилой дом","area":"СЗАО","district":"Хорошёво-Мнёвники","address":"Хорошево-Мневники квартал 82 корпус 10","res_complex":null,"state":"Планируемый","fno_name":"Многоэтажный многоквартирный дом","fno_codes":"010, 001, 001","job_type":"Новое строительство","fin_source":"Внебюджетные источники","input_fact":null,"input_plan":"2022-12-31","lat":55.770449837025616,"lng":37.47347845096455,"ring_count":1,"geom_source":"polygon","archived":true,"archived_at":"2026-07-15","last_seen":"2026-06-24"},"geometry":{"type":"Polygon","coordinates":[[[37.47347845096455,55.770449837025616],[37.473478652222205,55.77016242349475],[37.47398850961086,55.77016253588816],[37.4739883121044,55.77044994942024],[37.47347845096455,55.770449837025616]]]}},{"type":"Feature","properties":{"id":44782,"uin":"HH4258-10-0001-000","name":"Жилой дом","area":"ЗАО","district":"Фили-Давыдково","address":"Москва, ЗАО, Фили-Давыдково, Кастанаевская ул. вл. 44-48","res_complex":null,"state":"В строительстве","fno_name":"Многоэтажный многоквартирный дом","fno_codes":"010, 001, 001","job_type":"Новое строительство","fin_source":"Городской бюджет","input_fact":"2021-02-05 00:00:00","input_plan":null,"lat":55.73574486198617,"lng":37.47374139222249,"ring_count":1,"geom_source":"polygon","archived":true,"archived_at":"2026-07-15","last_seen":"2026-06-24"},"geometry":{"type":"Polygon","coordinates":[[[37.47353754852615,55.735859782953916],[37.47353774908892,55.735572367792436],[37.4740471555212,55.735572479896234],[37.47404695870144,55.735859895058915],[37.47353754852615,55.735859782953916]]]}},{"type":"Feature","properties":{"id":45752,"uin":"HH4284-10-0001-000","name":"Многофункциональная комплексная жилая застройка, Квартал 4.1","area":"ЗАО","district":"Раменки","address":"между ул.Лобачевского и платформой «Матвеевское», квартал 4.1","res_complex":"ЖК СОБЫТИЕ","state":"Сдан","fno_name":"Многоэтажный многоквартирный дом","fno_codes":"010, 001, 001","job_type":"Новое строительство","fin_source":"Внебюджетные источники","input_fact":"2025-12-05 00:00:00","input_plan":"2025-09-30","lat":55.6929416265239,"lng":37.476411186594234,"ring_count":1,"geom_source":"polygon","archived":true,"archived_at":"2026-07-15","last_seen":"2026-06-24"},"geometry":{"type":"Polygon","coordinates":[[[37.476411186594234,55.6929416265239],[37.476736921801844,55.69308576147559],[37.47693196658363,55.692945054781596],[37.476954544526095,55.69294811292106],[37.476973631674355,55.69294066204505],[37.47697634293014,55.6929276390699],[37.47696680708069,55.69291991301489],[37.477209098533535,55.692745263637164],[37.4768832053258,55.692601129684434],[37.47664648094938,55.692771917099364],[37.476623902006885,55.69276885895989],[37.47660481585865,55.692776309835914],[37.47660210460286,55.69278933281105],[37.47661164045231,55.69279705986608],[37.47649407277652,55.692881824078896],[37.47648882682178,55.69287948804746],[37.476475144628274,55.69288927495591],[37.47648054958303,55.69289161198832],[37.476411186594234,55.6929416265239]]]}},{"type":"Feature","properties":{"id":9807,"uin":"HH4328-01-0001-000","name":"Подготовительный период строительства комплекса зданий","area":"СЗАО","district":"Хорошёво-Мнёвники","address":"улица Народного Ополчения, вл. 33, корп. 1","res_complex":null,"state":"В строительстве","fno_name":"Деловой центр","fno_codes":"001, 005, 002","job_type":"Новое строительство","fin_source":"Внебюджетные источники","input_fact":null,"input_plan":null,"lat":55.78549314333933,"lng":37.48160478908503,"ring_count":1,"geom_source":"polygon","archived":true,"archived_at":"2026-07-15","last_seen":"2026-06-24"},"geometry":{"type":"Polygon","coordinates":[[[37.48160478908503,55.78549314333933],[37.48186900180587,55.78602016174561],[37.48174149794254,55.7860404146425],[37.481758668175964,55.786072252274735],[37.481626152781466,55.786092874102806],[37.48160951806051,55.78606138329948],[37.48142480304048,55.78609086961268],[37.48134467101935,55.785931030256386],[37.48140836169814,55.78592089204782],[37.48122428596522,55.785553712144576],[37.48160478908503,55.78549314333933]]]}},{"type":"Feature","properties":{"id":55044,"uin":"HH4336-10-0002-000","name":"Жилой дом с инженерными сетями и благоустройством территории (со сносом жилых зданий по адресам: ул. Народного Ополчения, д.12, корп.1; ул. Народного Ополчения, д.12, корп.2, ул. Народного Ополчения, д. 14, корп. 2; ул. Народного Ополчения, д.12, корп.3) по адресу: г. Москва, вн. тер. г. Хорошёво Мнёвники, улица Народного Ополчения, земельный участок 12","area":"СЗАО","district":"Хорошёво-Мнёвники","address":"вн. тер. г. Хорошёво Мнёвники, улица Народного Ополчения, земельный участок 12","res_complex":null,"state":"Планируемый","fno_name":"Многоэтажный многоквартирный дом","fno_codes":"010, 001, 001","job_type":"Новое строительство","fin_source":"Городской бюджет","input_fact":null,"input_plan":"2037-12-31","lat":55.772010681846254,"lng":37.477522202585874,"ring_count":2,"geom_source":"polygon","archived":true,"archived_at":"2026-07-15","last_seen":"2026-06-24"},"geometry":{"type":"MultiPolygon","coordinates":[[[[37.47750550580175,55.77197749087816],[37.47764037541865,55.772244152495595],[37.4781320639056,55.772165074907605],[37.47799712829001,55.771898470984844],[37.47750550580175,55.77197749087816]]],[[[37.47753187860434,55.772949066218935],[37.47707514876824,55.77204667853046],[37.476748685015366,55.77209922145935],[37.47735150046044,55.773290651889376],[37.47860002876631,55.773089949127666],[37.478279671477864,55.772456945739],[37.47793394611951,55.77251256782765],[37.4781518738395,55.77294345705184],[37.47774854912779,55.77300831381437],[37.47770439156545,55.77292141582338],[37.47753187860434,55.772949066218935]]]]}},{"type":"Feature","properties":{"id":25905,"uin":"HH4363-10-0002-000","name":"жилой дом (2-й этап: нежилые помещения: подвал; 1,2,3 этажи; ИТП; РТП)","area":"ЗАО","district":"Фили-Давыдково","address":"Давыдковская улица, вл. 3","res_complex":null,"state":"Сдан","fno_name":"Многоэтажный многоквартирный дом","fno_codes":"010, 001, 001","job_type":null,"fin_source":"Внебюджетные источники","input_fact":null,"input_plan":"2013-12-31","lat":55.72738085544131,"lng":37.47951606455349,"ring_count":1,"geom_source":"polygon","archived":true,"archived_at":"2026-07-15","last_seen":"2026-06-24"},"geometry":{"type":"Polygon","coordinates":[[[37.47951606455349,55.72738085544131],[37.479516221137864,55.72709343986732],[37.480025517201376,55.72709352717763],[37.480025364358035,55.727380942752546],[37.47951606455349,55.72738085544131]]]}},{"type":"Feature","properties":{"id":9164,"uin":"HH4497-08-0001-000","name":"Детский сад","area":"ЗАО","district":"Тропарёво-Никулино","address":"Вернадского просп. вл.78 ЗАО","res_complex":null,"state":"В строительстве","fno_name":"Дошкольная образовательная организация","fno_codes":"008, 001, 001","job_type":"Новое строительство","fin_source":"Внебюджетные источники","input_fact":null,"input_plan":"2014-12-31","lat":55.671357879909294,"lng":37.480003550401875,"ring_count":1,"geom_source":"polygon","archived":true,"archived_at":"2026-07-15","last_seen":"2026-06-24"},"geometry":{"type":"Polygon","coordinates":[[[37.480003550401875,55.671357879909294],[37.480003703084876,55.67107046169166],[37.480512271245594,55.67107054692663],[37.480512122290435,55.67135796514518],[37.480003550401875,55.671357879909294]]]}},{"type":"Feature","properties":{"id":52845,"uin":"HH4505-08-0001-000","name":"Здание образовательной организации на 750 мест. ОО на 550 мест и ДОО на 200 мест","area":"ЮАО","district":"Москворечье-Сабурово","address":"2-ой Котляковский пер. вл.1, стр.37","res_complex":"ЖК LIFE ВАРШАВСКАЯ","state":"Планируемый","fno_name":"Общеобразовательная организация","fno_codes":"008, 001, 003","job_type":"Новое строительство","fin_source":"Внебюджетные источники","input_fact":null,"input_plan":"2027-12-31","lat":55.823450226925516,"lng":37.485784662017586,"ring_count":1,"geom_source":"polygon","archived":true,"archived_at":"2026-07-15","last_seen":"2026-06-24"},"geometry":{"type":"Polygon","coordinates":[[[37.485652369319816,55.82346735462103],[37.48591406998399,55.823510246507716],[37.485933141853,55.82341113536462],[37.48577135956426,55.82339504321181],[37.485652369319816,55.82346735462103]]]}},{"type":"Feature","properties":{"id":55110,"uin":"HH4534-10-0003-000","name":"Многоквартирный дом","area":"СЗАО","district":"Хорошёво-Мнёвники","address":"пр-кт Маршала Жукова, вл 23","res_complex":null,"state":"Планируемый","fno_name":"Многоэтажный многоквартирный дом","fno_codes":"010, 001, 001","job_type":"Новое строительство","fin_source":"Городской бюджет","input_fact":null,"input_plan":"2034-12-31","lat":55.775276344838844,"lng":37.483980702338194,"ring_count":2,"geom_source":"polygon","archived":true,"archived_at":"2026-07-15","last_seen":"2026-06-24"},"geometry":{"type":"MultiPolygon","coordinates":[[[[37.48398070963142,55.77527636196221],[37.48520678486166,55.77531703229149],[37.48522558121223,55.775138038397756],[37.483999497692,55.77509735796584],[37.48398070963142,55.77527636196221]]],[[[37.485670674968176,55.77533233005149],[37.48766621943797,55.77539845087385],[37.48769500797882,55.77512341272645],[37.487252794203606,55.77510871091869],[37.48724268885895,55.77520474240163],[37.485689455024584,55.77515332505359],[37.485670674968176,55.77533233005149]]]]}},{"type":"Feature","properties":{"id":48574,"uin":"HH4575-10-0002-000","name":"Многоквартирный жилой дом","area":"ЗАО","district":"Очаково-Матвеевское","address":"КРТ Удальцова ул., вл. 85А, Веерная ул., вл. 1Б (Веерная ул., вл. 1Б)","res_complex":null,"state":"Планируемый","fno_name":"Многоэтажный многоквартирный дом","fno_codes":"010, 001, 001","job_type":"Новое строительство","fin_source":"Городской бюджет","input_fact":null,"input_plan":"2029-12-31","lat":55.70759487474287,"lng":37.483934519781585,"ring_count":1,"geom_source":"polygon","archived":true,"archived_at":"2026-07-15","last_seen":"2026-06-24"},"geometry":{"type":"Polygon","coordinates":[[[37.483934519781585,55.70759487474287],[37.483819822378706,55.7076656749818],[37.48409578404033,55.70778626463642],[37.48427181890227,55.70774334676461],[37.483934519781585,55.70759487474287]]]}},{"type":"Feature","properties":{"id":10345,"uin":"HH4718-01-0002-000","name":"Строительство многофункционального научно-административного бизнес-парка на территории ЗАО \"Первый Московский завод радиодеталей\" (1 и 2 пусковые комплексы)","area":"СЗАО","district":"Щукино","address":"Волоколамский 1-й пр. вл. 10","res_complex":null,"state":"В строительстве","fno_name":"Деловой центр","fno_codes":"001, 005, 002","job_type":"Новое строительство","fin_source":"Внебюджетные источники","input_fact":null,"input_plan":"2015-12-31","lat":55.803382254629064,"lng":37.490545232999395,"ring_count":1,"geom_source":"polygon","archived":true,"archived_at":"2026-07-15","last_seen":"2026-06-24"},"geometry":{"type":"Polygon","coordinates":[[[37.490545232999395,55.803382254629064],[37.49054530878537,55.803094842621626],[37.491055596486184,55.80309488424803],[37.491055524459206,55.80338229625592],[37.490545232999395,55.803382254629064]]]}},{"type":"Feature","properties":{"id":36729,"uin":"HH4815-04-0001-000","name":"Комплекс общежитий МАИ II-пусковой комплекс  (1-й этап. Реконструкция существующего здания(блоки 1, 2, 3, 7.2)","area":"САО","district":"Сокол","address":"ул. Панфилова, 20","res_complex":null,"state":"В строительстве","fno_name":"Общежитие для обучающихся в образовательных организациях","fno_codes":"010, 004, 001","job_type":"Сохранение объекта культурного наследия (реконструкция)","fin_source":"Федеральный бюджет","input_fact":null,"input_plan":"2026-12-31","lat":55.80768108556593,"lng":37.49395269684887,"ring_count":1,"geom_source":"polygon","archived":true,"archived_at":"2026-07-15","last_seen":"2026-06-24"},"geometry":{"type":"Polygon","coordinates":[[[37.49391591112725,55.807690369853965],[37.49391591619399,55.807661796478],[37.494004705821595,55.807658229828746],[37.49401103997978,55.807704661773535],[37.49391591112725,55.807690369853965]]]}},{"type":"Feature","properties":{"id":48872,"uin":"HH4907-04-0003-000","name":"Здание конечной станции с сопутствующей инженерной инфраструктурой","area":"САО","district":"Войковский","address":"Старопетровский пр-д","res_complex":null,"state":"Планируемый","fno_name":"Автостанция","fno_codes":"004, 010, 005","job_type":"Новое строительство","fin_source":"Городской бюджет","input_fact":null,"input_plan":null,"lat":55.821021291870906,"lng":37.49884565184737,"ring_count":1,"geom_source":"polygon","archived":true,"archived_at":"2026-07-15","last_seen":"2026-06-24"},"geometry":{"type":"Polygon","coordinates":[[[37.49811240767386,55.821115203509144],[37.49951511491127,55.82146221298335],[37.49996145109199,55.82088490320878],[37.49852688204676,55.820528924440325],[37.49811240767386,55.821115203509144]]]}},{"type":"Feature","properties":{"id":49250,"uin":"HH5193-99-0002-000","name":"Окружной онкологический диспансер на 300 п/смену в районе пр-т Вернадского","area":"ЮЗАО","district":"Ломоносовский","address":"Вернадского просп. ЗАО","res_complex":null,"state":"Планируемый","fno_name":"Специализированная больница","fno_codes":"005, 001, 008","job_type":"Новое строительство","fin_source":"Городской бюджет","input_fact":null,"input_plan":"2016-12-31","lat":55.67693171170664,"lng":37.50501010260839,"ring_count":1,"geom_source":"polygon","archived":true,"archived_at":"2026-07-15","last_seen":"2026-06-24"},"geometry":{"type":"Polygon","coordinates":[[[37.50501010260839,55.67693171170664],[37.50501007198614,55.6766442937338],[37.50551871248281,55.67664427537666],[37.50551874683421,55.67693169334931],[37.50501010260839,55.67693171170664]]]}},{"type":"Feature","properties":{"id":49969,"uin":"HH5339-10-0001-000","name":"Многофункциональный жилой комплекс","area":"СЗАО","district":"Хорошёво-Мнёвники","address":"проезд 1-й Силикатный, земельный участок 13/2","res_complex":null,"state":"Планируемый","fno_name":"Многоэтажный многоквартирный дом","fno_codes":"010, 001, 001","job_type":"Новое строительство","fin_source":"Внебюджетные источники","input_fact":null,"input_plan":null,"lat":55.76704724059715,"lng":37.510408848316004,"ring_count":1,"geom_source":"polygon","archived":true,"archived_at":"2026-07-15","last_seen":"2026-06-24"},"geometry":{"type":"Polygon","coordinates":[[[37.510408848316004,55.76704724059715],[37.51048484509052,55.766929368915264],[37.51061790744103,55.7669990063329],[37.5105704060051,55.767057942973565],[37.510408848316004,55.76704724059715]]]}},{"type":"Feature","properties":{"id":32259,"uin":"HH5521-01-0002-000","name":"Замена перекрытий административного здания.","area":"САО","district":"Сокол","address":"Чапаевский пер. дом 14","res_complex":null,"state":"Сдан","fno_name":"Офисное здание","fno_codes":"001, 005, 001","job_type":"Капитальный ремонт","fin_source":"Внебюджетные источники","input_fact":null,"input_plan":"2010-12-31","lat":55.79734310370523,"lng":37.51729849593451,"ring_count":1,"geom_source":"polygon","archived":true,"archived_at":"2026-07-15","last_seen":"2026-06-24"},"geometry":{"type":"Polygon","coordinates":[[[37.51729849593451,55.79734310370523],[37.51729837467345,55.79705569142058],[37.51780858339073,55.79705562205375],[37.51780870840936,55.797343034337665],[37.51729849593451,55.79734310370523]]]}},{"type":"Feature","properties":{"id":25488,"uin":"HH5588-10-0001-000","name":"Жилой дом","area":"ЗАО","district":"Проспект Вернадского","address":"Проспект Вернадского, вл. 12, корп.2","res_complex":null,"state":"Сдан","fno_name":"Многоэтажный многоквартирный дом","fno_codes":"010, 001, 001","job_type":"Новое строительство","fin_source":"Внебюджетные источники","input_fact":null,"input_plan":"2016-06-30","lat":55.685219917615015,"lng":37.51871715147938,"ring_count":1,"geom_source":"polygon","archived":true,"archived_at":"2026-07-15","last_seen":"2026-06-24"},"geometry":{"type":"Polygon","coordinates":[[[37.51871715147938,55.685219917615015],[37.51894469327193,55.685091302383995],[37.51926338322776,55.68519412072979],[37.51903588966282,55.68542560361185],[37.51871715147938,55.685219917615015]]]}},{"type":"Feature","properties":{"id":36308,"uin":"HH5589-10-0001-000","name":"Жилой дом","area":"ЗАО","district":"Проспект Вернадского","address":"Проспект Вернадского, вл. 12, корп.1","res_complex":null,"state":"Сдан","fno_name":"Многоэтажный многоквартирный дом","fno_codes":"010, 001, 001","job_type":"Новое строительство","fin_source":"Внебюджетные источники","input_fact":null,"input_plan":"2016-06-30","lat":55.68434578493112,"lng":37.5170780600289,"ring_count":1,"geom_source":"polygon","archived":true,"archived_at":"2026-07-15","last_seen":"2026-06-24"},"geometry":{"type":"Polygon","coordinates":[[[37.5170780600289,55.68434578493112],[37.51726009336304,55.68424289427986],[37.517533263267886,55.68437143998243],[37.5170780600289,55.68434578493112]]]}},{"type":"Feature","properties":{"id":8957,"uin":"HH5656-99-0001-000","name":"Жилой дом с подземной автостоянкой с инженерными сетями и благоустройством территории","area":"ЮАО","district":"Нагатино-Садовники","address":"Варшавское шоссе земельный участок 47/2","res_complex":null,"state":"Сдан","fno_name":"Многоэтажный многоквартирный дом","fno_codes":"010, 001, 001","job_type":"Новое строительство","fin_source":"Городской бюджет","input_fact":"2025-06-30 00:00:00","input_plan":"2025-06-30","lat":55.67901421227144,"lng":37.62722042403656,"ring_count":2,"geom_source":"polygon","archived":true,"archived_at":"2026-07-15","last_seen":"2026-06-24"},"geometry":{"type":"MultiPolygon","coordinates":[[[[37.62723145243353,55.6789835729247],[37.627110756643475,55.67896950584861],[37.62709941052677,55.679000235329404],[37.62722042403656,55.67901421227144],[37.62723145243353,55.6789835729247]]],[[[37.62709851018897,55.67951031358395],[37.62736805122165,55.67954147245122],[37.62739562385757,55.67946536805392],[37.627416296645684,55.679467771832805],[37.627429216015415,55.679432010886075],[37.627408543245394,55.6794296071093],[37.62742083198701,55.679395463540175],[37.627404930094315,55.679393683571014],[37.62741280766112,55.67937184963746],[37.627428709545306,55.67937362960566],[37.62748653160573,55.67921369364916],[37.62748096567771,55.67921298084525],[37.62749199450711,55.67918252111192],[37.627478477678736,55.679180918328164],[37.627490136246365,55.679148571763854],[37.6274686685324,55.67914607899907],[37.6274800123703,55.67911472075993],[37.62735295537926,55.679099941938084],[37.627340979662705,55.6791325582708],[37.62728071127755,55.679125614537746],[37.627269525657574,55.679156792959056],[37.62724646777431,55.67915412215661],[37.62723307463463,55.67919087157325],[37.62721478727377,55.67918873476257],[37.62709851018897,55.67951031358395]]]]}},{"type":"Feature","properties":{"id":57304,"uin":"HH5885-01-0001-000","name":"Офисный центр с подземной автостоянкой","area":"ЗАО","district":"Раменки","address":"Проспект Вернадского дом 6","res_complex":null,"state":"Планируемый","fno_name":"Офисное здание","fno_codes":"001, 005, 001","job_type":"Новое строительство","fin_source":"Внебюджетные источники","input_fact":null,"input_plan":"2030-12-30","lat":55.69025262840375,"lng":37.52780777052251,"ring_count":1,"geom_source":"polygon","archived":true,"archived_at":"2026-07-15","last_seen":"2026-06-24"},"geometry":{"type":"Polygon","coordinates":[[[37.52780777052251,55.69025262840375],[37.52782406067127,55.69028029879392],[37.52791434033513,55.690333374085256],[37.527935168008845,55.690358087125354],[37.52793493320217,55.690378261504506],[37.5279239897223,55.69039458180345],[37.52786633376259,55.69042922205527],[37.52817361870991,55.69060520455541],[37.52864404671873,55.690343196985744],[37.52865825687421,55.69033049038559],[37.52866335154176,55.69031612112895],[37.52864980738047,55.690291756368566],[37.528222828226276,55.690047196878375],[37.528183603590854,55.69003668540042],[37.52812860206509,55.690045804923194],[37.527831591798254,55.69021126437668],[37.5278110863795,55.6902335022686],[37.52780777052251,55.69025262840375]]]}},{"type":"Feature","properties":{"id":8623,"uin":"HH5946-01-0001-000","name":"Общественно-деловой центр с паркингом","area":"ЦАО","district":"Пресненский","address":"ТПУ \"СИТИ\", тупик Шелепихинский, з/у 1,2,3,4,5,6,7,8,9,10","res_complex":"Бизнес-центр iCity","state":"Сдан","fno_name":"Деловой центр","fno_codes":"001, 005, 002","job_type":"Новое строительство","fin_source":"Внебюджетные источники","input_fact":"2025-07-04 00:00:00","input_plan":"2026-12-31","lat":55.75430656220659,"lng":37.530177474735254,"ring_count":14,"geom_source":"polygon","archived":true,"archived_at":"2026-07-15","last_seen":"2026-06-24"},"geometry":{"type":"MultiPolygon","coordinates":[[[[37.530178587168365,55.754303328529765],[37.53017046184973,55.75429964797334],[37.53016282032783,55.754303961012056],[37.53017237971297,55.754308539396455],[37.530178587168365,55.754303328529765]]],[[[37.530129902798585,55.75437133159639],[37.53012050596661,55.75437115420193],[37.53011716487839,55.75437582548084],[37.530128952722094,55.754378696815],[37.530129902798585,55.75437133159639]]],[[[37.529719798805345,55.75437969182762],[37.52953449814817,55.754495599138075],[37.52953991519023,55.75449829238223],[37.529524314449525,55.754508355526234],[37.52951889747306,55.75450575209832],[37.52931673464875,55.75465094334562],[37.52917491295222,55.754768726181126],[37.529109344698206,55.754837900350736],[37.529069088638146,55.75489153033651],[37.529024071258014,55.75496851381262],[37.529001813152306,55.75502330726634],[37.52897958331225,55.75511744054043],[37.52897644080562,55.75517698990839],[37.528980470400995,55.75524345353972],[37.528994363612696,55.75529446639287],[37.52902258326069,55.75533451828962],[37.529064974765944,55.75537007607709],[37.52909971026831,55.75539027691017],[37.529786506216844,55.75434581513096],[37.529719798805345,55.75437969182762]]],[[[37.52950412332397,55.755208483521166],[37.52949281163543,55.755203636043184],[37.52948357795738,55.75520902721381],[37.529495686981726,55.7552152217612],[37.52950412332397,55.755208483521166]]],[[[37.529473120531506,55.755283218463745],[37.52946260517396,55.755278370797484],[37.529452575256734,55.75528394178514],[37.52946245445636,55.755290047037924],[37.529473120531506,55.755283218463745]]],[[[37.5294427531888,55.755355887459515],[37.52943191960393,55.75535148894955],[37.529422367145365,55.75535661073878],[37.529433043037706,55.755363164893346],[37.5294427531888,55.755355887459515]]],[[[37.52941031567814,55.75542918564698],[37.52940027836273,55.75542469713219],[37.529389929792714,55.75543017837167],[37.529400446166754,55.75543637329824],[37.52941031567814,55.75542918564698]]],[[[37.53025095326032,55.75417065155147],[37.530237101238235,55.75417604388497],[37.53023535411705,55.75418242130854],[37.530263379194956,55.75417495979176],[37.53025095326032,55.75417065155147]]],[[[37.53022376415107,55.75423083543282],[37.530214843866155,55.754228951409026],[37.5302091134139,55.75423308435984],[37.53021867278715,55.75423766274068],[37.53022376415107,55.75423083543282]]],[[[37.53082415739173,55.75438921736373],[37.530817948768615,55.754392811557636],[37.530825433863896,55.754392270829484],[37.53082415739173,55.75438921736373]]],[[[37.53085893894932,55.75446932561519],[37.53085097390216,55.75446708213632],[37.53085113475503,55.75446914788749],[37.53085893894932,55.75446932561519]]],[[[37.53089004970925,55.75453928543532],[37.53088400040417,55.7545429694105],[37.53089164410335,55.75454153046977],[37.53089004970925,55.75453928543532]]],[[[37.530921481396156,55.75461220912834],[37.53091718457334,55.75461661121186],[37.530923872614274,55.754615082686094],[37.530921481396156,55.75461220912834]]],[[[37.5304360449407,55.755466037285395],[37.53059881742613,55.75546339328199],[37.53071555089697,55.7554479164393],[37.530819213906376,55.755419149764684],[37.53091474071082,55.755373140137195],[37.530976977792626,55.75532444409503],[37.53102200394494,55.75526326769133],[37.53103789239369,55.75521341537221],[37.53105038046059,55.75509153067925],[37.5310434138831,55.754938843545496],[37.531030299268764,55.75486816081283],[37.53101081086979,55.75479343787933],[37.530998369892295,55.75476999870367],[37.53100202979083,55.75476577640771],[37.53097090860874,55.75468279315994],[37.53088204648609,55.75469458094066],[37.530723932223545,55.75432807641689],[37.53079257148114,55.754322401235314],[37.530811200420224,55.75431566041961],[37.530793648960774,55.754273630353104],[37.53074725948814,55.75421723658921],[37.53067953951686,55.75417512888885],[37.530604824272736,55.754149100085186],[37.53049189301348,55.75413296033177],[37.53040414019336,55.75413594543633],[37.5302796123429,55.7541591481151],[37.53013389138467,55.75438058179427],[37.53001365781982,55.754397136722424],[37.530024826171534,55.754423540261584],[37.52997800664274,55.75442992837798],[37.530027304048886,55.754542547166174],[37.52973187776641,55.75499179165833],[37.52969695869994,55.75537001910567],[37.52972882726663,55.755389681532456],[37.52972377470073,55.755449321183015],[37.5304360449407,55.755466037285395]]]]}},{"type":"Feature","properties":{"id":53906,"uin":"HH6056-04-0002-000","name":"Реконструкция и развитие Малого кольца Московской железной дороги. Организация пассажирского железнодорожного движения» – 52 этап – Строительство ТПУ с интеграцией остановочного пункта Кутузово со станцией метро Кутузовский проспект Филевской линии метрополитена (Северный и Южный терминал)","area":"ЗАО","district":"Дорогомилово","address":"г. Москва, м.о. Дорогомилово","res_complex":null,"state":"Сдан","fno_name":"Пассажирская железнодорожная станция, платформа, остановочный пункт","fno_codes":"004, 010, 006","job_type":"Реконструкция, строительство","fin_source":"Внебюджетные источники","input_fact":"2025-12-18 00:00:00","input_plan":"2025-12-18","lat":55.7396344478719,"lng":37.53451750014434,"ring_count":2,"geom_source":"polygon","archived":true,"archived_at":"2026-07-15","last_seen":"2026-06-24"},"geometry":{"type":"MultiPolygon","coordinates":[[[[37.53438915894557,55.73947426374878],[37.53443066313463,55.73942402530107],[37.53434162463652,55.739414004191495],[37.53431198240921,55.73945419395666],[37.53438915894557,55.73947426374878]]],[[[37.53472782321943,55.739878321111135],[37.5348227313382,55.73981132542443],[37.53464463505442,55.73977119287348],[37.53459720405789,55.73983147843999],[37.53472782321943,55.739878321111135]]]]}},{"type":"Feature","properties":{"id":12426,"uin":"HH6150-01-0003-000","name":"Москва Пресненская набережная д.8 стр.1 ММДЦ \"Москва-Сити\" участок 9, МФК \"Город Столиц\" \"Башня Санкт-Петербург\" этаж 60, пом. 603С/1","area":"ЦАО","district":"Пресненский","address":"Москва Пресненская набережная д.8 стр.1 ММДЦ \"Москва-Сити\" участок 9, МФК \"Город Столиц\" \"Башня Санкт-Петербург\" этаж 60, пом. 603С/1","res_complex":null,"state":"В строительстве","fno_name":"Офисное здание","fno_codes":"001, 005, 001","job_type":"Новое строительство","fin_source":null,"input_fact":null,"input_plan":null,"lat":55.7498873041985,"lng":37.53832841391016,"ring_count":1,"geom_source":"polygon","archived":true,"archived_at":"2026-07-15","last_seen":"2026-06-24"},"geometry":{"type":"Polygon","coordinates":[[[37.538232189386214,55.749921621831064],[37.53820677697029,55.74983590877757],[37.53843472669634,55.74980726576144],[37.53853618721874,55.74995010243296],[37.538232189386214,55.749921621831064]]]}},{"type":"Feature","properties":{"id":34737,"uin":"HH6245-10-0001-000","name":"Уточнение состава квартир (перепланировка 2-х комнатной в 4-х комнатную)\n Жилой комплекс и электротяговая подстанция","area":"ЦАО","district":"Пресненский","address":"Шмитовский пр. вл. 20","res_complex":null,"state":"Сдан","fno_name":"Многоэтажный многоквартирный дом","fno_codes":"010, 001, 001","job_type":"Новое строительство","fin_source":"Внебюджетные источники","input_fact":null,"input_plan":"2008-12-31","lat":55.757179567632576,"lng":37.542863258587616,"ring_count":4,"geom_source":"polygon","archived":true,"archived_at":"2026-07-15","last_seen":"2026-06-24"},"geometry":{"type":"MultiPolygon","coordinates":[[[[37.54200541004439,55.75690776434379],[37.54222940729946,55.75696107103508],[37.542280759642864,55.75689245323567],[37.541921819471966,55.756807032702824],[37.54182576272819,55.75693538341638],[37.541960706331665,55.75696749746452],[37.54200541004439,55.75690776434379]]],[[[37.54277477620504,55.75722094972042],[37.54279835002719,55.75722645785329],[37.54279050433496,55.75723713519424],[37.5428129523341,55.757242380275486],[37.542863258587616,55.757179567632576],[37.542813693409265,55.75716798650985],[37.54277477620504,55.75722094972042]]],[[[37.541823291504144,55.75732949251721],[37.54191456211906,55.7573662089572],[37.54198591894829,55.75738358260158],[37.54198603783377,55.757496492437824],[37.54245415978294,55.757496334734306],[37.542569406414444,55.75751285103466],[37.542574900140686,55.7575004484322],[37.54269339849765,55.75750659893562],[37.54270704545531,55.757355530893335],[37.54257627991158,55.75734885694012],[37.54249555746314,55.7573345528524],[37.54249542352867,55.75720890663182],[37.54205514697522,55.757209054954124],[37.54197020612535,55.75709100528174],[37.54187643376309,55.757114170429524],[37.541865876579436,55.757099166288896],[37.54174652510457,55.75712556838],[37.54176438461421,55.75715082977167],[37.54165737591531,55.75717471321284],[37.54174050749023,55.75729235204244],[37.54178933487884,55.75728104537988],[37.541823291504144,55.75732949251721]]]]}},{"type":"Feature","properties":{"id":48077,"uin":"HH6249-04-0001-000","name":"Здание для осуществления выставочно-ярмарочной и конгрессной деятельности","area":"ЦАО","district":"Пресненский","address":"набережная Краснопресненская, дом 14","res_complex":null,"state":"Планируемый","fno_name":"Выставочный зал","fno_codes":"003, 001, 003","job_type":"Реконструкция","fin_source":"Внебюджетные источники","input_fact":null,"input_plan":null,"lat":55.75092496259122,"lng":37.54290918823306,"ring_count":1,"geom_source":"polygon","archived":true,"archived_at":"2026-07-15","last_seen":"2026-06-24"},"geometry":{"type":"Polygon","coordinates":[[[37.54290918823306,55.75092496259122],[37.54361714220525,55.751157771523886],[37.54378319872728,55.75099162961479],[37.54306575039568,55.75076150366975],[37.54290918823306,55.75092496259122]]]}},{"type":"Feature","properties":{"id":33001,"uin":"HH6315-10-0001-000","name":"Многофункциональный жилой комплекс","area":"САО","district":"Аэропорт","address":"г. Москва, САО, район Аэропорт, Кочновский проезд, вл. 4","res_complex":null,"state":"Сдан","fno_name":"Многоэтажный многоквартирный дом","fno_codes":"010, 001, 001","job_type":"Новое строительство","fin_source":"Внебюджетные источники","input_fact":null,"input_plan":"2008-12-31","lat":55.80583380905139,"lng":37.542473179118886,"ring_count":20,"geom_source":"polygon","archived":true,"archived_at":"2026-07-15","last_seen":"2026-06-24"},"geometry":{"type":"Polygon","coordinates":[[[37.54177859321312,55.80570954937253],[37.54158319694764,55.805794697175024],[37.54162006424865,55.805821818436286],[37.541379413889054,55.80592697720037],[37.54142383284005,55.805960492615775],[37.54113018579947,55.80609100350273],[37.541037572275286,55.80615872543004],[37.544968979060165,55.80768920019395],[37.54647018833992,55.80698058165685],[37.54654426949788,55.806920621003364],[37.546790476230335,55.8067530490117],[37.544385164943066,55.805819666392246],[37.544092453069204,55.80569902605604],[37.54353447824167,55.80615479566106],[37.54220707998861,55.8056441960608],[37.542163764207594,55.80566507794228],[37.54214068011048,55.80565608910211],[37.54200993118758,55.80571606671903],[37.54199613948614,55.80571032968054],[37.541957745462916,55.80573960584476],[37.54197375737575,55.80574626645266],[37.54193899487246,55.805761136553166],[37.54190926077779,55.80575004633308],[37.541863370860874,55.80577059615401],[37.54177859321312,55.80570954937253]]]}},{"type":"Feature","properties":{"id":48325,"uin":"HH6367-06-0002-000","name":"Дворец падел-тенниса","area":"ЦАО","district":"Хамовники","address":"ул. Лужники, з/у 24","res_complex":null,"state":"Планируемый","fno_name":"Спортивный центр","fno_codes":"006, 006, 002","job_type":"Новое строительство","fin_source":"Внебюджетные источники","input_fact":null,"input_plan":"2030-12-30","lat":55.720560638549834,"lng":37.54574144506159,"ring_count":1,"geom_source":"polygon","archived":true,"archived_at":"2026-07-15","last_seen":"2026-06-24"},"geometry":{"type":"Polygon","coordinates":[[[37.54574144506159,55.720560638549834],[37.545751591188655,55.72057154003177],[37.54613297906392,55.72078364929354],[37.54615400748332,55.72078861911146],[37.54617948832804,55.72078539482455],[37.54656533114342,55.720565170107704],[37.54657319416461,55.72055476531902],[37.54657082506644,55.72054352580045],[37.546534365364224,55.72052071478509],[37.54680257915622,55.72036706887873],[37.54682864646627,55.720368372638035],[37.54685193948768,55.720361539112325],[37.54726715821572,55.72012368185688],[37.547225649295655,55.72010044866092],[37.547540919301944,55.719914948078305],[37.54743100414812,55.719876612745615],[37.54745814064231,55.71986088474529],[37.547132663324916,55.719747537101185],[37.54626237188414,55.72024609868013],[37.546287818101945,55.720260346503586],[37.54617869758584,55.720322857937525],[37.54615305074189,55.720308716687825],[37.545746219109546,55.72054176299798],[37.54574144506159,55.720560638549834]]]}},{"type":"Feature","properties":{"id":48126,"uin":"HH6422-01-0002-000","name":"Офисы","area":"САО","district":"Аэропорт","address":"Красноармейская ул., вл. 1/7, корп. 1","res_complex":null,"state":"Планируемый","fno_name":"Офисное здание","fno_codes":"001, 005, 001","job_type":"Новое строительство","fin_source":"Внебюджетные источники","input_fact":null,"input_plan":"2027-12-31","lat":55.79652397878177,"lng":37.54917814754396,"ring_count":1,"geom_source":"polygon","archived":true,"archived_at":"2026-07-15","last_seen":"2026-06-24"},"geometry":{"type":"Polygon","coordinates":[[[37.54917814754396,55.79652397878177],[37.54962545160816,55.796775605013174],[37.5502526983142,55.796424437762454],[37.550028954381176,55.796226299655935],[37.54987688661093,55.79630404426806],[37.54978172929491,55.79626122211128],[37.54968194107748,55.79631751562829],[37.54961058325064,55.79629343516336],[37.54917814754396,55.79652397878177]]]}},{"type":"Feature","properties":{"id":49223,"uin":"HH6639-10-0001-000","name":"Жилой многоквартирный дом","area":"ЦАО","district":"Пресненский","address":"Большая Декабрьская ул., вл. 11","res_complex":null,"state":"Планируемый","fno_name":"Многоэтажный многоквартирный дом","fno_codes":"010, 001, 001","job_type":"Новое строительство","fin_source":"Городской бюджет","input_fact":null,"input_plan":"2032-07-31","lat":55.76668518374465,"lng":37.5554551648906,"ring_count":1,"geom_source":"polygon","archived":true,"archived_at":"2026-07-15","last_seen":"2026-06-24"},"geometry":{"type":"Polygon","coordinates":[[[37.5554551648906,55.76668518374465],[37.556091669700756,55.76668489927327],[37.556091796783704,55.76677475284764],[37.555455290509705,55.766775037319974],[37.5554551648906,55.76668518374465]]]}},{"type":"Feature","properties":{"id":32941,"uin":"HH6641-01-0001-000","name":"Капитальный ремонт с переоборудованием административно-производственного здания","area":"ЦАО","district":"Пресненский","address":"Звенигородское шоссе дом 18/20 корп. 1, 2","res_complex":null,"state":"Сдан","fno_name":"Офисное здание","fno_codes":"001, 005, 001","job_type":"Капитальный ремонт","fin_source":"Внебюджетные источники","input_fact":null,"input_plan":"2011-12-31","lat":55.764501380980775,"lng":37.55586663954487,"ring_count":1,"geom_source":"polygon","archived":true,"archived_at":"2026-07-15","last_seen":"2026-06-24"},"geometry":{"type":"Polygon","coordinates":[[[37.55586663954487,55.764501380980775],[37.55586623473946,55.76421396726947],[37.55637601432414,55.76421373798526],[37.55637642287933,55.764501151694105],[37.55586663954487,55.764501380980775]]]}},{"type":"Feature","properties":{"id":9719,"uin":"HH6652-01-0001-000","name":"Административно-деловой комплекс с подземной автостоянкой","area":"ЗАО","district":"Дорогомилово","address":"ул. Большая Дорогомиловская, д. 9, корп. 2","res_complex":null,"state":"В строительстве","fno_name":"Деловой центр","fno_codes":"001, 005, 002","job_type":"Новое строительство","fin_source":"Внебюджетные источники","input_fact":null,"input_plan":"2025-05-23","lat":55.745015851816554,"lng":37.554267523742546,"ring_count":5,"geom_source":"polygon","archived":true,"archived_at":"2026-07-15","last_seen":"2026-06-24"},"geometry":{"type":"MultiPolygon","coordinates":[[[[37.55415140679451,55.74512384150048],[37.5542646587568,55.74512643565786],[37.55426616429878,55.74510552208383],[37.554374328803846,55.745107999609864],[37.55438228087546,55.74499753229125],[37.554269029278785,55.74499493824213],[37.554267523742546,55.745015851816554],[37.55415935949908,55.74501337419647],[37.55415140679451,55.74512384150048]]],[[[37.55395583925546,55.745119361570104],[37.55409184944441,55.74512247723359],[37.55410242255228,55.74497561410189],[37.553966412873365,55.7449724984499],[37.55396517047733,55.744989754866786],[37.553879214788324,55.744987785752485],[37.55387481480759,55.74504889785441],[37.55369034084537,55.74504467163256],[37.55368601203656,55.745104791089965],[37.55364399182362,55.745103828385545],[37.553639470701214,55.74516661760199],[37.55360869937862,55.74516591260621],[37.55360396319875,55.74523168759967],[37.553634734573016,55.74523239259662],[37.553630216914506,55.74529513329415],[37.55382368613412,55.74529956565251],[37.55382842195251,55.74523379065135],[37.55379765057372,55.74523308570291],[37.553801952978176,55.745173330778016],[37.553832724310055,55.74517403572538],[37.55383705290091,55.74511391626351],[37.55387907312941,55.74511487890194],[37.55388010937559,55.745100486316986],[37.55395707127481,55.745102249394314],[37.55395583925546,55.745119361570104]]],[[[37.55429479721638,55.745183754971194],[37.554186632506784,55.74518127737525],[37.554178679845386,55.74529174467799],[37.5542919322958,55.74529433881009],[37.55429343782962,55.74527342523626],[37.55440160280086,55.74527590273814],[37.55440276440165,55.74525976614925],[37.554521889938634,55.745262494590605],[37.55452072225162,55.74527871641369],[37.55462888725178,55.745281193715506],[37.554626757253246,55.74531078533317],[37.55474000978824,55.74531337905235],[37.55474796086815,55.745202911714024],[37.55463979607707,55.745200434516974],[37.554641926059794,55.74517084289851],[37.554528673944084,55.74516824908884],[37.5545244643967,55.74522672947653],[37.554405338968465,55.745224001037606],[37.55440955482926,55.74516543542085],[37.55429630274446,55.745162841397004],[37.55429479721638,55.745183754971194]]],[[[37.55395138959365,55.74549026895723],[37.55395263128984,55.745473022565314],[37.55406208219491,55.745475529811706],[37.55407003522274,55.74536506251981],[37.5539567825821,55.74536246818329],[37.553955540891224,55.74537971457553],[37.553851177706306,55.745377323781646],[37.55385241944314,55.74536007739042],[37.55362591423431,55.74535488821189],[37.5536179599538,55.74546535547551],[37.55383937834422,55.74547042812068],[37.55383813659815,55.74548767451146],[37.55395138959365,55.74549026895723]]],[[[37.55439329099362,55.74539136733383],[37.554285125703515,55.74538888982482],[37.55428663756918,55.7453678883958],[37.55417338490609,55.745365294258875],[37.55416543217022,55.74547576155743],[37.55427359769312,55.74547823917171],[37.55427208581623,55.74549924060018],[37.554385338873736,55.74550183464601],[37.55438945520863,55.74544465243096],[37.55450858130796,55.74544738088504],[37.554504465147026,55.745504563103985],[37.554617718235264,55.74550715693567],[37.55461972309508,55.74547930407407],[37.55472788865634,55.745481781288525],[37.554735839804415,55.745371313954024],[37.554622587101875,55.74536872023108],[37.554620582249726,55.74539657309323],[37.55451241693092,55.74539409578425],[37.55451115579027,55.74541161577231],[37.5543920297997,55.74540888732067],[37.55439329099362,55.74539136733383]]]]}},{"type":"Feature","properties":{"id":36323,"uin":"HH6885-99-0001-000","name":"фондохранилище Дарвиновского музея (главный корпус)","area":"ЮЗАО","district":"Академический","address":"Ульянова Дмитрия ул. вл. 6","res_complex":null,"state":"Сдан","fno_name":null,"fno_codes":null,"job_type":null,"fin_source":"Городской бюджет","input_fact":null,"input_plan":"2010-12-31","lat":55.69026866157302,"lng":37.5601657297716,"ring_count":1,"geom_source":"polygon","archived":true,"archived_at":"2026-07-15","last_seen":"2026-06-24"},"geometry":{"type":"Polygon","coordinates":[[[37.5601657297716,55.69026866157302],[37.56016529455528,55.68998124438291],[37.560674107890605,55.68998099748716],[37.560674546839195,55.69026841467462],[37.5601657297716,55.69026866157302]]]}},{"type":"Feature","properties":{"id":36327,"uin":"HH6978-99-0001-000","name":"пристройка к родильному дому №25","area":"ЮЗАО","district":"Гагаринский","address":"Фотиевой ул. вл. 6","res_complex":null,"state":"Сдан","fno_name":"Вспомогательный объект здравоохранения иного типа","fno_codes":"005, 006, 007","job_type":"Новое строительство","fin_source":"Внебюджетные источники","input_fact":null,"input_plan":"2018-12-31","lat":55.702543037624096,"lng":37.5637978088362,"ring_count":1,"geom_source":"polygon","archived":true,"archived_at":"2026-07-15","last_seen":"2026-06-24"},"geometry":{"type":"Polygon","coordinates":[[[37.5637978088362,55.702543037624096],[37.56379734676551,55.702255621032464],[37.56430631951661,55.70225535904922],[37.56430678532246,55.70254277563806],[37.5637978088362,55.702543037624096]]]}},{"type":"Feature","properties":{"id":52676,"uin":"HH7041-04-0001-000","name":"Гостиница","area":"ЦАО","district":"Пресненский","address":"Столярный пер., вл.3 , к. 34","res_complex":null,"state":"Планируемый","fno_name":"Гостиница","fno_codes":"004, 004, 001","job_type":"Новое строительство","fin_source":"Внебюджетные источники","input_fact":null,"input_plan":"2028-12-31","lat":55.76436620328963,"lng":37.57023613012998,"ring_count":1,"geom_source":"polygon","archived":true,"archived_at":"2026-07-15","last_seen":"2026-06-24"},"geometry":{"type":"Polygon","coordinates":[[[37.57023613012998,55.76436620328963],[37.5702480383834,55.76425347524288],[37.57019133336595,55.76425826753315],[37.570034653801486,55.763667176174664],[37.569566994676336,55.763701926182264],[37.569559616072446,55.76367309865364],[37.569217309917725,55.763696460770085],[37.56924156165067,55.76380979704469],[37.56917296709945,55.76384800726246],[37.56913091575094,55.763851263703835],[37.56916610906719,55.76402755612038],[37.56948818483996,55.76400357655126],[37.56951118220907,55.764128051290434],[37.569517554090105,55.76412759823886],[37.56957358938072,55.7643786072132],[37.56962957535475,55.76441800620512],[37.570114304828266,55.764392228187695],[37.57010869222058,55.76437103452479],[37.57023613012998,55.76436620328963]]]}},{"type":"Feature","properties":{"id":52709,"uin":"HH7337-01-0001-000","name":"Нежилое здание","area":"ЦАО","district":"Пресненский","address":"Средний Тишинский пер., д. 14, стр. 4","res_complex":null,"state":"Планируемый","fno_name":"Административно-управленческий объект иного типа","fno_codes":"001, 004, 007","job_type":"Сохранение объекта культурного наследия (реконструкция)","fin_source":"Внебюджетные источники","input_fact":null,"input_plan":"2023-12-31","lat":55.77038545382923,"lng":37.57869923447643,"ring_count":1,"geom_source":"polygon","archived":true,"archived_at":"2026-07-15","last_seen":"2026-06-24"},"geometry":{"type":"Polygon","coordinates":[[[37.57869923447643,55.77038545382923],[37.57892608853724,55.77035785257877],[37.578952382653334,55.77043685947552],[37.57873147086012,55.77046579639187],[37.57869923447643,55.77038545382923]]]}},{"type":"Feature","properties":{"id":51129,"uin":"HH7386-08-0001-000","name":"Здание образовательной организации на 500 мест (400 школьных (БНК) и 100 дошкольных) (с возможностью трансформации), р-н Академический","area":"ЮЗАО","district":"Академический","address":"р-н Академический","res_complex":null,"state":"Планируемый","fno_name":"Общеобразовательная организация","fno_codes":"008, 001, 003","job_type":"Новое строительство","fin_source":"Городской бюджет","input_fact":null,"input_plan":"2027-12-31","lat":55.68842470997156,"lng":37.57956140845047,"ring_count":1,"geom_source":"polygon","archived":true,"archived_at":"2026-07-15","last_seen":"2026-06-24"},"geometry":{"type":"Polygon","coordinates":[[[37.5791781673362,55.688384237287785],[37.57952971538527,55.68870011114891],[37.580126776597226,55.68848006528077],[37.57979421548005,55.68817489611825],[37.5791781673362,55.688384237287785]]]}},{"type":"Feature","properties":{"id":49770,"uin":"HH7458-05-0002-000","name":"Роддом АО «Медси2»","area":"ЦАО","district":"Хамовники","address":"улица Россолимо,  земельный участок 10; улица Большая Пироговская,  дом 7","res_complex":null,"state":"Планируемый","fno_name":"Больница","fno_codes":"005, 001, 001","job_type":"Новое строительство","fin_source":"Внебюджетные источники","input_fact":null,"input_plan":null,"lat":55.7357109838619,"lng":37.580046824025395,"ring_count":1,"geom_source":"polygon","archived":true,"archived_at":"2026-07-15","last_seen":"2026-06-24"},"geometry":{"type":"Polygon","coordinates":[[[37.580046824025395,55.7357109838619],[37.580778686993156,55.73605339389501],[37.580996780560696,55.73590324005019],[37.5802744249527,55.7355661827247],[37.580046824025395,55.7357109838619]]]}},{"type":"Feature","properties":{"id":48036,"uin":"HH7540-99-0002-000","name":"Строительство лечебного корпуса ДГКБ им. Н.Ф.Филатова на 650 коек","area":"ЦАО","district":"Пресненский","address":"Садовая-Кудринская ул., д. 15","res_complex":null,"state":"Планируемый","fno_name":"Детская поликлиника","fno_codes":"005, 002, 005","job_type":"Новое строительство","fin_source":"Городской бюджет","input_fact":null,"input_plan":"2016-12-31","lat":55.76528028869048,"lng":37.586209867935295,"ring_count":1,"geom_source":"polygon","archived":true,"archived_at":"2026-07-15","last_seen":"2026-06-24"},"geometry":{"type":"Polygon","coordinates":[[[37.586209867935295,55.76528028869048],[37.5862092399177,55.764992875202516],[37.586719029331604,55.76499252007951],[37.586719661099146,55.765279933563654],[37.586209867935295,55.76528028869048]]]}},{"type":"Feature","properties":{"id":50659,"uin":"HH7696-10-0004-000","name":"Жилой дом в зоне 13.1","area":"ЮЗАО","district":"Котловка","address":"мкр. 67, 68; кв. 103, 104, 105, 106 района Котловка","res_complex":null,"state":"Планируемый","fno_name":"Многоэтажный многоквартирный дом","fno_codes":"010, 001, 001","job_type":"Новое строительство","fin_source":"Городской бюджет","input_fact":null,"input_plan":"2029-12-31","lat":55.67256483700355,"lng":37.59014278688852,"ring_count":1,"geom_source":"polygon","archived":true,"archived_at":"2026-07-15","last_seen":"2026-06-24"},"geometry":{"type":"Polygon","coordinates":[[[37.59014278688852,55.67256483700355],[37.59031585795271,55.67271993799565],[37.59053130121578,55.672648811428544],[37.59053890984383,55.67264151103565],[37.59024132967059,55.672362657020024],[37.590225305167614,55.67235844595178],[37.58909558428438,55.6727467158045],[37.589088177403724,55.672755892678936],[37.58955708711168,55.67319161602046],[37.589576117353566,55.67319536838414],[37.58978235766532,55.67312453953035],[37.589789789376674,55.673115482765866],[37.58945343211508,55.67280236968195],[37.59014278688852,55.67256483700355]]]}},{"type":"Feature","properties":{"id":52146,"uin":"HH7696-10-0005-000","name":"Жилой дом в зоне 13.1","area":"ЮЗАО","district":"Котловка","address":"мкр. 67, 68; кв. 103, 104, 105, 106 района Котловка","res_complex":null,"state":"Планируемый","fno_name":"Многоэтажный многоквартирный дом","fno_codes":"010, 001, 001","job_type":"Новое строительство","fin_source":"Городской бюджет","input_fact":null,"input_plan":"2029-12-31","lat":55.67256483700355,"lng":37.59014278688852,"ring_count":1,"geom_source":"polygon","archived":true,"archived_at":"2026-07-15","last_seen":"2026-06-24"},"geometry":{"type":"Polygon","coordinates":[[[37.59014278688852,55.67256483700355],[37.59031585795271,55.67271993799565],[37.59053130121578,55.672648811428544],[37.59053890984383,55.67264151103565],[37.59024132967059,55.672362657020024],[37.590225305167614,55.67235844595178],[37.58909558428438,55.6727467158045],[37.589088177403724,55.672755892678936],[37.58955708711168,55.67319161602046],[37.589576117353566,55.67319536838414],[37.58978235766532,55.67312453953035],[37.589789789376674,55.673115482765866],[37.58945343211508,55.67280236968195],[37.59014278688852,55.67256483700355]]]}},{"type":"Feature","properties":{"id":52023,"uin":"HH7696-10-0006-000","name":"Жилой дом в зоне 13.1","area":"ЮЗАО","district":"Котловка","address":"мкр. 67, 68; кв. 103, 104, 105, 106 района Котловка","res_complex":null,"state":"Планируемый","fno_name":"Многоэтажный многоквартирный дом","fno_codes":"010, 001, 001","job_type":"Новое строительство","fin_source":"Городской бюджет","input_fact":null,"input_plan":"2029-12-31","lat":55.67256483700355,"lng":37.59014278688852,"ring_count":1,"geom_source":"polygon","archived":true,"archived_at":"2026-07-15","last_seen":"2026-06-24"},"geometry":{"type":"Polygon","coordinates":[[[37.59014278688852,55.67256483700355],[37.59031585795271,55.67271993799565],[37.59053130121578,55.672648811428544],[37.59053890984383,55.67264151103565],[37.59024132967059,55.672362657020024],[37.590225305167614,55.67235844595178],[37.58909558428438,55.6727467158045],[37.589088177403724,55.672755892678936],[37.58955708711168,55.67319161602046],[37.589576117353566,55.67319536838414],[37.58978235766532,55.67312453953035],[37.589789789376674,55.673115482765866],[37.58945343211508,55.67280236968195],[37.59014278688852,55.67256483700355]]]}},{"type":"Feature","properties":{"id":54897,"uin":"HH7707-01-0001-000","name":"Административно-деловое  здание","area":"СВАО","district":"Бутырский","address":"Огородный пр-д, вл. 20","res_complex":null,"state":"Планируемый","fno_name":"Офисное здание","fno_codes":"001, 005, 001","job_type":"Новое строительство","fin_source":"Внебюджетные источники","input_fact":null,"input_plan":"2030-12-31","lat":55.82054569746721,"lng":37.592372506714426,"ring_count":1,"geom_source":"polygon","archived":true,"archived_at":"2026-07-15","last_seen":"2026-06-24"},"geometry":{"type":"Polygon","coordinates":[[[37.592727747199355,55.820318260072845],[37.5923095027697,55.820586104159666],[37.5928421048337,55.82084966892486],[37.59290521240891,55.820809359546004],[37.59366417287596,55.82118490366048],[37.59354117149463,55.8212637514717],[37.59392445001142,55.82145342234762],[37.59440277920698,55.82114712162914],[37.59401943676804,55.82095740748167],[37.593715399516114,55.82115208880413],[37.59363061831454,55.8211101363622],[37.59378252871816,55.821012834989155],[37.593736679233146,55.820990052043804],[37.593888595195786,55.82089266509775],[37.592727747199355,55.820318260072845]]]}},{"type":"Feature","properties":{"id":12226,"uin":"HH7840-99-0001-000","name":"Воссоздание утраченных строений и реконструкция.","area":"ЦАО","district":"Тверской","address":"г.Москва, Ермолаевский пер., д.22-26, стр.1 (этаж 5, пом.II, комн. 1-14; пом.III, комн.1; комн.Б)","res_complex":null,"state":"Сдан","fno_name":"Административно-управленческий объект иного типа","fno_codes":"001, 004, 007","job_type":"Реконструкция","fin_source":null,"input_fact":null,"input_plan":"2011-12-31","lat":55.765829411476645,"lng":37.594559973469,"ring_count":1,"geom_source":"polygon","archived":true,"archived_at":"2026-07-15","last_seen":"2026-06-24"},"geometry":{"type":"Polygon","coordinates":[[[37.59435632856581,55.76594453214355],[37.594355640606935,55.765657118750745],[37.594865438573734,55.765656729840444],[37.5948661302827,55.76594414322908],[37.59435632856581,55.76594453214355]]]}},{"type":"Feature","properties":{"id":12158,"uin":"HH7955-99-0002-000","name":"Реставрация (реконструкция) объекта культурного наследия","area":"ЦАО","district":"Хамовники","address":"Остоженка ул. вл.17/4 стр.1","res_complex":null,"state":"Сдан","fno_name":"Культовый и религиозный объект иного типа","fno_codes":"003, 004, 016","job_type":null,"fin_source":"Внебюджетные источники","input_fact":null,"input_plan":"2008-12-31","lat":55.74098440977224,"lng":37.598938690077766,"ring_count":1,"geom_source":"polygon","archived":true,"archived_at":"2026-07-15","last_seen":"2026-06-24"},"geometry":{"type":"Polygon","coordinates":[[[37.59873518738477,55.74109953810941],[37.59873446788492,55.7408121235822],[37.5992439418707,55.740811716631335],[37.599244665114774,55.74109913115417],[37.59873518738477,55.74109953810941]]]}},{"type":"Feature","properties":{"id":32737,"uin":"HH8122-02-0001-000","name":"Технологический колледж № 14","area":"СВАО","district":"Марьина Роща","address":"г. Москва, СВАО, район Марьина роща, 3-й Стрелецкий проезд, вл. 3","res_complex":null,"state":"Сдан","fno_name":"Профессиональная образовательная организация","fno_codes":"002, 001, 001","job_type":"Капитальный ремонт","fin_source":"Городской бюджет","input_fact":null,"input_plan":"2009-12-31","lat":55.795752215827214,"lng":37.604737714865934,"ring_count":1,"geom_source":"polygon","archived":true,"archived_at":"2026-07-15","last_seen":"2026-06-24"},"geometry":{"type":"Polygon","coordinates":[[[37.604737714865934,55.795752215827214],[37.604740788376446,55.79570865195379],[37.60476948917523,55.795709526032574],[37.60476947016682,55.79570234068043],[37.6048523755187,55.795701821964414],[37.6048510597232,55.79562637670441],[37.604743756172425,55.79562511955825],[37.60476745766525,55.79524292788014],[37.60487587501323,55.79524373498361],[37.60487885437852,55.795164693424084],[37.60477681221215,55.79516298279974],[37.60477984642552,55.79510459913091],[37.60453748897337,55.79509761701492],[37.60453445202741,55.79515510250887],[37.60446748525211,55.79515336224234],[37.60446451453051,55.79523599646877],[37.60450596730605,55.795235961762955],[37.60450288290555,55.795275483873134],[37.604588981962344,55.79527720808752],[37.604577834322356,55.795583942843166],[37.60449492803212,55.79558401228952],[37.60449820204835,55.79561634370498],[37.60444399878135,55.79561818542153],[37.60444103271282,55.79570261597915],[37.604469733500515,55.79570349012794],[37.604466660872355,55.79574750307927],[37.604737714865934,55.795752215827214]]]}},{"type":"Feature","properties":{"id":8311,"uin":"HH8146-02-0003-000","name":"Реконструкция, реставрация с частичным новым строительством и приспособлением к современным функциональным и инженерно-техническим требованиям комплекса зданий федерального государственного бюджетного образовательного учреждения высшего профессионального образования \"Московская государственная консерватория (университет) имени П.И. Чайковского\", Б.Никитская ул., д. 13/6, строение 1; д. 11/4, строения 1,2; М.Кисловский пер., д. 12/8, строение 2; Ср.Кисловский пер., д. 3, строения 1, 1а, 2, 3, 4 в рамках применения специальных мер, направленных на сохранение и регенерацию историко-градостроительной  и природной среды, г. Москва 5-й этап (5-я очередь)","area":"ЦАО","district":"Пресненский","address":"Никитская Б. ул. дом 13/6 стр. 1 ул.Большая Никитская, д. 15, стр. 2","res_complex":null,"state":"В строительстве","fno_name":"Образовательная организация высшего образования","fno_codes":"002, 001, 002","job_type":"Реконструкция","fin_source":"Федеральный бюджет","input_fact":null,"input_plan":"2017-04-20","lat":55.75588162422732,"lng":37.604361932373806,"ring_count":1,"geom_source":"polygon","archived":true,"archived_at":"2026-07-15","last_seen":"2026-06-24"},"geometry":{"type":"Polygon","coordinates":[[[37.604361932373806,55.75588162422732],[37.60449059069992,55.75615938016573],[37.60470814651165,55.75611894935306],[37.60493926075984,55.75655840295166],[37.60537221948478,55.7564932466067],[37.605218908461055,55.75628131884037],[37.605041094735505,55.75601857519142],[37.60501944371184,55.75602236587434],[37.60491950615611,55.75581551201415],[37.60472079985026,55.75584011047385],[37.60471743197035,55.75583140106396],[37.60468574736434,55.75583537980736],[37.60468895524923,55.75584381990208],[37.604634341669296,55.75585015325996],[37.604631773031464,55.755842520977566],[37.604600882620524,55.75584569067416],[37.60460345220687,55.75585368222483],[37.60459326189945,55.75585485845493],[37.60459053375885,55.75584713648937],[37.60455916647876,55.755850665846566],[37.604561894851976,55.75585847762983],[37.604552500663736,55.75585956336728],[37.60454993180288,55.755851841266214],[37.60451840500482,55.755855280930774],[37.604521133608664,55.75586318253167],[37.60450919201877,55.75586462968443],[37.60450646365565,55.755856817900046],[37.60447430023838,55.75586043772469],[37.60447702883361,55.7558683393267],[37.6044663607023,55.7558695159495],[37.60446347307538,55.7558617042985],[37.60443322067655,55.755865232683064],[37.6044361082977,55.75587304433475],[37.604361932373806,55.75588162422732]]]}},{"type":"Feature","properties":{"id":8555,"uin":"HH8146-02-0005-000","name":"Реконструкция с частичным новым строительством и приспособлением к современным функциональным и инженерно-техническим требованиям комплекса зданий ФГОУ ВПО (Университет) \"Московской государственной консерватории имени П.И. Чайковского\" (2 этап 4 очередь (подземный инженерный корпус за пределами габаритов главного здания консерватории, конструктивные решения \"нулевого цикла\")","area":"ЦАО","district":"Пресненский","address":"г. Москва, Б. Никитская ул., д. 13/6, стр. 1","res_complex":null,"state":"Подготовка к вводу в эксплуатацию","fno_name":"Образовательная организация высшего образования","fno_codes":"002, 001, 002","job_type":"Сохранение объекта культурного наследия (реконструкция)","fin_source":"Федеральный бюджет","input_fact":null,"input_plan":"2012-12-31","lat":55.75643925974757,"lng":37.60405508587659,"ring_count":1,"geom_source":"polygon","archived":true,"archived_at":"2026-07-15","last_seen":"2026-06-24"},"geometry":{"type":"Polygon","coordinates":[[[37.60405508587659,55.75643925974757],[37.604054326843745,55.75615184599035],[37.604564000676945,55.756151416905986],[37.60456476345766,55.75643883065861],[37.60405508587659,55.75643925974757]]]}},{"type":"Feature","properties":{"id":57452,"uin":"HH8251-10-0001-000","name":"Жилой дом","area":"ЦАО","district":"Хамовники","address":"Пречистинская наб., влд. 45/1","res_complex":null,"state":"Планируемый","fno_name":"Среднеэтажный многоквартирный дом","fno_codes":"010, 002, 001","job_type":"Реконструкция","fin_source":"Внебюджетные источники","input_fact":null,"input_plan":"2030-12-30","lat":55.74658805807942,"lng":37.60873449970073,"ring_count":2,"geom_source":"polygon","archived":true,"archived_at":"2026-07-15","last_seen":"2026-06-24"},"geometry":{"type":"MultiPolygon","coordinates":[[[[37.60823149068673,55.74612536841125],[37.60882272163632,55.74666919230254],[37.60844484454926,55.746837010213454],[37.60857647014404,55.74693244299463],[37.60902596960408,55.74673298549143],[37.60906513079883,55.746701865182715],[37.60907455214452,55.74667739207125],[37.60907314283266,55.74665826113088],[37.60906767444387,55.7466429687537],[37.609035444339824,55.74661231774678],[37.60839215446024,55.74602870795679],[37.60823149068673,55.74612536841125]]],[[[37.60789084463473,55.74667921324154],[37.60787487119228,55.746678236013906],[37.60768227337584,55.74676354918209],[37.607676818758506,55.74677108899508],[37.607980302800804,55.746984724662845],[37.6079911556928,55.74698654026828],[37.608187199502964,55.74689989285148],[37.60818665074233,55.74688671103912],[37.60805391295884,55.74679359910917],[37.60853513361166,55.746551698365586],[37.60839578566173,55.74646491199756],[37.607923501553095,55.74670211913431],[37.60789084463473,55.74667921324154]]]]}},{"type":"Feature","properties":{"id":54313,"uin":"HH8341-10-0001-000","name":"Дом Московского товарищества для ссуды под заклад движимых имуществ (ломбард), 1904 г., архитектор А.В. Иванов","area":"ЦАО","district":"Тверской","address":"улица Большая Дмитровка, д. 22, стр. 1","res_complex":null,"state":"Утверждена проектная документация","fno_name":"Среднеэтажный многоквартирный дом","fno_codes":"010, 002, 001","job_type":"Сохранение объекта культурного наследия (реконструкция)","fin_source":"Городской бюджет","input_fact":null,"input_plan":"2025-12-30","lat":55.763432557763316,"lng":37.61311635683571,"ring_count":1,"geom_source":"polygon","archived":true,"archived_at":"2026-07-15","last_seen":"2026-06-24"},"geometry":{"type":"Polygon","coordinates":[[[37.61304662080214,55.76346958847236],[37.613046343865435,55.7633731529972],[37.613222144576596,55.76337567115768],[37.6132200540646,55.7634747875674],[37.61304662080214,55.76346958847236]]]}},{"type":"Feature","properties":{"id":54616,"uin":"HH8343-10-0001-000","name":"Капитальный ремонт с проведением работ по сохранению объекта культурного наследия объект культурного наследия федерального значения \"Саввинское подворье\"","area":"ЦАО","district":"Тверской","address":"Тверская улица, д. 6, стр. 6","res_complex":null,"state":"Утверждена проектная документация","fno_name":"Среднеэтажный многоквартирный дом","fno_codes":"010, 002, 001","job_type":"Сохранение объекта культурного наследия (реконструкция)","fin_source":"Городской бюджет","input_fact":null,"input_plan":"2025-01-30","lat":55.760733994126795,"lng":37.611386364833294,"ring_count":1,"geom_source":"polygon","archived":true,"archived_at":"2026-07-15","last_seen":"2026-06-24"},"geometry":{"type":"Polygon","coordinates":[[[37.611386364833294,55.760733994126795],[37.61136571508602,55.76075458077695],[37.61158015854073,55.76082354679875],[37.61160080821138,55.7608029601129],[37.61191250998588,55.76090327380092],[37.6123954137562,55.76043165677837],[37.61183025452214,55.76026510890544],[37.61178896285381,55.76030870740543],[37.611801716253424,55.7603122885704],[37.61168102781156,55.76044353020895],[37.61165552095109,55.76043636785286],[37.61154435347448,55.760555026397604],[37.611553916022764,55.760556814123184],[37.61142369392017,55.760697045784454],[37.61140137277189,55.760689880509595],[37.611366435332336,55.760727635047054],[37.611386364833294,55.760733994126795]]]}},{"type":"Feature","properties":{"id":9889,"uin":"HH8452-04-0003-000","name":"Многофункциональный комплекс (c реставрацией и приспособлением выявленных объектов культурного наследия)","area":"ЦАО","district":"Якиманка","address":"Софийская набережная, вл. 4-10; Болотная площадь, вл. 14","res_complex":null,"state":"Подготовка к вводу в эксплуатацию","fno_name":"Гостиница","fno_codes":"004, 004, 001","job_type":"Новое строительство","fin_source":"Внебюджетные источники","input_fact":null,"input_plan":"2023-12-24","lat":55.74665964702717,"lng":37.61487870604153,"ring_count":4,"geom_source":"polygon","archived":true,"archived_at":"2026-07-15","last_seen":"2026-06-24"},"geometry":{"type":"MultiPolygon","coordinates":[[[[37.61499068091154,55.74645280168313],[37.61501809496581,55.746428929723486],[37.61494779779747,55.74640325343093],[37.61496585673751,55.74638751863425],[37.61484003627502,55.746335029521696],[37.614735891136846,55.746425724795856],[37.6145196604457,55.7463467332576],[37.61471890322907,55.74619157800886],[37.61457470340354,55.74612647735814],[37.61436960132228,55.74627092259338],[37.61430046619414,55.74632714021983],[37.61402905529032,55.74622363376325],[37.61387298529241,55.74635382388192],[37.6137563058622,55.7463011456128],[37.61354511113779,55.74646560634837],[37.61377317727377,55.74656858788377],[37.61389174041659,55.74648502062933],[37.61389010374972,55.7464696993145],[37.613840054803035,55.74644710244456],[37.613885969991536,55.746411339875415],[37.61411185418342,55.74649749104068],[37.61421021398008,55.74641543307456],[37.61487870604153,55.74665964702717],[37.61507910248034,55.746485098588735],[37.61499068091154,55.74645280168313]]],[[[37.615507649037845,55.746674851326674],[37.61535379145433,55.74679821514211],[37.615462022387746,55.74684115460646],[37.61561586387496,55.74671779067122],[37.615507649037845,55.746674851326674]]],[[[37.61535617978828,55.746923121747535],[37.61543035079523,55.74685757580496],[37.6153296126389,55.74681761126113],[37.61522865854798,55.74690507953223],[37.61531257271051,55.746931174094826],[37.61529206084326,55.746952147571584],[37.61531947443223,55.74696067262425],[37.61530272520807,55.7469778073996],[37.61536255702518,55.7469964156477],[37.61532848703005,55.74703126955245],[37.61520196998021,55.746991921725304],[37.6151878402516,55.7470063774922],[37.61514319754964,55.74699249737471],[37.6151716951635,55.746963343121166],[37.6148277833495,55.746856385067495],[37.614753498446845,55.74693236751436],[37.6155903041497,55.747194133321074],[37.61573887132701,55.747042140432576],[37.61535617978828,55.746923121747535]]],[[[37.61615140187427,55.74699240823839],[37.61615597098303,55.74698668259077],[37.616031116313295,55.74694971421271],[37.61599234719934,55.746956774274246],[37.61585162431219,55.74713330717695],[37.615802877370754,55.74712094007181],[37.61571998184345,55.74722492719091],[37.61600989889931,55.74729846748531],[37.6162673650099,55.747021822239255],[37.61615140187427,55.74699240823839]]]]}},{"type":"Feature","properties":{"id":35228,"uin":"HH8651-01-0002-000","name":"административное здание ( в осях А-С )","area":"ЦАО","district":"Якиманка","address":"Софийская наб. вл. 26/1","res_complex":null,"state":"Сдан","fno_name":"Офисное здание","fno_codes":"001, 005, 001","job_type":"Капитальный ремонт","fin_source":"Внебюджетные источники","input_fact":null,"input_plan":"2005-12-31","lat":55.747025943947776,"lng":37.61991711858993,"ring_count":1,"geom_source":"polygon","archived":true,"archived_at":"2026-07-15","last_seen":"2026-06-24"},"geometry":{"type":"Polygon","coordinates":[[[37.61991711858993,55.747025943947776],[37.619916243225816,55.74673852990129],[37.62042579407231,55.746738035097074],[37.62042667318204,55.74702544913826],[37.61991711858993,55.747025943947776]]]}},{"type":"Feature","properties":{"id":49164,"uin":"HH8772-10-0001-000","name":"Жилой многоквартирный дом","area":"ЮАО","district":"Даниловский","address":"Павловская ул., вл.18","res_complex":null,"state":"Планируемый","fno_name":"Многоэтажный многоквартирный дом","fno_codes":"010, 001, 001","job_type":"Новое строительство","fin_source":"Городской бюджет","input_fact":null,"input_plan":"2029-12-31","lat":55.71213663985836,"lng":37.62625248683588,"ring_count":1,"geom_source":"polygon","archived":true,"archived_at":"2026-07-15","last_seen":"2026-06-24"},"geometry":{"type":"Polygon","coordinates":[[[37.62625248683588,55.71213663985836],[37.62688886274422,55.7121359884488],[37.62688915193724,55.71222580627532],[37.62625277456895,55.712226457687066],[37.62625248683588,55.71213663985836]]]}},{"type":"Feature","properties":{"id":48618,"uin":"HH8838-10-0005-000","name":"Среднеэтажный многоквартирный дом","area":"ЦАО","district":"Мещанский","address":"Пушкарёв переулок, дом 12","res_complex":null,"state":"Планируемый","fno_name":"Среднеэтажный многоквартирный дом","fno_codes":"010, 002, 001","job_type":"Реконструкция","fin_source":"Внебюджетные источники","input_fact":null,"input_plan":"2029-12-30","lat":55.768682795818656,"lng":37.62748406626547,"ring_count":1,"geom_source":"polygon","archived":true,"archived_at":"2026-07-15","last_seen":"2026-06-24"},"geometry":{"type":"Polygon","coordinates":[[[37.62748406626547,55.768682795818656],[37.62749018367612,55.76880053939596],[37.62787834782531,55.768815407720325],[37.62786952745029,55.76869973274259],[37.62748406626547,55.768682795818656]]]}},{"type":"Feature","properties":{"id":37535,"uin":"HH8845-99-0002-000","name":"здание Конституционного Суда РФ","area":"ЦАО","district":"","address":"улица Ильинка вл. 21 стр. 2","res_complex":null,"state":"Сдан","fno_name":null,"fno_codes":null,"job_type":"Реконструкция","fin_source":"Федеральный бюджет","input_fact":null,"input_plan":"2099-12-31","lat":55.7567525269904,"lng":37.62815639558604,"ring_count":1,"geom_source":"polygon","archived":true,"archived_at":"2026-07-15","last_seen":"2026-06-24"},"geometry":{"type":"Polygon","coordinates":[[[37.627952897001464,55.756867703408254],[37.627951962223236,55.75658028991237],[37.62846164121416,55.7565797617289],[37.62846257974032,55.75686717521913],[37.627952897001464,55.756867703408254]]]}},{"type":"Feature","properties":{"id":44801,"uin":"HH8915-10-0001-000","name":"Жилой дом с инженерными сетями и благоустройством территории","area":"СВАО","district":"Останкинский","address":"Годовикова ул. вл. 10","res_complex":null,"state":"В строительстве","fno_name":"Многоэтажный многоквартирный дом","fno_codes":"010, 001, 001","job_type":"Новое строительство","fin_source":"Городской бюджет","input_fact":null,"input_plan":"2023-12-30","lat":55.806883852654614,"lng":37.6320571417604,"ring_count":1,"geom_source":"polygon","archived":true,"archived_at":"2026-07-15","last_seen":"2026-06-24"},"geometry":{"type":"Polygon","coordinates":[[[37.631853393498126,55.80699903470761],[37.63185242822553,55.80671162361791],[37.632362761897916,55.80671107893932],[37.63236373093034,55.8069984900232],[37.631853393498126,55.80699903470761]]]}},{"type":"Feature","properties":{"id":48794,"uin":"HH8935-03-0002-000","name":"Здание с приспособлением неэксплуатируемых площадей для размещения помещений театра","area":"ЦАО","district":"Мещанский","address":"Малая Сухаревская площадь, дом 5","res_complex":null,"state":"Планируемый","fno_name":"Театр","fno_codes":"003, 002, 001","job_type":"Реконструкция","fin_source":"Внебюджетные источники","input_fact":null,"input_plan":"2026-09-30","lat":55.773241226762934,"lng":37.630644887432105,"ring_count":1,"geom_source":"polygon","archived":true,"archived_at":"2026-07-15","last_seen":"2026-06-24"},"geometry":{"type":"Polygon","coordinates":[[[37.630644887432105,55.773241226762934],[37.631341542233756,55.7731333385286],[37.631400183356526,55.77329995509122],[37.63115738405669,55.77332997671421],[37.63113212386955,55.77367229029534],[37.63135392278645,55.77367800785291],[37.631406807419616,55.773701763025464],[37.63142285738869,55.773764250471864],[37.63142297680162,55.773799967338554],[37.63134911983629,55.77382088059967],[37.63065209696099,55.77382161859574],[37.630644887432105,55.773241226762934]]]}},{"type":"Feature","properties":{"id":38848,"uin":"HH8944-01-0002-000","name":"административное здание","area":"ЦАО","district":"Басманный","address":"г. Москва, ЦАО, район Басманный, Большой Златоустинский переулок, вл. 6/6, стр. 3-4-5","res_complex":null,"state":"Сдан","fno_name":"Офисное здание","fno_codes":"001, 005, 001","job_type":"Капитальный ремонт","fin_source":"Внебюджетные источники","input_fact":null,"input_plan":"2010-12-31","lat":55.75860068762214,"lng":37.63204689110524,"ring_count":1,"geom_source":"polygon","archived":true,"archived_at":"2026-07-15","last_seen":"2026-06-24"},"geometry":{"type":"Polygon","coordinates":[[[37.63204689110524,55.75860068762214],[37.63196459727643,55.758617570888255],[37.631946488162214,55.75858462701631],[37.63206253033309,55.75856177995838],[37.632077297535844,55.75854793235153],[37.63196682017481,55.758281380945164],[37.63206744071056,55.758267442196995],[37.632161861237016,55.75849538897767],[37.63204689110524,55.75860068762214]]]}},{"type":"Feature","properties":{"id":52594,"uin":"HH8990-08-0001-000","name":"Образовательный комплекс на 173 места (школа на 116 мест и десткий сад на 57 мест)","area":"ЮАО","district":"Нагатино-Садовники","address":"ул. Нагатинская, з/у 3А/6","res_complex":null,"state":"Планируемый","fno_name":"Общеобразовательная организация","fno_codes":"008, 001, 003","job_type":"Новое строительство","fin_source":"Внебюджетные источники","input_fact":null,"input_plan":"2030-12-31","lat":55.68222900705156,"lng":37.63243430990992,"ring_count":3,"geom_source":"polygon","archived":true,"archived_at":"2026-07-15","last_seen":"2026-06-24"},"geometry":{"type":"MultiPolygon","coordinates":[[[[37.63237864373425,55.68213564475783],[37.63211300282716,55.68217984406722],[37.6321622199807,55.68227428331992],[37.63243430990992,55.68222900705156],[37.63237864373425,55.68213564475783]]],[[[37.632162208980745,55.682274282319845],[37.63203030992801,55.68202124464266],[37.631208572122205,55.68215796841298],[37.63134045617475,55.682411013090025],[37.632162208980745,55.682274282319845]]],[[[37.63045604855273,55.68228318362382],[37.6307140090359,55.68251524010322],[37.63134044517476,55.68241101208998],[37.6312085501221,55.68215797341285],[37.63045604855273,55.68228318362382]]]]}},{"type":"Feature","properties":{"id":54775,"uin":"HH9104-04-0001-000","name":"«Парк будущего». Девятый этап. Павильоны Е «Мастерская технического обслуживания» и Ж «Склад», малые аттракционы, некапитальные объекты, благоустройство территории парка, наружные сети связи, наружное освещение, VR -кафе.","area":"СВАО","district":"Останкинский","address":"проспект Мира, д. 119","res_complex":null,"state":"Утверждена проектная документация","fno_name":"Выставочно-торговый объект","fno_codes":"004, 003, 001","job_type":"Новое строительство","fin_source":"Городской бюджет","input_fact":null,"input_plan":"2029-12-31","lat":55.82622513695634,"lng":37.638040941845624,"ring_count":1,"geom_source":"polygon","archived":true,"archived_at":"2026-07-15","last_seen":"2026-06-24"},"geometry":{"type":"Polygon","coordinates":[[[37.638040941845624,55.82622513695634],[37.63773556863667,55.825995105188014],[37.638210956474076,55.825855280604436],[37.63840232820406,55.826144371085945],[37.638040941845624,55.82622513695634]]]}},{"type":"Feature","properties":{"id":50188,"uin":"HH9190-10-0004-000","name":"Многоквартирный жилой дом с хранением автотранспорта","area":"ЮАО","district":"Нагатино-Садовники","address":"Нагатинская ул., вл.1","res_complex":null,"state":"Планируемый","fno_name":"Многоэтажный многоквартирный дом","fno_codes":"010, 001, 001","job_type":"Новое строительство","fin_source":"Внебюджетные источники","input_fact":null,"input_plan":"2028-12-31","lat":55.6830545551805,"lng":37.639473804981634,"ring_count":1,"geom_source":"polygon","archived":true,"archived_at":"2026-07-15","last_seen":"2026-06-24"},"geometry":{"type":"Polygon","coordinates":[[[37.639473804981634,55.6830545551805],[37.63939619974902,55.68256174236376],[37.64049634720187,55.68260335683088],[37.64057373712534,55.683031877845046],[37.639473804981634,55.6830545551805]]]}},{"type":"Feature","properties":{"id":50013,"uin":"HH9290-10-0002-000","name":"Многоэтажный жилой дом","area":"ЮАО","district":"Нагатино-Садовники","address":"Андропова проспект, вл. 22, стр. 4","res_complex":"ЖК АНДРОПОВА 22","state":"Планируемый","fno_name":"Многоэтажный многоквартирный дом","fno_codes":"010, 001, 001","job_type":"Новое строительство","fin_source":"Внебюджетные источники","input_fact":null,"input_plan":"2028-12-31","lat":55.68288613193414,"lng":37.64079606398973,"ring_count":1,"geom_source":"polygon","archived":true,"archived_at":"2026-07-15","last_seen":"2026-06-24"},"geometry":{"type":"Polygon","coordinates":[[[37.64079606398973,55.68288613193414],[37.641763405004696,55.68291181352585],[37.641809701283385,55.682601018797556],[37.64085183148624,55.682569969160205],[37.64079606398973,55.68288613193414]]]}},{"type":"Feature","properties":{"id":9223,"uin":"HH9293-08-0001-000","name":"Жилая застройка с объектами социальной инфраструктуры, дошкольная образовательная организация на 200 мест (этап 4)","area":"ЮАО","district":"Нагатино-Садовники","address":"проезд Нагатинский 2-й, з/у 2/1","res_complex":"ЖК ВТОРОЙ НАГАТИНСКИЙ","state":"Сдан","fno_name":"Дошкольная образовательная организация","fno_codes":"008, 001, 001","job_type":"Новое строительство","fin_source":"Внебюджетные источники","input_fact":"2025-07-03 00:00:00","input_plan":"2025-05-31","lat":55.67747706956272,"lng":37.63992604085822,"ring_count":1,"geom_source":"polygon","archived":true,"archived_at":"2026-07-15","last_seen":"2026-06-24"},"geometry":{"type":"Polygon","coordinates":[[[37.63992604085822,55.67747706956272],[37.64026776524016,55.67773787328019],[37.640338394982855,55.67770833267829],[37.64036851945216,55.677731381723135],[37.640278843301076,55.677768847977376],[37.640453213971625,55.67790194001653],[37.64049924237756,55.677882666571165],[37.640533670698154,55.67790903395235],[37.64067254949798,55.677850943115274],[37.64068322861317,55.6778591044077],[37.640690688264236,55.67785595227359],[37.64071395941376,55.67787379958436],[37.64071792751134,55.677872178335875],[37.640694497406386,55.67785433120694],[37.64077623749696,55.6778201969687],[37.64080347675459,55.67783642301212],[37.640780046632095,55.67781857589939],[37.64078750626765,55.67781542375939],[37.640537903753504,55.677624934171206],[37.640557267287804,55.67761682849833],[37.64045015903222,55.67753512596191],[37.640430795516075,55.67754323161803],[37.64040943788723,55.67752699880515],[37.64038896329235,55.67753555480876],[37.64036919937345,55.67752048781401],[37.640389673964805,55.67751193181364],[37.64034775515662,55.67747991435569],[37.64036727761174,55.67747180853198],[37.640215383085106,55.67735602576235],[37.63992604085822,55.67747706956272]]]}},{"type":"Feature","properties":{"id":36073,"uin":"HH9549-08-0001-000","name":"Реконструкция и строительство в рамках применения специальных мер, направленных на сохранение и регенерацию историко-градостроительной среды, здания (с пристройкой и надстройкой) средней общеобразовательной школы \"Традиционная гимназия\"","area":"ЦАО","district":"Таганский","address":"Тессинский пер., д. 3","res_complex":null,"state":"В строительстве","fno_name":"Общеобразовательная организация","fno_codes":"008, 001, 003","job_type":"Реконструкция, строительство","fin_source":"Внебюджетные источники","input_fact":null,"input_plan":"2025-03-19","lat":55.75113513017477,"lng":37.65072670932567,"ring_count":1,"geom_source":"polygon","archived":true,"archived_at":"2026-07-15","last_seen":"2026-06-24"},"geometry":{"type":"Polygon","coordinates":[[[37.65044755192241,55.751105573258045],[37.65052762178831,55.750929346162415],[37.65112401346834,55.75100965131783],[37.65106173681659,55.751180499499],[37.65095601801184,55.751170583264354],[37.65094423640588,55.75119470664857],[37.65084207470814,55.751183446582736],[37.6507973407261,55.75128462500869],[37.65064527378433,55.75126471963784],[37.65068881301817,55.75116153364111],[37.65059614312298,55.75114825271425],[37.65060556035941,55.75112681102177],[37.65044755192241,55.751105573258045]]]}},{"type":"Feature","properties":{"id":33203,"uin":"HH9553-03-0001-000","name":"Проект капитального ремонта кровли и чердачного помещения нежилого здания / ГУК \"Государственный культурный Центр-музей В.С.Высоцкого  \"Дом Высоцкого на Таганке\"/.","area":"ЦАО","district":"Таганский","address":"Таганский Нижн. туп. дом 3 стр. 1","res_complex":null,"state":"Сдан","fno_name":"Музей","fno_codes":"003, 001, 002","job_type":"Капитальный ремонт","fin_source":"Городской бюджет","input_fact":null,"input_plan":"2008-12-31","lat":55.74466899675318,"lng":37.65156544209812,"ring_count":1,"geom_source":"polygon","archived":true,"archived_at":"2026-07-15","last_seen":"2026-06-24"},"geometry":{"type":"Polygon","coordinates":[[[37.65156544209812,55.74466899675318],[37.65156433419102,55.744381582969666],[37.652073853658585,55.74438095696209],[37.652074965310725,55.7446683707389],[37.65156544209812,55.74466899675318]]]}},{"type":"Feature","properties":{"id":25662,"uin":"HH9579-10-0002-000","name":"Жилой комплекс с автостоянкой","area":"ЮАО","district":"Даниловский","address":"г. Москва, Автозаводская ул.,вл.23","res_complex":"ЖК ПАРК ЛЕГЕНД","state":"Сдан","fno_name":"Многоэтажный многоквартирный дом","fno_codes":"010, 001, 001","job_type":"Новое строительство","fin_source":"Внебюджетные источники","input_fact":null,"input_plan":"2019-12-31","lat":55.70008649695672,"lng":37.65012401299098,"ring_count":12,"geom_source":"polygon","archived":true,"archived_at":"2026-07-15","last_seen":"2026-06-24"},"geometry":{"type":"MultiPolygon","coordinates":[[[[37.64960550048282,55.700250155560575],[37.64946399118691,55.70037082161503],[37.64965898142253,55.700492924359544],[37.6498007991254,55.70036897987698],[37.65018515209387,55.70060282627837],[37.65004035048549,55.700726300829494],[37.65023534428795,55.70084840264979],[37.65070018214033,55.70044185471007],[37.64934732613147,55.69960837650989],[37.64887681521258,55.70000958461644],[37.649071801819055,55.70013168830246],[37.64921087549531,55.70001005324259],[37.64960550048282,55.700250155560575]]],[[[37.6506519931204,55.70108232658467],[37.65085028126868,55.70117788908701],[37.65096076210501,55.701084385825645],[37.65133448539988,55.701301039679905],[37.65133467603483,55.701350650857556],[37.65128130080851,55.70139773627189],[37.65149844149406,55.70150195016414],[37.65156652972344,55.70144178341524],[37.65196035622697,55.70167884537604],[37.65192531748268,55.70171069931475],[37.652149219084436,55.701782322144645],[37.65246290198932,55.70152570730837],[37.65192386874048,55.70119289373723],[37.65192368402249,55.70114501027127],[37.65184283627181,55.70114271633482],[37.65184256413297,55.701072133134865],[37.65172651324051,55.70107227558479],[37.65130939231467,55.70078932599449],[37.651113389985284,55.700671120445875],[37.6506519931204,55.70108232658467]]]]}},{"type":"Feature","properties":{"id":49586,"uin":"HH9680-01-0001-000","name":"Этап 1. Общественная застройка","area":"ЮАО","district":"Даниловский","address":"рядом с проезд 2-й Кожуховский, вл 29","res_complex":null,"state":"Планируемый","fno_name":"Офисное здание","fno_codes":"001, 005, 001","job_type":"Новое строительство","fin_source":"Внебюджетные источники","input_fact":null,"input_plan":"2029-12-31","lat":55.69930815116295,"lng":37.65492129366458,"ring_count":1,"geom_source":"polygon","archived":true,"archived_at":"2026-07-15","last_seen":"2026-06-24"},"geometry":{"type":"Polygon","coordinates":[[[37.65492129366458,55.69930815116295],[37.65512119268757,55.69966829817788],[37.65534862683405,55.69962786459999],[37.655148726933206,55.69926785268051],[37.65492129366458,55.69930815116295]]]}},{"type":"Feature","properties":{"id":50607,"uin":"HH9680-01-0002-000","name":"Этап 1. Общественная застройка","area":"ЮАО","district":"Даниловский","address":"проезд 2-й Кожуховский, з/у 29/5","res_complex":null,"state":"Планируемый","fno_name":"Офисное здание","fno_codes":"001, 005, 001","job_type":"Новое строительство","fin_source":"Внебюджетные источники","input_fact":null,"input_plan":"2029-12-31","lat":55.69905384040941,"lng":37.65476904823908,"ring_count":1,"geom_source":"polygon","archived":true,"archived_at":"2026-07-15","last_seen":"2026-06-24"},"geometry":{"type":"Polygon","coordinates":[[[37.65476904823908,55.69905384040941],[37.65436945078183,55.6991140228682],[37.654418524542194,55.69921824110499],[37.654818123463784,55.69915805848639],[37.65476904823908,55.69905384040941]]]}},{"type":"Feature","properties":{"id":44806,"uin":"HH9851-01-0001-000","name":"Реконструкция офисного здания","area":"ЦАО","district":"Таганский","address":"Москва, ЦАО, район Таганский, Николоямской тупик, вл. 4, стр. 2, 3-1","res_complex":null,"state":"В строительстве","fno_name":"Офисное здание","fno_codes":"001, 005, 001","job_type":"Реконструкция","fin_source":"Внебюджетные источники","input_fact":null,"input_plan":null,"lat":55.74691510667514,"lng":37.66183023507215,"ring_count":1,"geom_source":"polygon","archived":true,"archived_at":"2026-07-15","last_seen":"2026-06-24"},"geometry":{"type":"Polygon","coordinates":[[[37.66162688696138,55.7470303389324],[37.66162570499656,55.74674292539751],[37.662135254990936,55.74674225765568],[37.66213644070135,55.74702967118339],[37.66162688696138,55.7470303389324]]]}},{"type":"Feature","properties":{"id":38254,"uin":"HI0123-08-0002-000","name":"Жилая многоквартирная застройка (дошкольная образовательная организация на 350 мест №10 по генплану)","area":"НАО","district":"Внуково","address":"п. Внуковское, д. Рассказовка","res_complex":null,"state":"В строительстве","fno_name":"Дошкольная образовательная организация","fno_codes":"008, 001, 001","job_type":"Новое строительство","fin_source":"Внебюджетные источники","input_fact":null,"input_plan":null,"lat":55.62698665803647,"lng":37.33963488270065,"ring_count":1,"geom_source":"polygon","archived":true,"archived_at":"2026-07-15","last_seen":"2026-06-24"},"geometry":{"type":"Polygon","coordinates":[[[37.3415623798705,55.626477220684684],[37.338451474387426,55.625651633935966],[37.33825598442165,55.62712770997811],[37.338529345863506,55.62717569507498],[37.338528607857754,55.627354283123],[37.33930676044036,55.62746246332213],[37.33964388971209,55.627355753415884],[37.33989655222789,55.627320367554184],[37.3406114321898,55.62746417400639],[37.3415623798705,55.626477220684684]]]}},{"type":"Feature","properties":{"id":38052,"uin":"HI0124-99-0002-000","name":"Общеобразовательная организация на 1840 мест. 1-й пусковой комплекс. Здание школы на 620 учащихся. (ЖК \"Рассказово\")","area":"НАО","district":"Внуково","address":"город Москва, поселение Внуковское, д. Рассказовка","res_complex":null,"state":"В строительстве","fno_name":"Общеобразовательная организация","fno_codes":"008, 001, 003","job_type":null,"fin_source":null,"input_fact":null,"input_plan":null,"lat":55.626642924841065,"lng":37.33957869993539,"ring_count":1,"geom_source":"polygon","archived":true,"archived_at":"2026-07-15","last_seen":"2026-06-24"},"geometry":{"type":"Polygon","coordinates":[[[37.33937503102213,55.6267576252874],[37.33937621254223,55.626470206087404],[37.33988420107486,55.62647087353225],[37.33988302327211,55.626758292739375],[37.33937503102213,55.6267576252874]]]}},{"type":"Feature","properties":{"id":50651,"uin":"HI0242-99-0003-000","name":"Наземный многоуровневый гараж 300 машино-мест","area":"НАО","district":"Филимонковский","address":"г. Московский, третий микрорайон, кварт. 2 НАО","res_complex":"ЖК ЮГО-ЗАПАДНЫЙ","state":"Планируемый","fno_name":"Многоярусный гараж автомобилей","fno_codes":"014, 001, 003","job_type":"Новое строительство","fin_source":"Внебюджетные источники","input_fact":null,"input_plan":"2028-12-31","lat":55.595284365832725,"lng":37.34121778275048,"ring_count":1,"geom_source":"polygon","archived":true,"archived_at":"2026-07-15","last_seen":"2026-06-24"},"geometry":{"type":"Polygon","coordinates":[[[37.34121778275048,55.595284365832725],[37.34121894941192,55.594996945120336],[37.34172653133329,55.59499760469171],[37.341725368381866,55.59528502541118],[37.34121778275048,55.595284365832725]]]}},{"type":"Feature","properties":{"id":38177,"uin":"HI0269-10-0002-000","name":"Жилая застройка по адресу: Москва, п. Филимонковское, ОАО \"Марьинская птицефабрика\", уч. XV-I. 2-й этап строительства (жилые дома №1, 2, 3, 4, 5, 6, 7, 8, 9,10,11,12,13,14,15,16). этап 2.1, подэтап 2.1.3 (жилой дом №15)","area":"НАО","district":"Филимонковский","address":"Московская область, Ленинский район, сельское поселение Филимонковское, ОАО \"Марьинская птицефабрика\", уч. № XV-1","res_complex":null,"state":"В строительстве","fno_name":"Малоэтажный многоквартирный дом","fno_codes":"010, 003, 002","job_type":"Новое строительство","fin_source":"Внебюджетные источники","input_fact":null,"input_plan":null,"lat":55.55138171482712,"lng":37.34018987952454,"ring_count":1,"geom_source":"polygon","archived":true,"archived_at":"2026-07-15","last_seen":"2026-06-24"},"geometry":{"type":"Polygon","coordinates":[[[37.33998660215801,55.551496417947874],[37.33998777589594,55.551208995183586],[37.34049479335445,55.55120965950844],[37.340493623316334,55.551497082279845],[37.33998660215801,55.551496417947874]]]}},{"type":"Feature","properties":{"id":50660,"uin":"HI0342-99-0004-000","name":"Наземный многоуровневый гараж на 300 машино-мест","area":"НАО","district":"Филимонковский","address":"г. Московский, третий микрорайон, кварт. 1 НАО","res_complex":"ЖК ЮГО-ЗАПАДНЫЙ","state":"Планируемый","fno_name":"Многоярусный гараж автомобилей","fno_codes":"014, 001, 003","job_type":"Новое строительство","fin_source":"Внебюджетные источники","input_fact":null,"input_plan":"2028-12-31","lat":55.59626041461126,"lng":37.34337352843562,"ring_count":1,"geom_source":"polygon","archived":true,"archived_at":"2026-07-15","last_seen":"2026-06-24"},"geometry":{"type":"Polygon","coordinates":[[[37.34337352843562,55.59626041461126],[37.34337467938232,55.595972993915034],[37.34388227395557,55.595973644571636],[37.34388112671911,55.596261065274824],[37.34337352843562,55.59626041461126]]]}},{"type":"Feature","properties":{"id":48603,"uin":"HI0400-04-0001-000","name":"Гостиница со СПА комплексом и бассейном","area":"ЗАО","district":"Ново-Переделкино","address":"ул. 7-я Лазенки, влд. 14","res_complex":"ЖК 7-Я ЛАЗЕНКИ, 14","state":"Планируемый","fno_name":"Гостиница","fno_codes":"004, 004, 001","job_type":"Новое строительство","fin_source":"Внебюджетные источники","input_fact":null,"input_plan":"2028-12-31","lat":55.66487715803318,"lng":37.349041350474174,"ring_count":1,"geom_source":"polygon","archived":true,"archived_at":"2026-07-15","last_seen":"2026-06-24"},"geometry":{"type":"Polygon","coordinates":[[[37.34904337603672,55.664358751532205],[37.3490397125571,55.66531367622037],[37.34930566509097,55.665314034691185],[37.34930579180549,55.665328574789385],[37.349625956432796,55.66532896907334],[37.34962619423437,55.665314430366124],[37.34988296069824,55.66531467031035],[37.3498846174413,55.66487815724114],[37.34930766465105,55.66487740493864],[37.349309633450744,55.66435904111484],[37.34904337603672,55.664358751532205]]]}},{"type":"Feature","properties":{"id":9136,"uin":"HI0517-03-0001-000","name":"Досуговый центр","area":"ЗАО","district":"Ново-Переделкино","address":"Боровское шоссе, мкр. 11А, корп 225","res_complex":null,"state":"В строительстве","fno_name":"Клуб","fno_codes":"003, 003, 001","job_type":"Новое строительство","fin_source":"Внебюджетные источники","input_fact":null,"input_plan":"2025-01-31","lat":55.637756516422954,"lng":37.35010831111489,"ring_count":1,"geom_source":"polygon","archived":true,"archived_at":"2026-07-15","last_seen":"2026-06-24"},"geometry":{"type":"Polygon","coordinates":[[[37.35010831111489,55.637756516422954],[37.35035461752085,55.63762737160454],[37.35005743479888,55.63744603086181],[37.34981112858965,55.63757516610571],[37.35010831111489,55.637756516422954]]]}},{"type":"Feature","properties":{"id":52883,"uin":"HI0745-99-0002-000","name":"Здание ОМВД/ГО Московский УВД по Новомосковскому АО","area":"НАО","district":"Филимонковский","address":"квартал № 40, з/у 1","res_complex":null,"state":"Планируемый","fno_name":"Участковый пункт полиции и общественные пункты охраны порядка","fno_codes":"001, 003, 004","job_type":"Новое строительство","fin_source":"Городской бюджет","input_fact":null,"input_plan":"2028-12-31","lat":55.59130910149344,"lng":37.35903900425895,"ring_count":1,"geom_source":"polygon","archived":true,"archived_at":"2026-07-15","last_seen":"2026-06-24"},"geometry":{"type":"Polygon","coordinates":[[[37.35903900425895,55.59130910149344],[37.35904004050784,55.591021680357926],[37.35954757153763,55.591022266143106],[37.359546538997826,55.59130968728487],[37.35903900425895,55.59130910149344]]]}},{"type":"Feature","properties":{"id":45483,"uin":"HI0813-10-0002-000","name":"Многофункциональный жилой комплекс","area":"ЗАО","district":"Ново-Переделкино","address":"Боровское шоссе (пересечение с Чоботовская ул.)","res_complex":null,"state":"В строительстве","fno_name":"Многоэтажный многоквартирный дом","fno_codes":"010, 001, 001","job_type":"Новое строительство","fin_source":"Внебюджетные источники","input_fact":null,"input_plan":"2015-12-31","lat":55.64449691467279,"lng":37.36099681445217,"ring_count":1,"geom_source":"polygon","archived":true,"archived_at":"2026-07-15","last_seen":"2026-06-24"},"geometry":{"type":"Polygon","coordinates":[[[37.36079311533954,55.644611650318076],[37.360794140811265,55.64432423167815],[37.3613023608882,55.64432481056566],[37.36130133913801,55.64461222921177],[37.36079311533954,55.644611650318076]]]}},{"type":"Feature","properties":{"id":9726,"uin":"HI1017-12-0002-000","name":"Реконструкция завода по производству хлебобулочных изделий ООО \"Ист Болт Рус\"","area":"ЗАО","district":"Ново-Переделкино","address":"ул. Новоорловская, д. 3","res_complex":null,"state":"Подготовка к вводу в эксплуатацию","fno_name":"Объект производства пищевых продуктов, включая напитки","fno_codes":"012, 001, 001","job_type":"Реконструкция","fin_source":"Внебюджетные источники","input_fact":null,"input_plan":"2023-04-30","lat":55.63808898745475,"lng":37.36924899993772,"ring_count":1,"geom_source":"polygon","archived":true,"archived_at":"2026-07-15","last_seen":"2026-06-24"},"geometry":{"type":"Polygon","coordinates":[[[37.36924899993772,55.63808898745475],[37.369260562688304,55.63809591230912],[37.36927217509038,55.63808981708306],[37.36929166728052,55.638101604238905],[37.369402384013235,55.63804307121474],[37.369436614551844,55.6380636763723],[37.369516629484394,55.63802136756401],[37.36945139502144,55.63798190137803],[37.36986709547651,55.637761953767395],[37.36993530244077,55.637803195988255],[37.36995375500223,55.63779342542405],[37.36988563888389,55.63775214233778],[37.370027240015716,55.6376772200631],[37.370051275550544,55.637691585086095],[37.3700991559868,55.63766639703025],[37.3701400423717,55.63769105092879],[37.37015165451752,55.63768495561896],[37.370055303471304,55.63762647076444],[37.37004067282346,55.63763417751417],[37.3698062888955,55.637492195503626],[37.36982712710626,55.63748125986121],[37.369789727943854,55.637458585594665],[37.36976873064379,55.637469610879634],[37.36949980567792,55.637306841169945],[37.3695422778154,55.637284431923646],[37.369524846023616,55.63727390447365],[37.36948222308751,55.637296410275205],[37.369459662533245,55.63728276479591],[37.369592218189915,55.6372129895935],[37.36955545337715,55.63719067520791],[37.36942275520933,55.637260441816466],[37.369303356981156,55.63718822489175],[37.36931539182748,55.63718179554415],[37.36927799324585,55.63715912112081],[37.36926591085348,55.63716557586561],[37.368842353282346,55.636909387437676],[37.36885504366452,55.63690268340056],[37.36882097353337,55.636881988429856],[37.3688081320215,55.63688868852771],[37.368547095052136,55.63673079790726],[37.36860690615948,55.63669915633795],[37.36856158509,55.63667171276056],[37.36850177429073,55.636703264489434],[37.36816535421166,55.63649964128729],[37.36782573444999,55.63667909086272],[37.367956942410295,55.63675854300972],[37.36785259024841,55.63681366852458],[37.36777779521562,55.636768408591735],[37.36754697877549,55.6368903116547],[37.36762177346923,55.63693566154579],[37.36748083296621,55.63701014787698],[37.367807745936055,55.63720801422979],[37.36791566587807,55.63715095683952],[37.36820004650909,55.63732304765762],[37.368080262545874,55.63738642000909],[37.36816631019369,55.63743851814601],[37.36828020830735,55.63737828301065],[37.368416173862826,55.63746052417708],[37.367822023635526,55.63777442695909],[37.36800584682918,55.63788573190579],[37.368260529613245,55.637751099517324],[37.36826908680354,55.637756318251235],[37.368098556022545,55.637846491598985],[37.368112659719756,55.637855039638026],[37.368283190505544,55.63776486627079],[37.36859702026105,55.63795481065586],[37.36854853143928,55.63795395167347],[37.36854667606631,55.637986194613894],[37.36865226687978,55.63798828441273],[37.36865781345301,55.63799161368197],[37.368594617690704,55.637990377951255],[37.36859394923886,55.6380002572962],[37.36863459758612,55.63800110946336],[37.368724767181014,55.638055816387265],[37.368745606294326,55.638044791111355],[37.3689200838496,55.63815033621971],[37.368906244638886,55.638157506843676],[37.36894713048328,55.63818225095602],[37.368960811203024,55.63817499033836],[37.36901944614716,55.63821044193339],[37.36924899993772,55.63808898745475]]]}},{"type":"Feature","properties":{"id":30951,"uin":"HI2208-10-0002-000","name":"жилой дом и подземный гараж-стоянка с сооружением ГО","area":"ЗАО","district":"Солнцево","address":"г. Москва, ЗАО, район Солнцево, мкр. 2, корп. 42, 42/ГС, ул. Главмосстроя","res_complex":null,"state":"Сдан","fno_name":"Многоэтажный многоквартирный дом","fno_codes":"010, 001, 001","job_type":"Новое строительство","fin_source":"Внебюджетные источники","input_fact":null,"input_plan":"2008-12-31","lat":55.65353372555366,"lng":37.40983724649317,"ring_count":3,"geom_source":"polygon","archived":true,"archived_at":"2026-07-15","last_seen":"2026-06-24"},"geometry":{"type":"MultiPolygon","coordinates":[[[[37.40994272824421,55.6531466445013],[37.40994339402127,55.652859225767045],[37.40943506253852,55.652858848276736],[37.40943439303789,55.65314626700695],[37.40994272824421,55.6531466445013]]],[[[37.40969221670685,55.65323216010167],[37.40969154908058,55.653519578816315],[37.409837279050926,55.65351968673083],[37.40983724649317,55.65353372555366],[37.41034558672485,55.65353410138121],[37.41034624956058,55.653246682662044],[37.41020052060258,55.65324657492166],[37.410200553029576,55.65323253652857],[37.40969221670685,55.65323216010167]]]]}},{"type":"Feature","properties":{"id":46575,"uin":"HI3056-11-0001-000","name":"Складской комплекс с пристроенным АБК","area":"НАО","district":"Коммунарка","address":"деревня Сосенки, земельный участок 27","res_complex":null,"state":"В проектировании","fno_name":"Склад","fno_codes":"011, 001, 001","job_type":"Новое строительство","fin_source":"Внебюджетные источники","input_fact":null,"input_plan":"2026-12-31","lat":55.57316779729725,"lng":37.433968368218395,"ring_count":1,"geom_source":"polygon","archived":true,"archived_at":"2026-07-15","last_seen":"2026-06-24"},"geometry":{"type":"Polygon","coordinates":[[[37.433968368218395,55.57316779729725],[37.434271044194645,55.57312510035506],[37.43417684368086,55.572910740956715],[37.43387418748231,55.5729427222671],[37.433968368218395,55.57316779729725]]]}},{"type":"Feature","properties":{"id":48959,"uin":"HI3260-10-0001-000","name":"Жилой многоквартирный дом","area":"НАО","district":"Коммунарка","address":"КРТ ул. Старые Сосенки, квартал 30, з/у 1 (территория 1)","res_complex":null,"state":"Планируемый","fno_name":"Многоэтажный многоквартирный дом","fno_codes":"010, 001, 001","job_type":"Новое строительство","fin_source":"Городской бюджет","input_fact":null,"input_plan":"2029-01-31","lat":55.565989563588644,"lng":37.440584938390124,"ring_count":1,"geom_source":"polygon","archived":true,"archived_at":"2026-07-15","last_seen":"2026-06-24"},"geometry":{"type":"Polygon","coordinates":[[[37.440584938390124,55.565989563588644],[37.44121888534584,55.56598987351099],[37.44121874870742,55.56608010189315],[37.440584800298666,55.566079791969756],[37.440584938390124,55.565989563588644]]]}},{"type":"Feature","properties":{"id":57096,"uin":"HI3576-14-0001-000","name":"Многоуровневый паркинг","area":"НАО","district":"Коммунарка","address":"пос. Сосенское, вблизи д.Столбово,уч.23","res_complex":"ЖК ЭКО БУНИНО","state":"Планируемый","fno_name":"Многоярусный гараж автомобилей","fno_codes":"014, 001, 003","job_type":"Новое строительство","fin_source":"Внебюджетные источники","input_fact":null,"input_plan":"2030-12-30","lat":55.53892953064908,"lng":37.452180765453825,"ring_count":1,"geom_source":"polygon","archived":true,"archived_at":"2026-07-15","last_seen":"2026-06-24"},"geometry":{"type":"Polygon","coordinates":[[[37.452180765453825,55.53892953064908],[37.45226493009086,55.53919638865059],[37.45234988948549,55.53918778079323],[37.45236609422321,55.539239105408875],[37.453511284063545,55.53912292933257],[37.453426534435735,55.53885429334435],[37.453338989059546,55.538863165197355],[37.45332334431271,55.53881362556834],[37.452180765453825,55.53892953064908]]]}},{"type":"Feature","properties":{"id":57104,"uin":"HI3576-14-0002-000","name":"Многоуровневый паркинг","area":"НАО","district":"Коммунарка","address":"пос. Сосенское, вблизи д.Столбово,уч.23","res_complex":"ЖК ЭКО БУНИНО","state":"Планируемый","fno_name":"Многоярусный гараж автомобилей","fno_codes":"014, 001, 003","job_type":"Новое строительство","fin_source":"Внебюджетные источники","input_fact":null,"input_plan":"2030-12-30","lat":55.539101098807876,"lng":37.45048926550629,"ring_count":1,"geom_source":"polygon","archived":true,"archived_at":"2026-07-15","last_seen":"2026-06-24"},"geometry":{"type":"Polygon","coordinates":[[[37.45048926550629,55.539101098807876],[37.450573419143375,55.53936795780941],[37.45065837953797,55.539359351952015],[37.450674582275724,55.539410676567655],[37.45181978111586,55.53929451549128],[37.45173504348798,55.53902587950306],[37.451647497111814,55.53903474935606],[37.45163185536495,55.53898520972706],[37.45048926550629,55.539101098807876]]]}},{"type":"Feature","properties":{"id":50879,"uin":"HI3735-11-0001-000","name":"Строительство здания тёплого склада","area":"НАО","district":"Коммунарка","address":"проезд Институтский, з/у 26","res_complex":null,"state":"Планируемый","fno_name":"Склад","fno_codes":"011, 001, 001","job_type":"Новое строительство","fin_source":"Внебюджетные источники","input_fact":null,"input_plan":"2025-12-31","lat":55.60774871855814,"lng":37.45879624652413,"ring_count":1,"geom_source":"polygon","archived":true,"archived_at":"2026-07-15","last_seen":"2026-06-24"},"geometry":{"type":"Polygon","coordinates":[[[37.45879624652413,55.60774871855814],[37.458829241915836,55.60775645430804],[37.458914984634625,55.60770007721756],[37.459602664701634,55.60800362954443],[37.45914312701231,55.60832376926098],[37.45934343575368,55.608414913781374],[37.45917271403708,55.60855362647663],[37.45862198237968,55.608527390641214],[37.458594391546285,55.60851013586979],[37.45867017681236,55.60812340074512],[37.45879624652413,55.60774871855814]]]}},{"type":"Feature","properties":{"id":48841,"uin":"HI3959-05-0004-000","name":"Строительство корпуса № 12 ММКЦ \"Коммунарка\"","area":"НАО","district":"Коммунарка","address":"ул. Сосенский Стан, 8с3 и 8с6","res_complex":null,"state":"Планируемый","fno_name":"Центр (медицинский, мануальной терапии, консультативно-диагностический и иной)","fno_codes":"005, 002, 002","job_type":"Новое строительство","fin_source":"Городской бюджет","input_fact":null,"input_plan":"2029-12-30","lat":55.57082112219427,"lng":37.465486496175245,"ring_count":1,"geom_source":"polygon","archived":true,"archived_at":"2026-07-15","last_seen":"2026-06-24"},"geometry":{"type":"Polygon","coordinates":[[[37.465486496175245,55.57082112219427],[37.46583563287855,55.56985090020799],[37.46305156126231,55.56953004621734],[37.46274273477729,55.57038494438145],[37.46315516031068,55.57043249662541],[37.46311399355907,55.57054709389407],[37.465486496175245,55.57082112219427]]]}},{"type":"Feature","properties":{"id":25928,"uin":"HI4020-01-0001-000","name":"Здание Автоцентра","area":"НАО","district":"Коммунарка","address":"поселение Мосрентген, 44 км МКАД.","res_complex":null,"state":"В строительстве","fno_name":"Объект ремонта, содержания и обслуживания автотранспортных средств иного типа","fno_codes":"014, 002, 005","job_type":"Новое строительство","fin_source":"Внебюджетные источники","input_fact":null,"input_plan":"2027-04-30","lat":55.63007147489488,"lng":37.46876073403695,"ring_count":1,"geom_source":"polygon","archived":true,"archived_at":"2026-07-15","last_seen":"2026-06-24"},"geometry":{"type":"Polygon","coordinates":[[[37.46876073403695,55.63007147489488],[37.46865485117106,55.63006235430676],[37.46865850539559,55.63004877618287],[37.46861068071607,55.63004465660675],[37.468607026475375,55.63005823472927],[37.4685424590452,55.63005267291632],[37.4685476109932,55.63003352985231],[37.46849998282609,55.63002942715804],[37.468494830855455,55.63004857022005],[37.4684775854527,55.630047084694866],[37.46848273743155,55.63002794163355],[37.46843306213082,55.63002366257112],[37.46842791012832,55.63004280563035],[37.46823335718753,55.630027078569505],[37.46818916258619,55.630033151254594],[37.46815072168047,55.630048956074766],[37.4681230677812,55.630077583784214],[37.468103357975814,55.63015171383514],[37.468068124503986,55.630148834422904],[37.46806127084141,55.63017567643782],[37.46809650433679,55.63017855585202],[37.468093463571996,55.6301904648799],[37.46809985507996,55.63019098721691],[37.46809487990786,55.630210472266526],[37.46807122726644,55.630208539285846],[37.46805914333314,55.630255865302566],[37.468082796002506,55.63025779828558],[37.468072961617885,55.63029631408233],[37.46803865824522,55.630293510683124],[37.46803165259289,55.63032094777326],[37.46806350591207,55.63032355094529],[37.468030736990265,55.6303245336567],[37.46802374619898,55.63035191250079],[37.468055599542765,55.630354515674895],[37.46803283823473,55.63044365843223],[37.468008149803595,55.63044164080223],[37.468002515447196,55.63046370716957],[37.4680272038919,55.63046572480074],[37.46800258994457,55.63054636425191],[37.468134324544046,55.63058558649951],[37.46812284766498,55.63059792392139],[37.46818185092306,55.6306154912971],[37.468193327788725,55.63060315386973],[37.468250355193554,55.63062013291997],[37.46847954257618,55.630373758304266],[37.46850129082339,55.63038023349518],[37.46855237714799,55.630325315588244],[37.46853062892279,55.63031884040631],[37.46856667174,55.630280094219145],[37.4685884199497,55.630286569394684],[37.46860646305633,55.630267172931305],[37.46858471485438,55.630260697758935],[37.46876073403695,55.63007147489488]]]}},{"type":"Feature","properties":{"id":48983,"uin":"HI4182-99-0001-000","name":"СТРОИТЕЛЬСТВО МАГИСТРАЛЬНОЙ УЛИЦЫ РАЙОННОГО ЗНАЧЕНИЯ ОТ АВТОМОБИЛЬНОЙ ДОРОГИ «СОЛЦЕВО-БУТОВО-ВИДНОЕ» ДО АВТОМОБИЛЬНОЙ ДОРОГИ «ВОСКРЕСЕНСКОЕ КАРАКАШЕВО-ЩЕРБИНКА»","area":"НАО","district":"Коммунарка","address":"г. Москва, НАО, пос-е Воскресенское, д. Губкино, д. 35 а (НАО, Воскресенское)","res_complex":null,"state":"В проектировании","fno_name":null,"fno_codes":null,"job_type":"Новое строительство","fin_source":"Внебюджетные источники","input_fact":null,"input_plan":null,"lat":55.52845559582135,"lng":37.47264697637058,"ring_count":1,"geom_source":"polygon","archived":true,"archived_at":"2026-07-15","last_seen":"2026-06-24"},"geometry":{"type":"Polygon","coordinates":[[[37.4726049747264,55.52848511325813],[37.472579839058525,55.52841128969919],[37.472722572981894,55.52841132252896],[37.47272252034395,55.52848514028236],[37.4726049747264,55.52848511325813]]]}},{"type":"Feature","properties":{"id":38417,"uin":"HI4260-05-0001-000","name":"Больница с родильным домом, пос. Коммунарка, поселение Сосенское (1-я и 2-я очереди), 2-я очередь. Этап 3. Корпус 7. Родильный дом на 130 коек по адресу: Москва, пос. Сосенское, п. Коммунарка, ул. Сосенский Стан, вл. 10/1","area":"НАО","district":"Коммунарка","address":"Москва, п. Сосенское, п. Коммунарка, ул. Сосенский Стан, вл. 10/1","res_complex":null,"state":"В строительстве","fno_name":"Родильный дом","fno_codes":"005, 001, 004","job_type":"Новое строительство","fin_source":"Городской бюджет","input_fact":null,"input_plan":null,"lat":55.56537505101425,"lng":37.47415503145552,"ring_count":1,"geom_source":"polygon","archived":true,"archived_at":"2026-07-15","last_seen":"2026-06-24"},"geometry":{"type":"Polygon","coordinates":[[[37.47395207222057,55.565489975974835],[37.47395226848255,55.565202552770195],[37.47445946808606,55.565202662939036],[37.4744592755272,55.56549008614484],[37.47395207222057,55.565489975974835]]]}},{"type":"Feature","properties":{"id":8622,"uin":"HI4573-05-0001-000","name":"Взрослая поликлиника на 475 посещений в смену, корпус 2.12","area":"НАО","district":"Коммунарка","address":"поселок Коммунарка, улица Александры Монаховой, земельный участок 84А","res_complex":"ЖК БУНИНСКИЕ ЛУГА","state":"Сдан","fno_name":"Поликлиника","fno_codes":"005, 002, 001","job_type":"Новое строительство","fin_source":"Внебюджетные источники","input_fact":"2025-06-30 00:00:00","input_plan":"2025-06-30","lat":55.54572783977984,"lng":37.48584417293832,"ring_count":1,"geom_source":"polygon","archived":true,"archived_at":"2026-07-15","last_seen":"2026-06-24"},"geometry":{"type":"Polygon","coordinates":[[[37.48584417293832,55.54572783977984],[37.48580298642546,55.54571975093093],[37.48580045013922,55.54572379252222],[37.485814073053696,55.54572729717447],[37.48579584391592,55.54575522897533],[37.485778575339666,55.54575684361621],[37.486065454310314,55.545817237595074],[37.486152159817514,55.54568647001684],[37.48659095360686,55.545778856808624],[37.48658477005904,55.54579295783791],[37.486596654289905,55.54578577361492],[37.48664607812704,55.54579619847218],[37.48664163937218,55.54580437158293],[37.48664908464866,55.54580589938571],[37.486695211675105,55.545732701373666],[37.486702343157695,55.54572569623206],[37.4867196111998,55.545725428761735],[37.4867025043499,55.545717971726184],[37.486721842356324,55.54568842315708],[37.48674576497875,55.545685641487644],[37.48607094388089,55.54554176015418],[37.48605747232042,55.54555720758015],[37.48598317883719,55.545541569910945],[37.48599173971761,55.54552522369796],[37.48565734030554,55.54545584166269],[37.4855764977784,55.54558005276188],[37.485583942971175,55.545581580629424],[37.485589807569504,55.54557376701426],[37.48563938929509,55.54558419229755],[37.48563479196897,55.545592275532414],[37.48564001916858,55.545594072581615],[37.485651588919644,55.5455810501075],[37.48590535900965,55.54563452421294],[37.48584417293832,55.54572783977984]]]}},{"type":"Feature","properties":{"id":52863,"uin":"HI4933-12-0001-000","name":"Производственный комплекс с технопарком.Здание 2","area":"ЮЗАО","district":"Ясенево","address":"производственная зона №62 «Теплый Стан»","res_complex":null,"state":"Планируемый","fno_name":"Объект индустриальных парков","fno_codes":"012, 001, 025","job_type":"Новое строительство","fin_source":"Внебюджетные источники","input_fact":null,"input_plan":"2029-04-19","lat":55.61112980850865,"lng":37.498167171099176,"ring_count":1,"geom_source":"polygon","archived":true,"archived_at":"2026-07-15","last_seen":"2026-06-24"},"geometry":{"type":"Polygon","coordinates":[[[37.498167171099176,55.61112980850865],[37.498498810752686,55.61125218051041],[37.49897527388824,55.61083845873384],[37.4986436362344,55.610716097732116],[37.498167171099176,55.61112980850865]]]}},{"type":"Feature","properties":{"id":38129,"uin":"HI4966-10-0003-000","name":"Многоэтажный жилой дом № 36.3 со встроенно-пристроенными нежилыми помещениями и подземным паркингом.","area":"НАО","district":"Коммунарка","address":"п. Сосенское","res_complex":null,"state":"В строительстве","fno_name":"Многоэтажный многоквартирный дом","fno_codes":"010, 001, 001","job_type":"Новое строительство","fin_source":"Внебюджетные источники","input_fact":null,"input_plan":null,"lat":55.55585638002474,"lng":37.49963873291325,"ring_count":1,"geom_source":"polygon","archived":true,"archived_at":"2026-07-15","last_seen":"2026-06-24"},"geometry":{"type":"Polygon","coordinates":[[[37.49943204267165,55.55591257424192],[37.499650500621065,55.555683980737236],[37.49994456619636,55.555779231530956],[37.49973451149857,55.55599353859865],[37.49943204267165,55.55591257424192]]]}},{"type":"Feature","properties":{"id":10092,"uin":"HI5063-10-0001-000","name":"Многоэтажный жилой дом № 27 с подземной автостоянкой и нежилыми помещениями общественного назначения в составе комплексной застройки","area":"НАО","district":"Коммунарка","address":"бульвар Скандинавский з/у 14","res_complex":"ЖК СКАНДИНАВИЯ ЦЕНТР","state":"Сдан","fno_name":"Многоэтажный многоквартирный дом","fno_codes":"010, 001, 001","job_type":"Новое строительство","fin_source":"Внебюджетные источники","input_fact":"2025-07-02 00:00:00","input_plan":"2025-03-31","lat":55.561362632247366,"lng":37.50004872828697,"ring_count":4,"geom_source":"polygon","archived":true,"archived_at":"2026-07-15","last_seen":"2026-06-24"},"geometry":{"type":"MultiPolygon","coordinates":[[[[37.50063306181043,55.56108482188465],[37.500624503671325,55.561092366735615],[37.500769832814385,55.56114563005257],[37.500755569269415,55.561158025179964],[37.50091785661495,55.561217575718],[37.50090010644986,55.561233024738364],[37.5009297429684,55.56124398273693],[37.50092815817839,55.56126455147736],[37.50097158286112,55.56128044954447],[37.5010205542459,55.561237695244344],[37.501153364177085,55.561286467132746],[37.50116192225778,55.56127901206492],[37.50126715612344,55.56131754444096],[37.50125843957097,55.56132508933643],[37.50143958813044,55.561391555241386],[37.501371282102575,55.56145110610034],[37.50144434400647,55.56147787206393],[37.501626281466294,55.56131880012146],[37.50037505359332,55.560859553068134],[37.500251435712954,55.56096787525473],[37.500264589719066,55.56097272558706],[37.500121794399725,55.561097664217954],[37.500108006439376,55.561092634226995],[37.49980228505706,55.561360115467224],[37.49978992339095,55.56135562437161],[37.499625887631474,55.56149906511689],[37.49980069488655,55.56156319806396],[37.50003541569275,55.561357781891125],[37.50004872828697,55.561362632247366],[37.50044510127739,55.561015839808036],[37.50063306181043,55.56108482188465]]],[[[37.50084622198713,55.56143961034317],[37.500768881320965,55.56150733447007],[37.50069867203847,55.56163011810307],[37.500733380349246,55.561636495343215],[37.500711509226484,55.561674848384804],[37.50070310948988,55.5616733214393],[37.500673313968974,55.56172550671665],[37.50096366030513,55.56177868008201],[37.50107808603092,55.56157838171836],[37.50112119375753,55.561540657301485],[37.50084622198713,55.56143961034317]]],[[[37.502372597532485,55.56166909031313],[37.50249907105645,55.561715435684505],[37.502561195126724,55.56166109383628],[37.5022364538111,55.561541907086756],[37.5022302730812,55.5615472963464],[37.5021709988862,55.5615255606117],[37.50218240947415,55.56151568030667],[37.50204912207107,55.561467897557755],[37.50192931039094,55.56157110165821],[37.50196195869978,55.561583047397654],[37.50192376466508,55.56161655053494],[37.50191441392941,55.56161313746476],[37.50186116403051,55.561659484947945],[37.50211807231619,55.561753883150296],[37.502268312257335,55.56162229545413],[37.50237957066556,55.561663072297726],[37.502372597532485,55.56166909031313]]],[[[37.503028894808104,55.56181476805454],[37.503040146778375,55.561804887672984],[37.50290574786802,55.56175548912113],[37.50278609612928,55.561860400627864],[37.50281874493794,55.561872346138486],[37.50278102679823,55.561905580074196],[37.50277135894197,55.56190207725475],[37.502717951191464,55.56194878438965],[37.50297533889036,55.56204336042316],[37.50318136146667,55.5618630882884],[37.50309355812802,55.56183093444572],[37.50308753595643,55.56183632374541],[37.503028894808104,55.56181476805454]]]]}},{"type":"Feature","properties":{"id":38855,"uin":"HI5129-04-0001-000","name":"нежилое здание","area":"ЮЗАО","district":"Ясенево","address":"г. Москва, ЮЗАО, район Ясенево, Новоясеневский проспект, д. 2А, стр. 1","res_complex":null,"state":"Сдан","fno_name":"Торговый центр, торговый комплекс","fno_codes":"004, 001, 001","job_type":"Капитальный ремонт","fin_source":"Внебюджетные источники","input_fact":null,"input_plan":"2011-12-31","lat":55.61789972872383,"lng":37.50549033595087,"ring_count":1,"geom_source":"polygon","archived":true,"archived_at":"2026-07-15","last_seen":"2026-06-24"},"geometry":{"type":"Polygon","coordinates":[[[37.50549033595087,55.61789972872383],[37.50549030188307,55.61761230796447],[37.50599817788907,55.61761228763353],[37.50599821567219,55.61789970839266],[37.50549033595087,55.61789972872383]]]}},{"type":"Feature","properties":{"id":38854,"uin":"HI5129-04-0002-000","name":"нежилое здание в осях 13 - 25","area":"ЮЗАО","district":"Ясенево","address":"г. Москва, ЮЗАО, район Ясенево, Новоясеневский проспект, вл. 2А, стр. 1","res_complex":null,"state":"Сдан","fno_name":"Торговый центр, торговый комплекс","fno_codes":"004, 001, 001","job_type":"Капитальный ремонт","fin_source":"Внебюджетные источники","input_fact":null,"input_plan":"2011-12-31","lat":55.61789726018373,"lng":37.50549033596934,"ring_count":1,"geom_source":"polygon","archived":true,"archived_at":"2026-07-15","last_seen":"2026-06-24"},"geometry":{"type":"Polygon","coordinates":[[[37.50549033596934,55.61789726018373],[37.50549030190156,55.61760983942427],[37.50599817787565,55.61760981909332],[37.505998215658764,55.61789723985256],[37.50549033596934,55.61789726018373]]]}},{"type":"Feature","properties":{"id":33739,"uin":"HI5377-14-0001-000","name":"Гараж-стоянка (корпус 2-3Д) в составе Многофункционального жилого комплекса с центром реабилитации инвалидов\". Корректировка.","area":"ЮЗАО","district":"Южное Бутово","address":"Лазарева адмирала ул. пр. пр. 672","res_complex":null,"state":"Сдан","fno_name":"Открытая надземная стоянка, предназначенная для постоянного и временного хранения автомобилей","fno_codes":"014, 001, 004","job_type":"Новое строительство","fin_source":"Внебюджетные источники","input_fact":null,"input_plan":"2011-12-31","lat":55.53751986928916,"lng":37.5122496140773,"ring_count":1,"geom_source":"polygon","archived":true,"archived_at":"2026-07-15","last_seen":"2026-06-24"},"geometry":{"type":"Polygon","coordinates":[[[37.5122496140773,55.53751986928916],[37.512249530813286,55.537232444736475],[37.51275637041661,55.53723239647048],[37.51275645737726,55.53751982102265],[37.5122496140773,55.53751986928916]]]}},{"type":"Feature","properties":{"id":7376,"uin":"HI7256-04-0002-000","name":"Здание торгов-бытового назначения","area":"ЮЗАО","district":"Северное Бутово","address":"ул Знаменские Садки, корп 24","res_complex":null,"state":"В строительстве","fno_name":"Объект торговли иного типа","fno_codes":"004, 002, 004","job_type":"Реконструкция","fin_source":"Внебюджетные источники","input_fact":null,"input_plan":"2025-12-18","lat":55.571901579077526,"lng":37.57406121489207,"ring_count":1,"geom_source":"polygon","archived":true,"archived_at":"2026-07-15","last_seen":"2026-06-24"},"geometry":{"type":"Polygon","coordinates":[[[37.57406121489207,55.571901579077526],[37.574221173475806,55.57211735171678],[37.57430062881453,55.57209844193748],[37.57429234388216,55.57208726703831],[37.574666598761574,55.57199819860249],[37.57451492156654,55.57179360232519],[37.57406121489207,55.571901579077526]]]}},{"type":"Feature","properties":{"id":8755,"uin":"HI7497-04-0001-000","name":"Объект общественного питания","area":"ЮЗАО","district":"Южное Бутово","address":"ул. Маршала Савицкого, вл.6. корп.1 (корп.26)","res_complex":null,"state":"В строительстве","fno_name":"Предприятие быстрого обслуживания","fno_codes":"004, 005, 010","job_type":"Новое строительство","fin_source":"Внебюджетные источники","input_fact":null,"input_plan":"2025-04-21","lat":55.50465186488032,"lng":37.581662725025566,"ring_count":1,"geom_source":"polygon","archived":true,"archived_at":"2026-07-15","last_seen":"2026-06-24"},"geometry":{"type":"Polygon","coordinates":[[[37.581662725025566,55.50465186488032],[37.58176169319512,55.504850175386785],[37.58227820088079,55.5047676366608],[37.5822569777371,55.504723312553196],[37.5826400829918,55.50466186798173],[37.58260393737612,55.504590195796325],[37.582695915977986,55.50450839141722],[37.58263505429161,55.50438859810451],[37.58233612032514,55.50443589520994],[37.58217111168027,55.50457085510273],[37.581662725025566,55.50465186488032]]]}},{"type":"Feature","properties":{"id":53127,"uin":"HI7598-01-0002-000","name":"Центр социального обслуживания и отдел ЗАГС на месте сноса объекта незавершенного строительства","area":"ЮЗАО","district":"Южное Бутово","address":"Щербинка, мкр. 2, к. 7-7А (ул. Брусилова. д. 21, стр. 3)","res_complex":null,"state":"Планируемый","fno_name":"Многофункциональный центр предоставления государственных и муниципальных услуг","fno_codes":"001, 004, 006","job_type":"Новое строительство","fin_source":"Городской бюджет","input_fact":null,"input_plan":"2027-12-30","lat":55.5024086656052,"lng":37.58581383481198,"ring_count":1,"geom_source":"polygon","archived":true,"archived_at":"2026-07-15","last_seen":"2026-06-24"},"geometry":{"type":"Polygon","coordinates":[[[37.58581383481198,55.5024086656052],[37.58601114106776,55.50237930436915],[37.58595087253858,55.50228680302776],[37.58574927623538,55.50231616714161],[37.58581383481198,55.5024086656052]]]}},{"type":"Feature","properties":{"id":49017,"uin":"HI7808-03-0001-000","name":"Воскресная школа, духовно-просветительский центр","area":"ЮЗАО","district":"Зюзино","address":"пересечение Каховки ул. и Азовской ул.","res_complex":null,"state":"Планируемый","fno_name":"Культовый и религиозный объект иного типа","fno_codes":"003, 004, 016","job_type":"Новое строительство","fin_source":"Внебюджетные источники","input_fact":null,"input_plan":"2028-12-31","lat":55.653128734069085,"lng":37.5964840218647,"ring_count":3,"geom_source":"polygon","archived":true,"archived_at":"2026-07-15","last_seen":"2026-06-24"},"geometry":{"type":"MultiPolygon","coordinates":[[[[37.59624310585156,55.65307831318258],[37.5960024028676,55.65307863553063],[37.59600304927174,55.65323305706178],[37.596484457129776,55.6532324118904],[37.5964840218647,55.653128734069085],[37.59624310585156,55.65307831318258]]],[[[37.59640897409671,55.65334461944164],[37.596243468977576,55.65334484140959],[37.59624420717516,55.65352093168104],[37.59658240535376,55.65352047797109],[37.59658190031579,55.65340025317567],[37.596485162319695,55.65340038304962],[37.596484457129776,55.6532324118904],[37.59640850366367,55.65323251380687],[37.59640897409671,55.65334461944164]]]]}},{"type":"Feature","properties":{"id":53361,"uin":"HI8242-04-0001-000","name":"Магазин","area":"ЮАО","district":"Чертаново Южное","address":"Россошанская ул., вл.3, корп.1А, стр.2","res_complex":null,"state":"Планируемый","fno_name":"Магазин","fno_codes":"004, 002, 001","job_type":"Новое строительство","fin_source":"Внебюджетные источники","input_fact":null,"input_plan":"2028-12-31","lat":55.59516744103052,"lng":37.607868145227684,"ring_count":2,"geom_source":"polygon","archived":true,"archived_at":"2026-07-15","last_seen":"2026-06-24"},"geometry":{"type":"MultiPolygon","coordinates":[[[[37.6078300144017,55.595062999386236],[37.60769286832501,55.59508053144994],[37.60774755667865,55.59518495870296],[37.607868145227684,55.59516744103052],[37.6078300144017,55.595062999386236]]],[[[37.60708093427647,55.595342250412585],[37.607572712617745,55.595257439792086],[37.60748715442957,55.59510883838625],[37.60695517299921,55.59519636230565],[37.60696947753925,55.59523787200835],[37.607014424020605,55.595239172523705],[37.60708093427647,55.595342250412585]]]]}},{"type":"Feature","properties":{"id":53426,"uin":"HI9026-11-0001-000","name":"Производственное здание","area":"ЮАО","district":"Царицыно","address":"Улица Деловая Дом 20","res_complex":null,"state":"Планируемый","fno_name":"Склад","fno_codes":"011, 001, 001","job_type":"Новое строительство","fin_source":"Внебюджетные источники","input_fact":null,"input_plan":"2030-12-31","lat":55.62437101425483,"lng":37.6365954733849,"ring_count":1,"geom_source":"polygon","archived":true,"archived_at":"2026-07-15","last_seen":"2026-06-24"},"geometry":{"type":"Polygon","coordinates":[[[37.63573594156174,55.62373244907338],[37.635728918782924,55.62372480640882],[37.6353631555115,55.62382947218736],[37.63579713739516,55.62431535363065],[37.63638835432465,55.62459378541199],[37.63644514991106,55.62461350559668],[37.63656580293506,55.62464341547266],[37.63657007290584,55.624638146741496],[37.63682052720347,55.624706203329495],[37.636869735612855,55.62470376207204],[37.63714526035721,55.624624712108506],[37.63717829721275,55.62460864537617],[37.63720331093655,55.62458275188782],[37.63720887761494,55.62455340535503],[37.63719713096017,55.62452853013868],[37.63632860502482,55.623553368379675],[37.63576329055821,55.62371497651506],[37.6357699920565,55.6237227099135],[37.63573594156174,55.62373244907338]]]}},{"type":"Feature","properties":{"id":50095,"uin":"HI9112-06-0001-000","name":"Спортивное ядро образовательной организации на 3000 мест","area":"ЮАО","district":"Москворечье-Сабурово","address":"переулок 1-й Котляковский, земельный участок 8/8","res_complex":null,"state":"Планируемый","fno_name":"Плоскостное спортивное сооружение иного типа","fno_codes":"006, 002, 032","job_type":"Новое строительство","fin_source":"Внебюджетные источники","input_fact":null,"input_plan":"2030-06-25","lat":55.64650588191522,"lng":37.63792715494423,"ring_count":1,"geom_source":"polygon","archived":true,"archived_at":"2026-07-15","last_seen":"2026-06-24"},"geometry":{"type":"Polygon","coordinates":[[[37.63792715494423,55.64650588191522],[37.63801473483504,55.64643374948672],[37.63798562988594,55.64642246486586],[37.638827509493794,55.64572578575215],[37.64029325486312,55.646292411572674],[37.63936729287559,55.64705781707615],[37.63884750826147,55.646851191085894],[37.63884038653877,55.646858474405505],[37.638477745382666,55.64671319581185],[37.638473151642295,55.6467167038915],[37.63792715494423,55.64650588191522]]]}},{"type":"Feature","properties":{"id":38145,"uin":"HI9200-06-0004-000","name":"физкультурно-оздоровительный комплекс (для занятий физкультурой и спортом инвалидов различных категорий)","area":"ЮАО","district":"Нагатино-Садовники","address":"Москва, ЮАО, Нагатино-Садовники, Коломенский пр. вл. 13","res_complex":null,"state":"В строительстве","fno_name":"Физкультурно-оздоровительный комплекс","fno_codes":"006, 006, 001","job_type":"Новое строительство","fin_source":"Городской бюджет","input_fact":null,"input_plan":null,"lat":55.66626859814312,"lng":37.6422404273558,"ring_count":1,"geom_source":"polygon","archived":true,"archived_at":"2026-07-15","last_seen":"2026-06-24"},"geometry":{"type":"Polygon","coordinates":[[[37.64203743954245,55.666383799314445],[37.6420364047053,55.66609638171652],[37.642544906839845,55.666095795753904],[37.64254594540365,55.666383213345576],[37.64203743954245,55.666383799314445]]]}},{"type":"Feature","properties":{"id":50347,"uin":"HI9500-04-0001-000","name":"Объект бытового обслуживания и общественного питания","area":"ЮАО","district":"Нагатино-Садовники","address":"Коломенский проезд, з/у влд. 10","res_complex":null,"state":"Планируемый","fno_name":"Объект бытового обслуживания населения иного типа","fno_codes":"004, 006, 008","job_type":"Новое строительство","fin_source":"Внебюджетные источники","input_fact":null,"input_plan":"2028-12-31","lat":55.665763577413045,"lng":37.65018757514347,"ring_count":1,"geom_source":"polygon","archived":true,"archived_at":"2026-07-15","last_seen":"2026-06-24"},"geometry":{"type":"Polygon","coordinates":[[[37.65018757514347,55.665763577413045],[37.65120246820647,55.66593914019405],[37.651367255358714,55.66565498388208],[37.65034290054973,55.665482112798436],[37.65018757514347,55.665763577413045]]]}},{"type":"Feature","properties":{"id":53499,"uin":"HJ0003-01-0001-000","name":"ЗАГС","area":"ТАО","district":"Троицк","address":"Российская Федерация, п. Десеновское, зона 36","res_complex":null,"state":"Планируемый","fno_name":"Отдел записи актов гражданского состояния, дворец бракосочетания","fno_codes":"001, 004, 004","job_type":"Новое строительство","fin_source":"Внебюджетные источники","input_fact":null,"input_plan":"2030-12-31","lat":55.49290058930583,"lng":37.334721703441176,"ring_count":1,"geom_source":"polygon","archived":true,"archived_at":"2026-07-15","last_seen":"2026-06-24"},"geometry":{"type":"Polygon","coordinates":[[[37.334721703441176,55.49290058930583],[37.334849363812836,55.493347346840885],[37.33564216977487,55.49309512893116],[37.335370527428154,55.49290478634865],[37.334721703441176,55.49290058930583]]]}},{"type":"Feature","properties":{"id":57910,"uin":"HJ2108-04-0001-000","name":"вблизи пр. Славского; вблизи ул. Яковлевская","area":"ТАО","district":"Троицк","address":"квартал 130, земельный участок 3А","res_complex":"ЦКС","state":"Планируемый","fno_name":"Центр кинологической службы","fno_codes":"004, 011, 002","job_type":"Новое строительство","fin_source":"Городской бюджет","input_fact":null,"input_plan":"2032-05-14","lat":55.485570206912065,"lng":37.40499256025866,"ring_count":1,"geom_source":"polygon","archived":true,"archived_at":"2026-07-15","last_seen":"2026-06-24"},"geometry":{"type":"Polygon","coordinates":[[[37.40499256025866,55.485570206912065],[37.40499890646584,55.485927798025564],[37.40707458615599,55.48591757996291],[37.4070682490499,55.485559813583976],[37.40499256025866,55.485570206912065]]]}},{"type":"Feature","properties":{"id":52113,"uin":"HJ2184-99-0001-000","name":"Индивидуальный жилой дом","area":"ТАО","district":"Краснопахорский","address":"Спортбазы пос. (п.Щаповское). ИЖС-1","res_complex":null,"state":"Планируемый","fno_name":null,"fno_codes":null,"job_type":"Новое строительство","fin_source":"Городской бюджет","input_fact":null,"input_plan":"2029-12-31","lat":55.3592947668254,"lng":37.40396975591932,"ring_count":1,"geom_source":"polygon","archived":true,"archived_at":"2026-07-15","last_seen":"2026-06-24"},"geometry":{"type":"Polygon","coordinates":[[[37.40396975591932,55.3592947668254],[37.40415905078639,55.359303113999474],[37.40417831451178,55.359161213198064],[37.403989026644524,55.359152875024094],[37.40396975591932,55.3592947668254]]]}},{"type":"Feature","properties":{"id":51359,"uin":"HJ2184-99-0002-000","name":"Индивидуальный жилой дом","area":"ТАО","district":"Краснопахорский","address":"Спортбазы пос. (п.Щаповское). ИЖС-2","res_complex":null,"state":"Планируемый","fno_name":null,"fno_codes":null,"job_type":"Новое строительство","fin_source":"Городской бюджет","input_fact":null,"input_plan":"2029-12-31","lat":55.35932133890437,"lng":37.40462720550408,"ring_count":1,"geom_source":"polygon","archived":true,"archived_at":"2026-07-15","last_seen":"2026-06-24"},"geometry":{"type":"Polygon","coordinates":[[[37.40462720550408,55.35932133890437],[37.40481650037121,55.35932968407841],[37.4048357630966,55.359187784277054],[37.40464647422932,55.35917944610303],[37.40462720550408,55.35932133890437]]]}},{"type":"Feature","properties":{"id":50576,"uin":"HJ2184-99-0003-000","name":"Индивидуальный жилой дом","area":"ТАО","district":"Краснопахорский","address":"Спортбазы пос. (п.Щаповское). ИЖС-3","res_complex":null,"state":"Планируемый","fno_name":null,"fno_codes":null,"job_type":"Новое строительство","fin_source":"Городской бюджет","input_fact":null,"input_plan":"2029-12-31","lat":55.35935150704025,"lng":37.405294109021305,"ring_count":1,"geom_source":"polygon","archived":true,"archived_at":"2026-07-15","last_seen":"2026-06-24"},"geometry":{"type":"Polygon","coordinates":[[[37.405294109021305,55.35935150704025],[37.40548340388846,55.3593598522143],[37.40550266361387,55.359217951412894],[37.405313374746555,55.359209614238864],[37.405294109021305,55.35935150704025]]]}},{"type":"Feature","properties":{"id":50646,"uin":"HJ2184-99-0004-000","name":"Индивидуальный жилой дом","area":"ТАО","district":"Краснопахорский","address":"Спортбазы пос. (п.Щаповское). ИЖС-4","res_complex":null,"state":"Планируемый","fno_name":null,"fno_codes":null,"job_type":"Новое строительство","fin_source":"Городской бюджет","input_fact":null,"input_plan":"2029-12-31","lat":55.35938262763705,"lng":37.40603511853102,"ring_count":1,"geom_source":"polygon","archived":true,"archived_at":"2026-07-15","last_seen":"2026-06-24"},"geometry":{"type":"Polygon","coordinates":[[[37.40603511853102,55.35938262763705],[37.406224414398245,55.359390971811116],[37.4062436711237,55.359249071009685],[37.40605438225631,55.359240734835666],[37.40603511853102,55.35938262763705]]]}},{"type":"Feature","properties":{"id":51261,"uin":"HJ2284-99-0001-000","name":"Индивидуальный жилой дом","area":"ТАО","district":"Краснопахорский","address":"Спортбазы пос. (п.Щаповское). ИЖС-5","res_complex":null,"state":"Планируемый","fno_name":null,"fno_codes":null,"job_type":"Новое строительство","fin_source":"Городской бюджет","input_fact":null,"input_plan":"2029-12-31","lat":55.35941278171409,"lng":37.40669256304736,"ring_count":1,"geom_source":"polygon","archived":true,"archived_at":"2026-07-15","last_seen":"2026-06-24"},"geometry":{"type":"Polygon","coordinates":[[[37.40669256304736,55.35941278171409],[37.406881858914645,55.35942112388816],[37.40690111364013,55.3592792230867],[37.4067118247727,55.359270887912686],[37.40669256304736,55.35941278171409]]]}},{"type":"Feature","properties":{"id":48489,"uin":"HJ2404-11-0001-000","name":"Складское здание № 25.Этап 4.","area":"ТАО","district":"Троицк","address":"город Москва, поселение Десёновское, квартал 121, з/у 1","res_complex":null,"state":"Планируемый","fno_name":"Склад","fno_codes":"011, 001, 001","job_type":"Новое строительство","fin_source":"Внебюджетные источники","input_fact":null,"input_plan":"2028-12-31","lat":55.492712662058636,"lng":37.42017021368627,"ring_count":1,"geom_source":"polygon","archived":true,"archived_at":"2026-07-15","last_seen":"2026-06-24"},"geometry":{"type":"Polygon","coordinates":[[[37.419497082304034,55.49238432089969],[37.41924135322975,55.49283420405847],[37.42116571109158,55.49323730424129],[37.42144986142169,55.49272314220555],[37.419497082304034,55.49238432089969]]]}},{"type":"Feature","properties":{"id":38179,"uin":"HJ5502-08-0001-000","name":"Дошкольная образовательная организация на 250 мест.","area":"НАО","district":"Щербинка","address":"г. Москва, п. Рязановское, с. Остафьево","res_complex":null,"state":"В строительстве","fno_name":"Дошкольная образовательная организация","fno_codes":"008, 001, 001","job_type":"Новое строительство","fin_source":"Внебюджетные источники","input_fact":null,"input_plan":null,"lat":55.49557123436335,"lng":37.51814686340059,"ring_count":1,"geom_source":"polygon","archived":true,"archived_at":"2026-07-15","last_seen":"2026-06-24"},"geometry":{"type":"Polygon","coordinates":[[[37.518063126384774,55.49592462114862],[37.51738337154481,55.49537703144961],[37.51836476316298,55.49508162157771],[37.5188599286653,55.495548271742074],[37.518063126384774,55.49592462114862]]]}},{"type":"Feature","properties":{"id":12558,"uin":"HJ5703-08-0001-000","name":"Дошкольная образовательная организация на 200 мест","area":"НАО","district":"Щербинка","address":"ул. Любучанская, ЗУ 16","res_complex":null,"state":"В строительстве","fno_name":"Дошкольная образовательная организация","fno_codes":"008, 001, 001","job_type":"Новое строительство","fin_source":"Внебюджетные источники","input_fact":null,"input_plan":"2025-07-07","lat":55.49445348467039,"lng":37.52468727973659,"ring_count":1,"geom_source":"polygon","archived":true,"archived_at":"2026-07-15","last_seen":"2026-06-24"},"geometry":{"type":"Polygon","coordinates":[[[37.52468727973659,55.49445348467039],[37.524543313706175,55.49372018694364],[37.525619685869124,55.49364867919901],[37.52578161757869,55.49439215583763],[37.52468727973659,55.49445348467039]]]}},{"type":"Feature","properties":{"id":36998,"uin":"HJ7107-01-0005-000","name":"Административное здание","area":"НАО","district":"Щербинка","address":"ул. Набережная, д. 1","res_complex":null,"state":"В строительстве","fno_name":"Офисное здание","fno_codes":"001, 005, 001","job_type":"Реконструкция","fin_source":"Внебюджетные источники","input_fact":null,"input_plan":"2020-07-31","lat":55.487592219530605,"lng":37.57110333156406,"ring_count":1,"geom_source":"polygon","archived":true,"archived_at":"2026-07-15","last_seen":"2026-06-24"},"geometry":{"type":"Polygon","coordinates":[[[37.57106311390344,55.48761581683768],[37.57105041225785,55.48754795895088],[37.57116994524908,55.48755503395255],[37.57117007251294,55.48762647101281],[37.57106311390344,55.48761581683768]]]}},{"type":"Feature","properties":{"id":55577,"uin":"IG0378-10-0002-000","name":"8. Жилая застройка","area":"СВАО","district":"Лосиноостровский","address":"Изумрудная ул., д.6","res_complex":null,"state":"Планируемый","fno_name":"Многоэтажный многоквартирный дом","fno_codes":"010, 001, 001","job_type":"Новое строительство","fin_source":"Городской бюджет","input_fact":null,"input_plan":"2031-12-31","lat":55.86830786328694,"lng":37.67904083613799,"ring_count":1,"geom_source":"polygon","archived":true,"archived_at":"2026-07-15","last_seen":"2026-06-24"},"geometry":{"type":"Polygon","coordinates":[[[37.67937683631542,55.86853042329449],[37.678988714666964,55.86827369878298],[37.67874527505965,55.868389856261764],[37.67913275621575,55.86864682342903],[37.67937683631542,55.86853042329449]]]}},{"type":"Feature","properties":{"id":55637,"uin":"IG0576-10-0005-000","name":"4. Жилая застройка","area":"СВАО","district":"Лосиноостровский","address":"вн.тер.г. муниципальный округ Лосиноостровский, улица Изумрудная, д. 22","res_complex":null,"state":"Планируемый","fno_name":"Многоэтажный многоквартирный дом","fno_codes":"010, 001, 001","job_type":"Новое строительство","fin_source":"Городской бюджет","input_fact":null,"input_plan":"2031-12-31","lat":55.87181583360967,"lng":37.683859628543544,"ring_count":1,"geom_source":"polygon","archived":true,"archived_at":"2026-07-15","last_seen":"2026-06-24"},"geometry":{"type":"Polygon","coordinates":[[[37.683859628543544,55.87181583360967],[37.684065501823596,55.87195350980982],[37.684462997720566,55.87176582456671],[37.68425754045316,55.87162810092869],[37.683859628543544,55.87181583360967]]]}},{"type":"Feature","properties":{"id":55581,"uin":"IG0675-10-0006-000","name":"1. Жилая застройка","area":"СВАО","district":"Лосиноостровский","address":"вн.тер.г. муниципальный округ Лосиноостровский, улица Изумрудная, д. 30","res_complex":null,"state":"Планируемый","fno_name":"Многоэтажный многоквартирный дом","fno_codes":"010, 001, 001","job_type":"Новое строительство","fin_source":"Городской бюджет","input_fact":null,"input_plan":"2031-12-31","lat":55.87350713808531,"lng":37.68774049169959,"ring_count":1,"geom_source":"polygon","archived":true,"archived_at":"2026-07-15","last_seen":"2026-06-24"},"geometry":{"type":"Polygon","coordinates":[[[37.68774049169959,55.87350713808531],[37.68770936213544,55.873522243737995],[37.68781931073343,55.873594231735396],[37.68779712686362,55.873605080713055],[37.6878496586044,55.87363944148135],[37.68788837519394,55.87362081577087],[37.687944386575964,55.87365747334549],[37.6879058002548,55.87367619774745],[37.68808531682231,55.87379370268452],[37.6881383479503,55.873768202876356],[37.68819437084773,55.87380486733526],[37.68814151206808,55.873830470764005],[37.68833858147816,55.87395946563733],[37.68837735068011,55.87394085375559],[37.6884333735957,55.873977518226354],[37.68839476992678,55.87399621853432],[37.68845208644234,55.87403375217448],[37.68868722645664,55.873920275704045],[37.68800324409244,55.87347253887466],[37.6879768842108,55.87348513466649],[37.68794270563547,55.87346276700094],[37.68799521936316,55.873437356441535],[37.6879486591152,55.873406839796694],[37.68806605008715,55.87335011118488],[37.68797231619847,55.873288731088984],[37.68764689373705,55.87344581014385],[37.68774049169959,55.87350713808531]]]}},{"type":"Feature","properties":{"id":56501,"uin":"IG0786-02-0003-000","name":"Кампус мирового уровня на базе ФГБОУ ВО \"НИУ МГСУ\". 1 очередь, 1\r\nэтап. Образовательно-научный кластер Блок А.","area":"СВАО","district":"Ярославский","address":"шоссе Ярославское, земельный участок 26/12","res_complex":null,"state":"Планируемый","fno_name":"Образовательная организация высшего образования","fno_codes":"002, 001, 002","job_type":"Новое строительство","fin_source":"Внебюджетные источники","input_fact":null,"input_plan":"2028-12-30","lat":55.85572128588338,"lng":37.69231564660746,"ring_count":4,"geom_source":"polygon","archived":true,"archived_at":"2026-07-15","last_seen":"2026-06-24"},"geometry":{"type":"MultiPolygon","coordinates":[[[[37.691673769210595,55.85576988793117],[37.69199639137823,55.85592773700679],[37.69231564660746,55.85572128588338],[37.69199302043982,55.85556344480771],[37.691673769210595,55.85576988793117]]],[[[37.69124275864661,55.85603266352035],[37.691589236604756,55.85620218552759],[37.691750844708395,55.856097686477504],[37.69165027459131,55.85604848176564],[37.69160654114508,55.85607675304772],[37.69180300137856,55.85594971242438],[37.69176715194305,55.855972906452635],[37.69193980842726,55.856057376957956],[37.69207830765903,55.85596782577196],[37.69160122084749,55.85573440713892],[37.6915242952742,55.85578414068682],[37.69182870460168,55.8559330828146],[37.69148647960612,55.855765654795064],[37.69123352500919,55.85592922330822],[37.69157574557063,55.856096660668975],[37.691329840163576,55.85597635903218],[37.69124275864661,55.85603266352035]]],[[[37.691867718060124,55.85602211416447],[37.69149604712164,55.85626245197982],[37.691790408537365,55.85640647213643],[37.69180512753154,55.856396799714084],[37.691984131884624,55.856484378711265],[37.69228624820897,55.856289006487124],[37.692107380779255,55.85620150499954],[37.691875672628605,55.856351218280736],[37.69213922467882,55.85618090823513],[37.69210739377915,55.856201503999564],[37.69228625969398,55.85628900325691],[37.691949077079066,55.85650704750522],[37.69214612634914,55.856603451940664],[37.69350326182184,55.855725831918],[37.692830498728036,55.85539669284549],[37.69257490114574,55.855561980343055],[37.69285545511392,55.85569924142415],[37.69257488814583,55.855561983343016],[37.692480561668994,55.8556229867885],[37.69263565930734,55.85569887934407],[37.69260316448759,55.85571988515312],[37.692522632194574,55.85568049738374],[37.692096712751024,55.855955924204],[37.69236869004845,55.85578003547893],[37.69228676776763,55.855739965713596],[37.69199640237814,55.85592773400679],[37.6920783239812,55.855967815440465],[37.691939827427134,55.856057374958],[37.69216207947591,55.85616612032114],[37.691867718060124,55.85602211416447]],[[37.692494143764456,55.85615457187203],[37.69228626220886,55.85628900448717],[37.69228625969398,55.85628900325691],[37.692494143764456,55.85615457187203]],[[37.69305060723782,55.85579471868671],[37.6930506139694,55.8557947219801],[37.692494143764456,55.85615457187203],[37.69305060723782,55.85579471868671]]],[[[37.69176714094312,55.85597290745259],[37.69165028459128,55.85604847076575],[37.691750853708335,55.85609768047755],[37.69186771406019,55.856022108164495],[37.69176714094312,55.85597290745259]]]]}},{"type":"Feature","properties":{"id":38100,"uin":"IG0874-04-0001-000","name":"Реконструкция магазина","area":"СВАО","district":"Лосиноостровский","address":"Норильская улица, д. 7","res_complex":null,"state":"В строительстве","fno_name":"Магазин","fno_codes":"004, 002, 001","job_type":"Реконструкция","fin_source":"Внебюджетные источники","input_fact":null,"input_plan":null,"lat":55.87616736248741,"lng":37.69503576658757,"ring_count":1,"geom_source":"polygon","archived":true,"archived_at":"2026-07-15","last_seen":"2026-06-24"},"geometry":{"type":"Polygon","coordinates":[[[37.69487855830052,55.87623809044691],[37.69486080903824,55.87607620469451],[37.695267413744965,55.87607556322428],[37.6952934931193,55.87620886280976],[37.69487855830052,55.87623809044691]]]}},{"type":"Feature","properties":{"id":26465,"uin":"IH0455-10-0003-000","name":"жилой дом","area":"ЦАО","district":"Таганский","address":"г. Москва, ЦАО, район Таганский, Новорогожская улица, вл. 8А-12А, корп. 10","res_complex":null,"state":"Сдан","fno_name":"Многоэтажный многоквартирный дом","fno_codes":"010, 001, 001","job_type":"Новое строительство","fin_source":"Городской бюджет","input_fact":null,"input_plan":"2007-12-31","lat":55.74048830786731,"lng":37.682563459000896,"ring_count":3,"geom_source":"polygon","archived":true,"archived_at":"2026-07-15","last_seen":"2026-06-24"},"geometry":{"type":"MultiPolygon","coordinates":[[[[37.68298340305526,55.74024699592364],[37.68349286784139,55.74024623968547],[37.68349213192781,55.74008867231417],[37.68382104309942,55.73999511749709],[37.68380229489196,55.73997347973515],[37.683897660334345,55.73994793426426],[37.683819850245584,55.73985738745145],[37.68346239355295,55.73995886940239],[37.68298206444318,55.739959582389815],[37.68298269540237,55.74009505570185],[37.68244199372948,55.74024856090059],[37.68254108687238,55.74035918561345],[37.68298333969637,55.7402333921299],[37.68298340305526,55.74024699592364]]],[[[37.6827105341036,55.74061381346264],[37.68277268087358,55.740616643788904],[37.68282442452841,55.74060926136184],[37.682883825991574,55.740578489003305],[37.682902764108306,55.74054450258886],[37.682865186952505,55.74046746841053],[37.68283651215361,55.74042513722592],[37.682646485827824,55.74047891726775],[37.68263386793003,55.740465852019085],[37.682563459000896,55.74048830786731],[37.68265087431777,55.740589062026935],[37.6827105341036,55.74061381346264]]]]}},{"type":"Feature","properties":{"id":30881,"uin":"IH0555-10-0001-000","name":"жилой дом","area":"ЦАО","district":"Таганский","address":"г. Москва, ЦАО, район Таганский, Новорогожская улица, вл. 8-12, корп. 9","res_complex":null,"state":"Сдан","fno_name":"Многоэтажный многоквартирный дом","fno_codes":"010, 001, 001","job_type":"Новое строительство","fin_source":"Городской бюджет","input_fact":null,"input_plan":"2007-12-31","lat":55.740724302657874,"lng":37.68266443949384,"ring_count":3,"geom_source":"polygon","archived":true,"archived_at":"2026-07-15","last_seen":"2026-06-24"},"geometry":{"type":"MultiPolygon","coordinates":[[[[37.682726844219474,55.74079316655809],[37.68277235418507,55.740779680672716],[37.682789015932485,55.74081189771475],[37.68284396848689,55.74084051704196],[37.68291863373297,55.740847302055634],[37.68310710537383,55.7407973301287],[37.68308396017195,55.74075014547041],[37.683040499756345,55.740707345222496],[37.68298902609977,55.74068615866256],[37.682905587536055,55.74067384171882],[37.682820981849886,55.74068329098491],[37.68266443949384,55.740724302657874],[37.682726844219474,55.74079316655809]]],[[[37.68380131628191,55.74121183724349],[37.68431079361388,55.74121107760571],[37.68431003795272,55.74105000917605],[37.6845811121491,55.74097272688664],[37.68453802490484,55.74092462992019],[37.68464885950149,55.74089303061561],[37.68459284612989,55.740830504580835],[37.68467810328127,55.740806197394804],[37.68442605974814,55.74052484670338],[37.68423736546401,55.74057864405645],[37.68448695632083,55.74085725838931],[37.684253741035675,55.74092374719402],[37.68379997161043,55.740924423768256],[37.68380057289446,55.74105294373453],[37.68345961168017,55.74115015050026],[37.68321346936702,55.74087537770712],[37.683023614165464,55.74092950319601],[37.683272207090845,55.74120701312666],[37.68335660545092,55.74118295216001],[37.683412617353206,55.741245478746706],[37.68352345377015,55.741213880457586],[37.683566540070935,55.74126197777816],[37.68380123781854,55.74119506628494],[37.68380131628191,55.74121183724349]]]]}},{"type":"Feature","properties":{"id":7357,"uin":"IH0565-04-0001-000","name":"Многофункциональный комплекс с апартаментами, объектами физкультурно-оздоровительных и досуговых центров","area":"ЮВАО","district":"Южнопортовый","address":"Волгоградский проспект","res_complex":"ЖК HIGHWAY","state":"Сдан","fno_name":"Апарт-отель","fno_codes":"004, 004, 002","job_type":"Новое строительство","fin_source":"Внебюджетные источники","input_fact":"2025-06-30 00:00:00","input_plan":"2026-03-31","lat":55.72314180345541,"lng":37.68591844460211,"ring_count":33,"geom_source":"polygon","archived":true,"archived_at":"2026-07-15","last_seen":"2026-06-24"},"geometry":{"type":"MultiPolygon","coordinates":[[[[37.68590091480914,55.72313662057501],[37.68591844460211,55.72314180345541],[37.685913770372395,55.72312932596444],[37.68590091480914,55.72313662057501]]],[[[37.68596800187619,55.72315556032802],[37.68597989365537,55.72314638101187],[37.68595855778337,55.723143988222255],[37.68596800187619,55.72315556032802]]],[[[37.68600975421618,55.72316780209929],[37.686037741441396,55.72316335872757],[37.68601925594759,55.723157997676054],[37.68600975421618,55.72316780209929]]],[[[37.68608401621632,55.723189605077884],[37.68609606711575,55.723180425509725],[37.686074731218106,55.72317803274029],[37.68608401621632,55.723189605077884]]],[[[37.684652467221284,55.723235953099035],[37.684685190233196,55.72322332958033],[37.684671466734834,55.7232153564819],[37.684652467221284,55.723235953099035]]],[[[37.68465067951544,55.72326182306863],[37.68465891189822,55.723252739192894],[37.68464312595934,55.723246116442986],[37.68463140990827,55.72325888804395],[37.68465067951544,55.72326182306863]]],[[[37.684817599058206,55.72325824906984],[37.68480556648051,55.723271380431015],[37.68483243359711,55.723265591763116],[37.684817599058206,55.72325824906984]]],[[[37.68460196103284,55.72329090709654],[37.68462946304991,55.72328475825212],[37.68461209419406,55.72327993421423],[37.68460196103284,55.72329090709654]]],[[[37.6845715619384,55.72332391555477],[37.684590831573125,55.723326850588805],[37.68459108678038,55.72331346747852],[37.6845715619384,55.72332391555477]]],[[[37.68597110387098,55.72320558368632],[37.685773309720204,55.72341003663184],[37.68587099775205,55.72343863043332],[37.68606114227664,55.72323194348235],[37.68597110387098,55.72320558368632]]],[[[37.68456882400362,55.72335077493564],[37.68455287890253,55.72334415241314],[37.68454816401286,55.723356733863966],[37.68456882400362,55.72335077493564]]],[[[37.68517398371072,55.723374744398534],[37.68519087611319,55.72337974870848],[37.685186037428544,55.72336610381765],[37.68517398371072,55.723374744398534]]],[[[37.68453319570796,55.72338855153176],[37.6845448932103,55.72337182802211],[37.684532772069105,55.7233661877445],[37.68451377240945,55.72338678433979],[37.68453319570796,55.72338855153176]]],[[[37.685701603050255,55.72339020558008],[37.68571031050051,55.723380671831656],[37.68567798335412,55.72337605016879],[37.685701603050255,55.72339020558008]]],[[[37.685645081535164,55.7234516359116],[37.685653947725335,55.723442012110674],[37.6856219162521,55.723432629687686],[37.68561735232117,55.72344341461253],[37.685645081535164,55.7234516359116]]],[[[37.685974124775015,55.72347314385055],[37.685984415457156,55.72346190116594],[37.68594983426539,55.72345180414922],[37.68593954357598,55.72346304683093],[37.685974124775015,55.72347314385055]]],[[[37.68563276258601,55.723572188869866],[37.68471165470453,55.723300891684275],[37.68460699724823,55.72341403858843],[37.68522133045429,55.72359409592102],[37.685229722337795,55.723585101584156],[37.685338053167996,55.72360954819608],[37.68621490141625,55.72387453071123],[37.68660928760805,55.723981982622036],[37.68670701278578,55.72401794069167],[37.68669878071815,55.72402702470325],[37.6872994272452,55.7242029608419],[37.68731534953564,55.72420464310998],[37.6874165126303,55.72409410392632],[37.686493321138606,55.72382488906799],[37.686598174878085,55.723720452508076],[37.68572359674122,55.72346418153901],[37.68563276258601,55.723572188869866]]],[[[37.68612608690334,55.72320184632781],[37.68615407413963,55.72319740292962],[37.68613558861382,55.72319204189566],[37.68612608690334,55.72320184632781]]],[[[37.68667700122858,55.72336402897686],[37.686694531226024,55.72336921174617],[37.68669049027637,55.72335610460475],[37.68667700122858,55.72336402897686]]],[[[37.686746639121786,55.723383772784665],[37.68675853078742,55.72337459339359],[37.68673719474363,55.723372200739405],[37.686746639121786,55.723383772784665]]],[[[37.68680432802444,55.723400660563655],[37.68681621968161,55.723391481167],[37.68679504276311,55.723389088281074],[37.68680432802444,55.723400660563655]]],[[[37.686862654386196,55.723417726980685],[37.68687454603488,55.72340854757842],[37.68685320996554,55.72340615494441],[37.686862654386196,55.723417726980685]]],[[[37.68690456642344,55.72342996820508],[37.68693255373402,55.72342552462963],[37.68691406799399,55.72342016371319],[37.68690456642344,55.72342996820508]]],[[[37.68617461260664,55.72346727181019],[37.68632828555918,55.72352245610789],[37.68630329931147,55.723555636425985],[37.68647871756003,55.723364778928065],[37.686456486228025,55.723341460230316],[37.68632023286063,55.72330160839873],[37.68615478776312,55.72348149290466],[37.68617461260664,55.72346727181019]]],[[[37.68662091724238,55.72345015875939],[37.6866297831921,55.7234405348882],[37.68660619779039,55.72343365477711],[37.686601634130675,55.723444439738294],[37.68662091724238,55.72345015875939]]],[[[37.68664788697098,55.72366630724992],[37.68683037914571,55.72345738530498],[37.68674049884228,55.723431025832774],[37.68655035694312,55.723637713826655],[37.68664788697098,55.72366630724992]]],[[[37.68648576795131,55.72360889073808],[37.68645134563936,55.72359879362162],[37.68644105462803,55.723609946528676],[37.68647547694712,55.723620043648],[37.68648576795131,55.72360889073808]]],[[[37.686726719493564,55.72367849248689],[37.68671785308578,55.723688026548444],[37.68675319654892,55.723691026651395],[37.686726719493564,55.72367849248689]]],[[[37.68753292718253,55.72407793901822],[37.68754504854609,55.72408348918242],[37.687564047376796,55.72406298193793],[37.687544623607664,55.724061215225625],[37.68753292718253,55.72407793901822]]],[[[37.687508680549605,55.72409926261298],[37.687523992474524,55.72410642461904],[37.68753570826412,55.72409374256082],[37.687508680549605,55.72409926261298]]],[[[37.68749612857223,55.72413673542309],[37.68746168094653,55.72415475133521],[37.68748599642886,55.724147798357635],[37.68749612857223,55.72413673542309]]],[[[37.68743781655343,55.72418945705902],[37.68741859785489,55.724197300428195],[37.687433751090275,55.724204552504176],[37.68743781655343,55.72418945705902]]],[[[37.68742536044077,55.72421372662302],[37.687392637916666,55.72422644068579],[37.687406361894055,55.72423432366196],[37.68742536044077,55.72421372662302]]]]}},{"type":"Feature","properties":{"id":52124,"uin":"IH0643-10-0001-000","name":"Снос существующих строений, отключение и перекладка инженерных коммуникаций сносимых зданий","area":"ЮВАО","district":"Лефортово","address":"Красноказарменная улица, д. 2, к. 1","res_complex":null,"state":"Планируемый","fno_name":"Многоэтажный многоквартирный дом","fno_codes":"010, 001, 001","job_type":null,"fin_source":"Городской бюджет","input_fact":null,"input_plan":"2030-01-31","lat":55.760036270574396,"lng":37.68993323187918,"ring_count":1,"geom_source":"polygon","archived":true,"archived_at":"2026-07-15","last_seen":"2026-06-24"},"geometry":{"type":"Polygon","coordinates":[[[37.68993323187918,55.760036270574396],[37.69063510786418,55.75978124091424],[37.690764821913326,55.75988283400878],[37.69005537470501,55.7601443051859],[37.68993323187918,55.760036270574396]]]}},{"type":"Feature","properties":{"id":34694,"uin":"IH0729-10-0002-000","name":"Жилой комплекс с подземной автостоянкой","area":"ВАО","district":"Сокольники","address":"Улица Гастелло Земельный участок 32","res_complex":null,"state":"В строительстве","fno_name":"Многоэтажный многоквартирный дом","fno_codes":"010, 001, 001","job_type":null,"fin_source":null,"input_fact":null,"input_plan":null,"lat":55.78345977777827,"lng":37.690548085488466,"ring_count":2,"geom_source":"polygon","archived":true,"archived_at":"2026-07-15","last_seen":"2026-06-24"},"geometry":{"type":"Polygon","coordinates":[[[37.6908460552956,55.78347539025739],[37.690807505234595,55.78336829922684],[37.690554020565585,55.783393330704435],[37.69055086407735,55.78337941054271],[37.69021834737755,55.78342814092322],[37.69027601425177,55.78355663280284],[37.690560464840374,55.783511076604846],[37.6908460552956,55.78347539025739]]]}},{"type":"Feature","properties":{"id":10576,"uin":"IH0887-14-0001-000","name":"Многоэтажный  гараж-стоянка на 300 м/мест (2-я очередь)","area":"ЮАО","district":"Нагатинский Затон","address":"Москва, ЮАО, район Нагатинский затон, Судостроительная улица, вл. 46-50","res_complex":null,"state":"В строительстве","fno_name":"Многоярусный гараж автомобилей","fno_codes":"014, 001, 003","job_type":"Новое строительство","fin_source":"Внебюджетные источники","input_fact":null,"input_plan":"2014-12-31","lat":55.687254785938194,"lng":37.69631230629509,"ring_count":1,"geom_source":"polygon","archived":true,"archived_at":"2026-07-15","last_seen":"2026-06-24"},"geometry":{"type":"Polygon","coordinates":[[[37.69631230629509,55.687254785938194],[37.69581946867365,55.68658617234008],[37.69534976966593,55.68669665745822],[37.6953726276041,55.68672766242169],[37.69532425525621,55.68673903820716],[37.69535838221235,55.68678534831082],[37.695410820034944,55.686773013994475],[37.69584655485473,55.6873643145793],[37.69631230629509,55.687254785938194]]]}},{"type":"Feature","properties":{"id":7883,"uin":"IH1464-99-0001-000","name":"Реконструкция многоэтажного гаража-стоянки с изменением функционального назначения объекта на офисное здание","area":"ЮВАО","district":"Нижегородский","address":"ул. Новохохловская, д. 29","res_complex":null,"state":"В строительстве","fno_name":"Офисное здание","fno_codes":"001, 005, 001","job_type":"Реконструкция","fin_source":"Внебюджетные источники","input_fact":null,"input_plan":"2026-12-01","lat":55.725342481580796,"lng":37.7147009979127,"ring_count":1,"geom_source":"polygon","archived":true,"archived_at":"2026-07-15","last_seen":"2026-06-24"},"geometry":{"type":"Polygon","coordinates":[[[37.71482292682652,55.72538912352059],[37.71452570672161,55.725275709015584],[37.71447421075295,55.72531876829371],[37.71439562468845,55.725302991059316],[37.71431071587806,55.72530648976655],[37.714249806075856,55.72532301609288],[37.714199681567614,55.72535147928963],[37.71416982976371,55.72538790013354],[37.71416385057554,55.72542788748583],[37.714187277668046,55.725472021840055],[37.7142422029088,55.725508732819584],[37.71431537340563,55.72552916314076],[37.71437195908275,55.725532984420084],[37.71442596909496,55.725528235255545],[37.71446160193268,55.725541809409464],[37.71441940117695,55.725576945841475],[37.7150368414415,55.72581313485062],[37.715318437761574,55.72557866918264],[37.71501718309955,55.72546343152982],[37.715054836833474,55.725433039808394],[37.714862531135616,55.725357155751134],[37.71482292682652,55.72538912352059]]]}},{"type":"Feature","properties":{"id":54902,"uin":"IH1763-11-0003-000","name":"Производственно-складской комплекс","area":"ЮВАО","district":"Нижегородский","address":"пр-кт Рязанский, вл 2","res_complex":null,"state":"Планируемый","fno_name":"Склад","fno_codes":"011, 001, 001","job_type":"Новое строительство","fin_source":"Городской бюджет","input_fact":null,"input_plan":"2031-12-31","lat":55.72867871571048,"lng":37.72721523526163,"ring_count":1,"geom_source":"polygon","archived":true,"archived_at":"2026-07-15","last_seen":"2026-06-24"},"geometry":{"type":"Polygon","coordinates":[[[37.72721523526163,55.72867871571048],[37.72780908842798,55.72855991777589],[37.72776941778229,55.72849655202325],[37.72835326819733,55.72837957606501],[37.72798171625547,55.72778865823855],[37.72739782919533,55.72790552067187],[37.726799656396764,55.726954075484464],[37.72620578465809,55.72707292947469],[37.72721523526163,55.72867871571048]]]}},{"type":"Feature","properties":{"id":55821,"uin":"IH1914-10-0002-000","name":"Многоквартирный жилой дом. ЖУ-22","area":"ВАО","district":"Богородское","address":"мкр. 4Б, 5Б, 8Б, 37Б, район Богородское","res_complex":null,"state":"Планируемый","fno_name":"Многоэтажный многоквартирный дом","fno_codes":"010, 001, 001","job_type":"Новое строительство","fin_source":"Городской бюджет","input_fact":null,"input_plan":"2031-12-31","lat":55.80951472782583,"lng":37.73074074174271,"ring_count":1,"geom_source":"polygon","archived":true,"archived_at":"2026-07-15","last_seen":"2026-06-24"},"geometry":{"type":"Polygon","coordinates":[[[37.73074074174271,55.80951472782583],[37.73088386290163,55.809588534529595],[37.7305880584827,55.80975326959902],[37.73097352061202,55.80998100155134],[37.731519098618485,55.80968679853063],[37.731809028187094,55.80917049884747],[37.73156810095798,55.80903886698563],[37.73173568245793,55.8089504964722],[37.732063436242285,55.809144861016755],[37.73171000613457,55.809752032378675],[37.730972724765955,55.81015775232354],[37.730253064869615,55.809751164009775],[37.73074074174271,55.80951472782583]]]}},{"type":"Feature","properties":{"id":7756,"uin":"IH2066-10-0002-000","name":"Жилой дом с инженерными сетями и благоустройством территории","area":"ЮВАО","district":"Текстильщики","address":"Грайвороново, квартал 90А, з/у 1","res_complex":null,"state":"Сдан","fno_name":"Многоэтажный многоквартирный дом","fno_codes":"010, 001, 001","job_type":"Новое строительство","fin_source":"Городской бюджет","input_fact":"2025-06-30 00:00:00","input_plan":"2025-07-31","lat":55.72241082008578,"lng":37.735549974961835,"ring_count":3,"geom_source":"polygon","archived":true,"archived_at":"2026-07-15","last_seen":"2026-06-24"},"geometry":{"type":"MultiPolygon","coordinates":[[[[37.73554644213079,55.72235244531765],[37.73549839000064,55.72235361492595],[37.73550192222156,55.722411899878836],[37.735549974961835,55.72241082008578],[37.73554644213079,55.72235244531765]]],[[[37.734584988392044,55.722573523487156],[37.73466279268503,55.72257121979923],[37.73466769604892,55.7226461184401],[37.734671833038284,55.7226460207481],[37.73465945311728,55.722411799709725],[37.734543775088305,55.722414175451476],[37.73454692272133,55.722461593217744],[37.734569676325286,55.7224611008408],[37.734589570653654,55.72264797365331],[37.734584988392044,55.722573523487156]]],[[[37.73512000357593,55.72267920779508],[37.73515580535436,55.72267851079005],[37.73515494191525,55.72266719540491],[37.73528446330575,55.72266443339988],[37.735282365890036,55.72263309102],[37.73532787435388,55.722632285622694],[37.7353145563084,55.722428065554496],[37.73515178030686,55.7224315197477],[37.73515247922719,55.722441937269934],[37.7350539860853,55.72244401126055],[37.73505328772869,55.722433683554456],[37.73488701017776,55.72243705425479],[37.73490048459388,55.72264118425114],[37.734946469944845,55.72264028826885],[37.73494872837692,55.7226719896182],[37.73511898208684,55.722668072346536],[37.73512000357593,55.72267920779508]]]]}},{"type":"Feature","properties":{"id":48745,"uin":"IH2153-08-0001-000","name":"Здание образовательной организации (общее образование) на 325 мест","area":"ЮВАО","district":"Нижегородский","address":"1-я Фрезерная ул., влд. 2/1, стр.7","res_complex":null,"state":"Планируемый","fno_name":"Общеобразовательная организация","fno_codes":"008, 001, 003","job_type":"Новое строительство","fin_source":"Внебюджетные источники","input_fact":null,"input_plan":"2028-12-31","lat":55.74348453558389,"lng":37.73895802048231,"ring_count":1,"geom_source":"polygon","archived":true,"archived_at":"2026-07-15","last_seen":"2026-06-24"},"geometry":{"type":"Polygon","coordinates":[[[37.73895802048231,55.74348453558389],[37.7388436312523,55.74339493976888],[37.73921128107181,55.743239292102665],[37.73932885508128,55.743328881397304],[37.73895802048231,55.74348453558389]]]}},{"type":"Feature","properties":{"id":38153,"uin":"IH2212-10-0003-000","name":"Жилой комплекс с подземной автостоянкой, дошкольной образовательной организацией, этап: 2 этап, подэтап 2.3","area":"ВАО","district":"Богородское","address":"Тюменский пр., вл. 3-5","res_complex":null,"state":"В строительстве","fno_name":"Многоэтажный многоквартирный дом","fno_codes":"010, 001, 001","job_type":"Новое строительство","fin_source":"Внебюджетные источники","input_fact":null,"input_plan":null,"lat":55.8120161897806,"lng":37.74036037890413,"ring_count":1,"geom_source":"polygon","archived":true,"archived_at":"2026-07-15","last_seen":"2026-06-24"},"geometry":{"type":"Polygon","coordinates":[[[37.74015692433052,55.81213155080469],[37.74015516081052,55.81184414171375],[37.74066555850798,55.81184314761146],[37.74066732578893,55.812130556691734],[37.74015692433052,55.81213155080469]]]}},{"type":"Feature","properties":{"id":38140,"uin":"IH2213-10-0003-000","name":"Жилой комплекс с подземной автостоянкой, дошкольной образовательной организацией, этап: 2 этап, подэтап 2.4","area":"ВАО","district":"Богородское","address":"Тюменский пр., вл. 3-5","res_complex":null,"state":"В строительстве","fno_name":"Многоэтажный многоквартирный дом","fno_codes":"010, 001, 001","job_type":"Новое строительство","fin_source":"Внебюджетные источники","input_fact":null,"input_plan":null,"lat":55.81163983265506,"lng":37.74104308495336,"ring_count":1,"geom_source":"polygon","archived":true,"archived_at":"2026-07-15","last_seen":"2026-06-24"},"geometry":{"type":"Polygon","coordinates":[[[37.74083963436221,55.81175519481187],[37.74083786583646,55.81146778571754],[37.741348258583564,55.811466788786845],[37.741350030870166,55.811754197870485],[37.74083963436221,55.81175519481187]]]}},{"type":"Feature","properties":{"id":55428,"uin":"IH2474-10-0002-000","name":"Жилая застройка. ЖУ-1(1.1):","area":"ЮВАО","district":"Кузьминки","address":"вн.тер.г. муниципальный округ Кузьминки, улица Окская,  д.4, к.2","res_complex":null,"state":"Планируемый","fno_name":"Многоэтажный многоквартирный дом","fno_codes":"010, 001, 001","job_type":"Новое строительство","fin_source":"Городской бюджет","input_fact":null,"input_plan":"2031-12-31","lat":55.70894231797213,"lng":37.748244877231635,"ring_count":1,"geom_source":"polygon","archived":true,"archived_at":"2026-07-15","last_seen":"2026-06-24"},"geometry":{"type":"Polygon","coordinates":[[[37.748244877231635,55.70894231797213],[37.748434818956405,55.708992487969574],[37.74845931964161,55.7089630372912],[37.74848093482397,55.708968642102334],[37.74856044918398,55.70887250604399],[37.74857815036818,55.70887707589253],[37.74863000304498,55.7088143852895],[37.748612444395135,55.70880963904775],[37.748657055793984,55.70875568174949],[37.748635564402626,55.70874994147261],[37.748741551467056,55.70862179123742],[37.748817041185205,55.70864168062271],[37.74880821098005,55.70865245023439],[37.74885777236186,55.708665545032986],[37.74884741156299,55.708678276945],[37.749125197358666,55.70875150794557],[37.74913580506767,55.70873884766207],[37.749184666221275,55.70875164741899],[37.749268849892,55.708649838521936],[37.74921707435321,55.708636137783465],[37.74922725333519,55.708623583913],[37.748960078506855,55.708553144218094],[37.748949564560576,55.70856561015284],[37.748849070350886,55.708539114201045],[37.748859249323914,55.70852656133256],[37.748632449413925,55.70846681216099],[37.748603277091256,55.708502042373446],[37.748579265034174,55.708495826700066],[37.748463363496406,55.70863596351354],[37.74849191704313,55.708643605809726],[37.74846708036341,55.70867365522517],[37.74844286776723,55.70870291065165],[37.74841416369278,55.70869545300966],[37.74824014338678,55.70890585722818],[37.74826869693069,55.70891349852908],[37.748244877231635,55.70894231797213]]]}},{"type":"Feature","properties":{"id":51898,"uin":"IH2499-10-0003-000","name":"Многоквартирный жилой дом","area":"ЮВАО","district":"Люблино","address":"Краснодонская улица, 50, зона 4.1","res_complex":null,"state":"Планируемый","fno_name":"Многоэтажный многоквартирный дом","fno_codes":"010, 001, 001","job_type":"Новое строительство","fin_source":"Городской бюджет","input_fact":null,"input_plan":"2033-12-31","lat":55.66628659283418,"lng":37.7489761042669,"ring_count":1,"geom_source":"polygon","archived":true,"archived_at":"2026-07-15","last_seen":"2026-06-24"},"geometry":{"type":"Polygon","coordinates":[[[37.749410360322095,55.66597800330817],[37.748359527139684,55.666727963753736],[37.749241719745555,55.667127451599114],[37.74925548461672,55.667124115550905],[37.749437261153865,55.66699576174665],[37.74944000193061,55.666987432438006],[37.7492471329513,55.66689860778742],[37.749229478323535,55.66689978323828],[37.74920350058754,55.666918335094],[37.74873029237682,55.666704420801665],[37.749463183968146,55.666183588562156],[37.74993878763537,55.666397886002166],[37.74991255037909,55.66641639159765],[37.74991268326765,55.6664249106051],[37.75010433175169,55.66651184814118],[37.75012404966589,55.6665094585066],[37.75030874292211,55.66637585569072],[37.75030281020922,55.66636808326337],[37.749424103636485,55.665974645239636],[37.749410360322095,55.66597800330817]]]}},{"type":"Feature","properties":{"id":48883,"uin":"IH2716-10-0001-000","name":"Жилая застройка","area":"ВАО","district":"Гольяново","address":"ул. Амурская, влд. 2А/1","res_complex":"ЖК АМУРСКИЙ ПАРК","state":"Планируемый","fno_name":"Многоэтажный многоквартирный дом","fno_codes":"010, 001, 001","job_type":"Новое строительство","fin_source":"Внебюджетные источники","input_fact":null,"input_plan":"2033-12-31","lat":55.80582868648257,"lng":37.757065650145165,"ring_count":3,"geom_source":"polygon","archived":true,"archived_at":"2026-07-15","last_seen":"2026-06-24"},"geometry":{"type":"Polygon","coordinates":[[[37.757088303677506,55.80580250795578],[37.75689957831534,55.806020710324105],[37.75710148325069,55.80607610355929],[37.757319449277226,55.80582408007974],[37.75721072907499,55.8057942541687],[37.75731946127728,55.805824077079826],[37.757587893467594,55.80551369895227],[37.75743996824752,55.805473117047306],[37.75744923447274,55.8054618201123],[37.75725362850392,55.805408163915644],[37.757197630212666,55.80547290852503],[37.75720965515245,55.8054760455987],[37.757159041985325,55.80553456624564],[37.75718857783815,55.80554223742658],[37.757171799428875,55.80556276530886],[37.75714223757555,55.80555511912775],[37.75693632382726,55.80579319769139],[37.757065650145165,55.80582868648257],[37.757088303677506,55.80580250795578]]]}},{"type":"Feature","properties":{"id":55427,"uin":"IH2775-10-0004-000","name":"Жилая застройка. ЖУ-6(6.1)","area":"ЮВАО","district":"Кузьминки","address":"Волгоградский просп. д.107, к.1","res_complex":null,"state":"Планируемый","fno_name":"Многоэтажный многоквартирный дом","fno_codes":"010, 001, 001","job_type":"Новое строительство","fin_source":"Городской бюджет","input_fact":null,"input_plan":"2031-12-31","lat":55.707374284845336,"lng":37.75707893720188,"ring_count":1,"geom_source":"polygon","archived":true,"archived_at":"2026-07-15","last_seen":"2026-06-24"},"geometry":{"type":"Polygon","coordinates":[[[37.7569351309337,55.70702577152912],[37.75725629327569,55.70780379636883],[37.75767322174999,55.70774895742749],[37.75762723876284,55.70763739016347],[37.757440443525034,55.70766194915601],[37.75730917833566,55.70734403554856],[37.75740298625938,55.70733161466205],[37.75731220061802,55.70711171873748],[37.75859800365835,55.706942453839524],[37.75868561739502,55.70715464117823],[37.75877934054947,55.7071423780599],[37.75891379376916,55.70746800035772],[37.75874496982823,55.70749025013899],[37.758790955358535,55.70760174681636],[37.759191812437955,55.707548977582256],[37.758870465920275,55.706771008623384],[37.7569351309337,55.70702577152912]]]}},{"type":"Feature","properties":{"id":55515,"uin":"IH2779-10-0007-000","name":"Жилой многоквартирный дом ЖУ-5 (8.1)","area":"ЮВАО","district":"Кузьминки","address":"мкр. 113, 113а района Кузьминки","res_complex":null,"state":"Планируемый","fno_name":"Многоэтажный многоквартирный дом","fno_codes":"010, 001, 001","job_type":"Новое строительство","fin_source":"Городской бюджет","input_fact":null,"input_plan":"2030-12-31","lat":55.70015344158741,"lng":37.7595704967839,"ring_count":1,"geom_source":"polygon","archived":true,"archived_at":"2026-07-15","last_seen":"2026-06-24"},"geometry":{"type":"Polygon","coordinates":[[[37.75944403659485,55.699832189819126],[37.759812354517976,55.70076767324725],[37.76097919533615,55.70062113518606],[37.76061018841577,55.69968397877314],[37.76037136171722,55.69971401012005],[37.76059253945066,55.70027616811563],[37.76048704424612,55.7002894867781],[37.76057319090275,55.70050832050154],[37.759994303909735,55.70058100368934],[37.75968741390444,55.699801608039365],[37.75944403659485,55.699832189819126]]]}},{"type":"Feature","properties":{"id":55513,"uin":"IH2780-10-0003-000","name":"Жилой многоквартирный дом ЖУ-8 (7.1)","area":"ЮВАО","district":"Кузьминки","address":"мкр. 113, 113а района Кузьминки","res_complex":null,"state":"Планируемый","fno_name":"Многоэтажный многоквартирный дом","fno_codes":"010, 001, 001","job_type":"Новое строительство","fin_source":"Городской бюджет","input_fact":null,"input_plan":"2030-12-31","lat":55.69912315969944,"lng":37.75982090260835,"ring_count":1,"geom_source":"polygon","archived":true,"archived_at":"2026-07-15","last_seen":"2026-06-24"},"geometry":{"type":"Polygon","coordinates":[[[37.75982090260835,55.69912315969944],[37.760041828825514,55.69909396805568],[37.76007925958783,55.69918404111969],[37.76011467860354,55.69917943590997],[37.76013808781531,55.6992357272854],[37.760152694445736,55.69927090942898],[37.7601173619912,55.69927568878846],[37.76020768399703,55.69949298031301],[37.76049501046623,55.6994548967373],[37.760417762462964,55.69926895006636],[37.76037823341715,55.69927408160785],[37.76035056175217,55.69920752053377],[37.760327189768674,55.699151266282065],[37.76036663829888,55.69914594841593],[37.760299207137045,55.69898369316299],[37.760259680082754,55.69898882769448],[37.760241938377234,55.698946217278305],[37.759773280295555,55.69900830009249],[37.75982090260835,55.69912315969944]]]}},{"type":"Feature","properties":{"id":55517,"uin":"IH2782-10-0002-000","name":"Жилой многоквартирный дом ЖУ-13 (14.1)","area":"ЮВАО","district":"Кузьминки","address":"мкр. 113, 113а района Кузьминки","res_complex":null,"state":"Планируемый","fno_name":"Многоэтажный многоквартирный дом","fno_codes":"010, 001, 001","job_type":"Новое строительство","fin_source":"Городской бюджет","input_fact":null,"input_plan":"2030-12-31","lat":55.6949087926995,"lng":37.75962246919668,"ring_count":1,"geom_source":"polygon","archived":true,"archived_at":"2026-07-15","last_seen":"2026-06-24"},"geometry":{"type":"Polygon","coordinates":[[[37.759582392961065,55.69481433018616],[37.75979747433999,55.695320929886726],[37.76078110868404,55.69518779977563],[37.76106525535176,55.694729360220315],[37.760831563870056,55.694683160537075],[37.760579720007,55.6950825506899],[37.75998247342284,55.69516338075983],[37.759838608906975,55.694824246175145],[37.760024886825626,55.69452364448246],[37.759791281992996,55.694477431079804],[37.759582392961065,55.69481433018616]]]}},{"type":"Feature","properties":{"id":55507,"uin":"IH2783-10-0002-000","name":"Жилой многоквартирный дом ЖУ-14 (15.1)","area":"ЮВАО","district":"Кузьминки","address":"мкр. 113, 113а района Кузьминки","res_complex":null,"state":"Планируемый","fno_name":"Многоэтажный многоквартирный дом","fno_codes":"010, 001, 001","job_type":"Новое строительство","fin_source":"Городской бюджет","input_fact":null,"input_plan":"2030-12-31","lat":55.69438608895455,"lng":37.76026181492899,"ring_count":1,"geom_source":"polygon","archived":true,"archived_at":"2026-07-15","last_seen":"2026-06-24"},"geometry":{"type":"Polygon","coordinates":[[[37.7598930654138,55.69431313183659],[37.760652796065536,55.69446338190839],[37.76073556390553,55.69432994601558],[37.760209489931924,55.694225859285574],[37.76036005686333,55.69398286195954],[37.760126424753814,55.69393665860509],[37.7598930654138,55.69431313183659]]]}},{"type":"Feature","properties":{"id":55512,"uin":"IH2879-10-0005-000","name":"Жилой многоквартирный дом ЖУ-9 (9.1)","area":"ЮВАО","district":"Кузьминки","address":"мкр. 113, 113а района Кузьминки","res_complex":null,"state":"Планируемый","fno_name":"Многоэтажный многоквартирный дом","fno_codes":"010, 001, 001","job_type":"Новое строительство","fin_source":"Городской бюджет","input_fact":null,"input_plan":"2030-12-31","lat":55.70035610136343,"lng":37.76148633234627,"ring_count":1,"geom_source":"polygon","archived":true,"archived_at":"2026-07-15","last_seen":"2026-06-24"},"geometry":{"type":"Polygon","coordinates":[[[37.761248806960474,55.69978782949082],[37.76150323930003,55.70039681793248],[37.761432320989314,55.70040629677913],[37.76147539366102,55.70050970258846],[37.76207790561387,55.70042824870109],[37.76212031155375,55.70040669723864],[37.76228076447247,55.70021126380866],[37.762287775619356,55.700187481787935],[37.7621033435271,55.6999335814845],[37.76149474988271,55.700014216874116],[37.76139213305539,55.69976878908318],[37.761248806960474,55.69978782949082]]]}},{"type":"Feature","properties":{"id":55516,"uin":"IH2882-10-0001-000","name":"Жилой многоквартирный дом ЖУ-12 (13.1)","area":"ЮВАО","district":"Кузьминки","address":"мкр. 113, 113а района Кузьминки","res_complex":null,"state":"Планируемый","fno_name":"Многоэтажный многоквартирный дом","fno_codes":"010, 001, 001","job_type":"Новое строительство","fin_source":"Городской бюджет","input_fact":null,"input_plan":"2030-12-31","lat":55.695679878194696,"lng":37.76100290347887,"ring_count":1,"geom_source":"polygon","archived":true,"archived_at":"2026-07-15","last_seen":"2026-06-24"},"geometry":{"type":"Polygon","coordinates":[[[37.76100290347887,55.695679878194696],[37.761049800180515,55.69567382072893],[37.76106857490135,55.69571906737363],[37.76172524011426,55.69563270795967],[37.76166924500466,55.69549689660503],[37.76126074551161,55.69555054662981],[37.7612235112478,55.69546015571896],[37.76117662355077,55.69546622886225],[37.76115784883108,55.69542098221379],[37.76095659856446,55.69544746191255],[37.76097519220295,55.695492697149334],[37.760928385484995,55.69549892607048],[37.76100290347887,55.695679878194696]]]}},{"type":"Feature","properties":{"id":55524,"uin":"IH2883-10-0003-000","name":"Жилой многоквартирный дом ЖУ-15 (16.1)","area":"ЮВАО","district":"Кузьминки","address":"мкр. 113, 113а района Кузьминки","res_complex":null,"state":"Планируемый","fno_name":"Многоэтажный многоквартирный дом","fno_codes":"010, 001, 001","job_type":"Новое строительство","fin_source":"Городской бюджет","input_fact":null,"input_plan":"2030-12-31","lat":55.69459197329568,"lng":37.76130311866246,"ring_count":1,"geom_source":"polygon","archived":true,"archived_at":"2026-07-15","last_seen":"2026-06-24"},"geometry":{"type":"Polygon","coordinates":[[[37.760934366145264,55.69451901917854],[37.76201108756525,55.69473192000179],[37.762244437689326,55.69435545016493],[37.7620107681636,55.69430923756781],[37.76186013865041,55.694552223880216],[37.76138584433275,55.6944584572581],[37.761250788663496,55.69443174362468],[37.76140133989027,55.69418872876225],[37.761167716483094,55.694142543946356],[37.760934366145264,55.69451901917854]]]}},{"type":"Feature","properties":{"id":48834,"uin":"IH3021-05-0001-000","name":"Подстанция скорой медицинской помощи на 20 машино-мест","area":"ВАО","district":"Измайлово","address":"Измайловский пр-д, влд. 9","res_complex":null,"state":"Планируемый","fno_name":"Станция скорой медицинской помощи","fno_codes":"005, 003, 001","job_type":"Новое строительство","fin_source":"Городской бюджет","input_fact":null,"input_plan":"2028-12-30","lat":55.79843669484797,"lng":37.76702892997152,"ring_count":1,"geom_source":"polygon","archived":true,"archived_at":"2026-07-15","last_seen":"2026-06-24"},"geometry":{"type":"Polygon","coordinates":[[[37.76702892997152,55.79843669484797],[37.76772800159257,55.79844120114892],[37.767730227964094,55.79832821368092],[37.76743185800237,55.79800222206746],[37.7670414007801,55.79800197350716],[37.76702892997152,55.79843669484797]]]}},{"type":"Feature","properties":{"id":57744,"uin":"IH3067-10-0001-000","name":"Жилой комплекс многоэтажных домов","area":"ЮВАО","district":"Рязанский","address":"проспект Рязанский, земельный участок 26/16","res_complex":null,"state":"Планируемый","fno_name":"Многоэтажный многоквартирный дом","fno_codes":"010, 001, 001","job_type":"Новое строительство","fin_source":"Внебюджетные источники","input_fact":null,"input_plan":"2030-12-30","lat":55.72017207925504,"lng":37.76859329939587,"ring_count":4,"geom_source":"polygon","archived":true,"archived_at":"2026-07-15","last_seen":"2026-06-24"},"geometry":{"type":"MultiPolygon","coordinates":[[[[37.768593355857035,55.720172093835664],[37.76879981533097,55.720100179874315],[37.768554173646876,55.71987535199252],[37.76955003642916,55.71952856793242],[37.769422605062736,55.719412090874854],[37.76822031357255,55.71983065937247],[37.768593355857035,55.720172093835664]]],[[[37.76952348983255,55.71976500941601],[37.769946360622136,55.72015201380618],[37.77015263330058,55.720080210545426],[37.769729758511026,55.719693208155235],[37.76952348983255,55.71976500941601]]],[[[37.76924354838059,55.720767125822746],[37.77044590191969,55.72034857418101],[37.77044597547585,55.720348483425944],[37.77031853013912,55.72023199034616],[37.76932269093152,55.72057867035732],[37.769077009636995,55.72035385665288],[37.76887050009783,55.72042569335816],[37.76924354838059,55.720767125822746]]],[[[37.76692796585384,55.720280541736905],[37.76795109581745,55.72121698995061],[37.76815763874343,55.721145163906115],[37.767261815000595,55.72032523882041],[37.76758638458293,55.720212232595934],[37.76745913568817,55.720095706855496],[37.76692796585384,55.720280541736905]]]]}},{"type":"Feature","properties":{"id":55187,"uin":"IH3077-10-0006-000","name":"Жилая застройка. ЖУ-2(2.1)","area":"ЮВАО","district":"Кузьминки","address":"Зеленодольская ул.39","res_complex":null,"state":"Планируемый","fno_name":"Многоэтажный многоквартирный дом","fno_codes":"010, 001, 001","job_type":"Новое строительство","fin_source":"Городской бюджет","input_fact":null,"input_plan":"2044-12-31","lat":55.70347337389232,"lng":37.766584884121635,"ring_count":1,"geom_source":"polygon","archived":true,"archived_at":"2026-07-15","last_seen":"2026-06-24"},"geometry":{"type":"Polygon","coordinates":[[[37.76720065197706,55.7033931288948],[37.7664957879233,55.703485061202784],[37.7667658110391,55.704145245490416],[37.76710356859001,55.704101248827065],[37.766912326551285,55.703633576635745],[37.76727937273995,55.703585673964646],[37.76720065197706,55.7033931288948]]]}},{"type":"Feature","properties":{"id":55236,"uin":"IH3079-10-0006-000","name":"Жилая застройка. ЖУ-7(7.1)","area":"ЮВАО","district":"Кузьминки","address":"вн.тер.г. муниципальный округ Кузьминки, улица Юных Ленинцев, д.73","res_complex":null,"state":"Планируемый","fno_name":"Многоэтажный многоквартирный дом","fno_codes":"010, 001, 001","job_type":"Новое строительство","fin_source":"Городской бюджет","input_fact":null,"input_plan":"2031-12-31","lat":55.70080324294755,"lng":37.76681840026196,"ring_count":1,"geom_source":"polygon","archived":true,"archived_at":"2026-07-15","last_seen":"2026-06-24"},"geometry":{"type":"Polygon","coordinates":[[[37.76681840026196,55.70080324294755],[37.76693834886276,55.701096910464095],[37.76719826225417,55.701063028609475],[37.76707819370254,55.70076941879219],[37.76681840026196,55.70080324294755]]]}},{"type":"Feature","properties":{"id":49103,"uin":"IH3162-10-0002-000","name":"Жилой многоквартирный дом","area":"ЮВАО","district":"Рязанский","address":"Зарайская ул., зу 33/2","res_complex":null,"state":"Планируемый","fno_name":"Многоэтажный многоквартирный дом","fno_codes":"010, 001, 001","job_type":"Новое строительство","fin_source":"Городской бюджет","input_fact":null,"input_plan":"2029-12-31","lat":55.72972945291942,"lng":37.770485928929496,"ring_count":1,"geom_source":"polygon","archived":true,"archived_at":"2026-07-15","last_seen":"2026-06-24"},"geometry":{"type":"Polygon","coordinates":[[[37.770485928929496,55.72972945291942],[37.771123483577966,55.729728052015844],[37.77112410679461,55.72981826219608],[37.77048655067614,55.72981966310438],[37.770485928929496,55.72972945291942]]]}},{"type":"Feature","properties":{"id":55192,"uin":"IH3172-10-0007-000","name":"Жилой многоквартирный дом. ЖУ-10 (8.1)","area":"ЮВАО","district":"Кузьминки","address":"Кузьминки мкр.120","res_complex":null,"state":"Планируемый","fno_name":"Многоэтажный многоквартирный дом","fno_codes":"010, 001, 001","job_type":"Новое строительство","fin_source":"Городской бюджет","input_fact":null,"input_plan":"2029-06-30","lat":55.71217608150278,"lng":37.771454338278495,"ring_count":1,"geom_source":"polygon","archived":true,"archived_at":"2026-07-15","last_seen":"2026-06-24"},"geometry":{"type":"Polygon","coordinates":[[[37.77181689617955,55.711724543238425],[37.77117878784148,55.71251934827282],[37.77272856016982,55.7129159639511],[37.77336680493136,55.71212115284211],[37.7731274225563,55.712059918823144],[37.772594537385054,55.712723611033645],[37.77159960454863,55.71246900033244],[37.771769952267725,55.71225683382354],[37.77167607587866,55.712232731774264],[37.772038498374194,55.711781174328365],[37.77181689617955,55.711724543238425]]]}},{"type":"Feature","properties":{"id":55467,"uin":"IH3173-10-0005-000","name":"Жилая застройка. ЖУ-30(40.1)","area":"ЮВАО","district":"Кузьминки","address":"Зеленодольская ул., д.17, к.1","res_complex":null,"state":"Планируемый","fno_name":"Многоэтажный многоквартирный дом","fno_codes":"010, 001, 001","job_type":"Новое строительство","fin_source":"Городской бюджет","input_fact":null,"input_plan":"2031-12-31","lat":55.710900787103384,"lng":37.77345275165293,"ring_count":1,"geom_source":"polygon","archived":true,"archived_at":"2026-07-15","last_seen":"2026-06-24"},"geometry":{"type":"Polygon","coordinates":[[[37.77313854241753,55.71081973313089],[37.77420108600898,55.7110938133358],[37.77434414807479,55.71091692027457],[37.773281633248466,55.71064273381921],[37.77313854241753,55.71081973313089]]]}},{"type":"Feature","properties":{"id":55476,"uin":"IH3176-10-0009-000","name":"Жилая застройка. ЖУ-24(26.1)","area":"ЮВАО","district":"Кузьминки","address":"КРТ (Волгоградский проспект, влд.135 к.3","res_complex":null,"state":"Планируемый","fno_name":"Многоэтажный многоквартирный дом","fno_codes":"010, 001, 001","job_type":"Новое строительство","fin_source":"Городской бюджет","input_fact":null,"input_plan":"2031-12-31","lat":55.70623544967508,"lng":37.77174238627396,"ring_count":1,"geom_source":"polygon","archived":true,"archived_at":"2026-07-15","last_seen":"2026-06-24"},"geometry":{"type":"Polygon","coordinates":[[[37.77168515253298,55.70609200858084],[37.77185634881985,55.70652018541891],[37.7721313223436,55.70648510555636],[37.772017580995836,55.7062004710064],[37.77217906289031,55.70617989147785],[37.77219367818688,55.70621605106968],[37.77294055593346,55.706120788553974],[37.77286858592824,55.70594118356924],[37.77168515253298,55.70609200858084]]]}},{"type":"Feature","properties":{"id":55468,"uin":"IH3273-10-0004-000","name":"Жилая застройка. ЖУ-31(39.1)","area":"ЮВАО","district":"Кузьминки","address":"Зеленодольская ул., д.13, к.1","res_complex":null,"state":"Планируемый","fno_name":"Многоэтажный многоквартирный дом","fno_codes":"010, 001, 001","job_type":"Новое строительство","fin_source":"Городской бюджет","input_fact":null,"input_plan":"2031-12-31","lat":55.71144830332564,"lng":37.77558996591983,"ring_count":1,"geom_source":"polygon","archived":true,"archived_at":"2026-07-15","last_seen":"2026-06-24"},"geometry":{"type":"Polygon","coordinates":[[[37.7753837803915,55.71139448529682],[37.776750260779764,55.711750691502566],[37.77716363248762,55.711245189048924],[37.77694489918542,55.71118820631612],[37.77662562973535,55.71157865966852],[37.775684137923875,55.71133328700702],[37.77600338543631,55.710942842364574],[37.77579715362454,55.710889035865826],[37.7753837803915,55.71139448529682]]]}},{"type":"Feature","properties":{"id":55483,"uin":"IH3373-10-0002-000","name":"Жилая застройка. ЖУ-33(38.1)","area":"ЮВАО","district":"Кузьминки","address":"ул. Фёдора Полетаева д.20, к.1","res_complex":null,"state":"Планируемый","fno_name":"Многоэтажный многоквартирный дом","fno_codes":"010, 001, 001","job_type":"Новое строительство","fin_source":"Городской бюджет","input_fact":null,"input_plan":"2031-12-31","lat":55.71064598425337,"lng":37.77858240006785,"ring_count":1,"geom_source":"polygon","archived":true,"archived_at":"2026-07-15","last_seen":"2026-06-24"},"geometry":{"type":"Polygon","coordinates":[[[37.77878272250638,55.71040421856649],[37.778515752710405,55.71072651877879],[37.77887246915676,55.71082070330237],[37.77913945711043,55.71049842602135],[37.77878272250638,55.71040421856649]]]}},{"type":"Feature","properties":{"id":55470,"uin":"IH3376-10-0003-000","name":"Жилая застройка. ЖУ-43 (46.1)","area":"ЮВАО","district":"Кузьминки","address":"вн.тер.г. муниципальный округ Кузьминки, проспект Волгоградский, д.143, к.2","res_complex":null,"state":"Планируемый","fno_name":"Многоэтажный многоквартирный дом","fno_codes":"010, 001, 001","job_type":"Новое строительство","fin_source":"Городской бюджет","input_fact":null,"input_plan":"2031-12-31","lat":55.70509876845844,"lng":37.7771378902476,"ring_count":2,"geom_source":"polygon","archived":true,"archived_at":"2026-07-15","last_seen":"2026-06-24"},"geometry":{"type":"MultiPolygon","coordinates":[[[[37.77713786678567,55.70509878005603],[37.77724264045913,55.705353635138565],[37.77754144002495,55.70531444991835],[37.77743662352708,55.70505962658039],[37.77713786678567,55.70509878005603]]],[[[37.77740508321087,55.705752347057256],[37.77839736140764,55.70562071604442],[37.77839748399443,55.70562062551545],[37.77828451615429,55.705349223943955],[37.77796098750108,55.70539210654634],[37.778022880402666,55.70554124365684],[37.77735421582441,55.705629968683624],[37.77740508321087,55.705752347057256]]]]}},{"type":"Feature","properties":{"id":55246,"uin":"IH3379-10-0003-000","name":"Жилая застройка. ЖУ-39(36.1)","area":"ЮВАО","district":"Кузьминки","address":"вн.тер.г. муниципальный округ Кузьминки, бульвар Есенинский, 11к.2","res_complex":null,"state":"Планируемый","fno_name":"Многоэтажный многоквартирный дом","fno_codes":"010, 001, 001","job_type":"Новое строительство","fin_source":"Городской бюджет","input_fact":null,"input_plan":"2031-12-31","lat":55.69966411216689,"lng":37.77847075250828,"ring_count":1,"geom_source":"polygon","archived":true,"archived_at":"2026-07-15","last_seen":"2026-06-24"},"geometry":{"type":"Polygon","coordinates":[[[37.77871213416241,55.699631952834686],[37.77839066881029,55.699674872752844],[37.778748643348656,55.700529816997765],[37.77997861809309,55.70036555596974],[37.779905053538805,55.70019009224775],[37.77908123633798,55.70030009808253],[37.77899311980479,55.70008964554931],[37.77890847337093,55.700100872889124],[37.77871213416241,55.699631952834686]]]}},{"type":"Feature","properties":{"id":55258,"uin":"IH3677-10-0005-000","name":"Жилая застройка. ЖУ-25(23.1)","area":"ЮВАО","district":"Кузьминки","address":"Волгоградский пр-т, вл. 167","res_complex":null,"state":"Планируемый","fno_name":"Многоэтажный многоквартирный дом","fno_codes":"010, 001, 001","job_type":"Новое строительство","fin_source":"Городской бюджет","input_fact":null,"input_plan":"2031-12-31","lat":55.70283388857027,"lng":37.7887686242142,"ring_count":2,"geom_source":"polygon","archived":true,"archived_at":"2026-07-15","last_seen":"2026-06-24"},"geometry":{"type":"MultiPolygon","coordinates":[[[[37.78876860083428,55.70283390021975],[37.78891238785233,55.7031775066349],[37.789246116924026,55.703132957916715],[37.789102286290216,55.702789384318955],[37.78876860083428,55.70283390021975]]],[[[37.78902400561534,55.70344391508634],[37.7892080629183,55.703883479312694],[37.789612780449445,55.70375143665703],[37.78956641710964,55.70364069636174],[37.78946439060922,55.703654257755645],[37.789357672694294,55.703399410834784],[37.78902400561534,55.70344391508634]]]]}},{"type":"Feature","properties":{"id":55213,"uin":"IH3678-10-0003-000","name":"Жилая застройка. ЖУ-24(22.1)","area":"ЮВАО","district":"Кузьминки","address":"вн.тер.г. муниципальный округ Кузьминки, проспект Волгоградский, д. 165, к.1","res_complex":null,"state":"Планируемый","fno_name":"Многоэтажный многоквартирный дом","fno_codes":"010, 001, 001","job_type":"Новое строительство","fin_source":"Городской бюджет","input_fact":null,"input_plan":"2037-12-31","lat":55.703123154020346,"lng":37.78787019643354,"ring_count":1,"geom_source":"polygon","archived":true,"archived_at":"2026-07-15","last_seen":"2026-06-24"},"geometry":{"type":"Polygon","coordinates":[[[37.78787019643354,55.703123154020346],[37.788098715173504,55.70366905168146],[37.788341660490445,55.7036366650274],[37.78805494256715,55.70295172912652],[37.78726851975025,55.70305673456467],[37.78732677545427,55.70319568599607],[37.78787019643354,55.703123154020346]]]}},{"type":"Feature","properties":{"id":55265,"uin":"IH3680-10-0002-000","name":"Жилая застройка. ЖУ-47(41.1)","area":"ЮВАО","district":"Кузьминки","address":"вн.тер.г. муниципальный округ Кузьминки, улица Юных Ленинцев, д.117, к.4","res_complex":null,"state":"Планируемый","fno_name":"Многоэтажный многоквартирный дом","fno_codes":"010, 001, 001","job_type":"Новое строительство","fin_source":"Городской бюджет","input_fact":null,"input_plan":"2031-12-31","lat":55.69798303711099,"lng":37.787675343364135,"ring_count":1,"geom_source":"polygon","archived":true,"archived_at":"2026-07-15","last_seen":"2026-06-24"},"geometry":{"type":"Polygon","coordinates":[[[37.787675343364135,55.69798303711099],[37.78813160157187,55.699097092501184],[37.787234852326975,55.69921423290851],[37.787291196946725,55.699352065917104],[37.788497236342316,55.69919458881355],[37.78792705155867,55.69780221061545],[37.78734054783266,55.6978788016323],[37.787398086656424,55.69801922957835],[37.787675343364135,55.69798303711099]]]}},{"type":"Feature","properties":{"id":38018,"uin":"IH3715-10-0001-000","name":"Жилой дом с инженерными сетями и благоустройством территории","area":"ВАО","district":"Северное Измайлово","address":"Москва, ВАО, район Северное Измайлово, ул. Константина Федина, вл. 5","res_complex":null,"state":"В строительстве","fno_name":"Многоэтажный многоквартирный дом","fno_codes":"010, 001, 001","job_type":"Новое строительство","fin_source":"Городской бюджет","input_fact":null,"input_plan":"2023-12-30","lat":55.807088582563765,"lng":37.79286818761718,"ring_count":1,"geom_source":"polygon","archived":true,"archived_at":"2026-07-15","last_seen":"2026-06-24"},"geometry":{"type":"Polygon","coordinates":[[[37.79266491430873,55.807204030314054],[37.79266276426985,55.80691662221276],[37.79317309532404,55.80691541030682],[37.79317524912264,55.8072028183951],[37.79266491430873,55.807204030314054]]]}},{"type":"Feature","properties":{"id":26593,"uin":"IH4222-10-0002-000","name":"жилой дом","area":"ВАО","district":"Восточное Измайлово","address":"г. Москва, ВАО, район Восточное Измайлово, Измайловский бульвар, вл. 50","res_complex":null,"state":"Сдан","fno_name":"Многоэтажный многоквартирный дом","fno_codes":"010, 001, 001","job_type":"Новое строительство","fin_source":"Внебюджетные источники","input_fact":null,"input_plan":"2005-12-31","lat":55.79647973232279,"lng":37.80753986063797,"ring_count":3,"geom_source":"polygon","archived":true,"archived_at":"2026-07-15","last_seen":"2026-06-24"},"geometry":{"type":"Polygon","coordinates":[[[37.80752627263014,55.79625221443357],[37.807524001614475,55.796329327045214],[37.807424865640506,55.79632840048393],[37.80742280908687,55.796398224892336],[37.807539228627846,55.79639931289606],[37.80753986063797,55.79647973232279],[37.80805005451207,55.79647845884573],[37.808047792035765,55.79619105064296],[37.807537601918796,55.79619232410636],[37.807538073458964,55.79625232471229],[37.80752627263014,55.79625221443357]]]}},{"type":"Feature","properties":{"id":7358,"uin":"IH4830-06-0001-000","name":"Физкультурно-оздоровительный комплекс с офисными помещениями","area":"ВАО","district":"Ивановское","address":"улица Чечулина, вл. 9-11","res_complex":null,"state":"В строительстве","fno_name":"Физкультурно-оздоровительный комплекс","fno_codes":"006, 006, 001","job_type":"Новое строительство","fin_source":"Внебюджетные источники","input_fact":null,"input_plan":null,"lat":55.78200847695666,"lng":37.82880562750783,"ring_count":1,"geom_source":"polygon","archived":true,"archived_at":"2026-07-15","last_seen":"2026-06-24"},"geometry":{"type":"Polygon","coordinates":[[[37.82880562750783,55.78200847695666],[37.82945792001822,55.78213531652887],[37.83008811871288,55.781332676366944],[37.82939751847258,55.78117111841641],[37.82880562750783,55.78200847695666]]]}},{"type":"Feature","properties":{"id":34826,"uin":"IH4964-10-0001-000","name":"Жилой дом в микрорайоне 79 района \"Вешняки\"","area":"ВАО","district":"Вешняки","address":"Вешняковская ул. вл. 25-27","res_complex":null,"state":"Сдан","fno_name":"Многоэтажный многоквартирный дом","fno_codes":"010, 001, 001","job_type":"Новое строительство","fin_source":"Внебюджетные источники","input_fact":null,"input_plan":"2012-12-31","lat":55.72595152512973,"lng":37.830383425132716,"ring_count":5,"geom_source":"polygon","archived":true,"archived_at":"2026-07-15","last_seen":"2026-06-24"},"geometry":{"type":"Polygon","coordinates":[[[37.83036334384123,55.72568145338529],[37.830381108654045,55.72567647053361],[37.830383425132716,55.72595152512973],[37.83089269791544,55.725950158015706],[37.830890273632896,55.7256627471266],[37.83042558792374,55.72566399454492],[37.83105005185418,55.72548883868043],[37.83079697217194,55.725201558707205],[37.830111855639785,55.72539371866238],[37.830147969889865,55.72543008842911],[37.83004161294924,55.7254627075745],[37.83013078920163,55.72556540519774],[37.82991596437865,55.72562399845903],[37.83000739625872,55.72572821308712],[37.83032702925659,55.72564023401341],[37.83036334384123,55.72568145338529]]]}},{"type":"Feature","properties":{"id":7441,"uin":"IH5458-03-0002-000","name":"комплекс культовых сооружений","area":"ВАО","district":"Новокосино","address":"Москва, ВАО, Новокосино, Суздальская ул. вл. 8Б","res_complex":null,"state":"В строительстве","fno_name":"Храм","fno_codes":"003, 004, 003","job_type":"Новое строительство","fin_source":"Внебюджетные источники","input_fact":null,"input_plan":"2022-12-14","lat":55.735171125841724,"lng":37.8479519601862,"ring_count":2,"geom_source":"polygon","archived":true,"archived_at":"2026-07-15","last_seen":"2026-06-24"},"geometry":{"type":"MultiPolygon","coordinates":[[[[37.84802757435442,55.73520692916865],[37.84804181331908,55.73519700896943],[37.84807010867209,55.73521040168951],[37.8481791436029,55.73513761049909],[37.8480488578632,55.73507600440685],[37.84794126190065,55.73514950996017],[37.84796635993613,55.735161384832686],[37.8479519601862,55.735171125841724],[37.84802757435442,55.73520692916865]]],[[[37.84830504504403,55.73535075157802],[37.84814997778789,55.7352771800776],[37.84805820117174,55.73533950359995],[37.848021273036025,55.73532200364871],[37.8479714284803,55.735355826173915],[37.848008356625755,55.735373326140014],[37.84795613616029,55.735408502639444],[37.84783863810558,55.735352877996135],[37.84786902167618,55.73533249335129],[37.847808754545554,55.73530401165491],[37.84777837096554,55.73532439628496],[37.84776766012382,55.735319306909815],[37.84768682889253,55.73532348709643],[37.84759362034843,55.73538599394781],[37.847980643336356,55.73556902772582],[37.84830504504403,55.73535075157802]]]]}},{"type":"Feature","properties":{"id":7950,"uin":"IH5577-14-0002-000","name":"Гараж-стоянка","area":"ЮВАО","district":"Выхино-Жулебино","address":"Жулебино коммунальная зона N 1","res_complex":null,"state":"В строительстве","fno_name":"Многоярусный гараж автомобилей","fno_codes":"014, 001, 003","job_type":"Новое строительство","fin_source":"Внебюджетные источники","input_fact":null,"input_plan":"2016-12-31","lat":55.704560772918576,"lng":37.850986423246404,"ring_count":1,"geom_source":"polygon","archived":true,"archived_at":"2026-07-15","last_seen":"2026-06-24"},"geometry":{"type":"Polygon","coordinates":[[[37.850986423246404,55.704560772918576],[37.853300830824104,55.703714531158774],[37.85335081936014,55.70366633488032],[37.853346468624,55.7036247614763],[37.85330748319859,55.70358768857184],[37.853249231182446,55.70356602987588],[37.853183342239326,55.7035618178198],[37.853129341442695,55.70357068510672],[37.85079956921998,55.70442361399881],[37.85076498870714,55.70445209511655],[37.850749869499715,55.70450459209012],[37.850772446125276,55.704539018001604],[37.850831540086034,55.70456588493214],[37.85090843374779,55.704573210526476],[37.850986423246404,55.704560772918576]]]}},{"type":"Feature","properties":{"id":50591,"uin":"IH8167-12-0001-000","name":"Промышленная зона \"Руднево\" (ПЗ \"Руднево\"). Имущественный комплекс № 11 в том числе: здания, инфраструктура и инженерные сети (с учетом проектно-изыскательских работ)","area":"ВАО","district":"Косино-Ухтомский","address":"ПЗ \"Руднево\". Косино-Ухтомский","res_complex":null,"state":"Планируемый","fno_name":"Объект индустриальных парков","fno_codes":"012, 001, 025","job_type":"Новое строительство","fin_source":"Городской бюджет","input_fact":null,"input_plan":"2026-01-30","lat":55.72199564397849,"lng":37.940380137504874,"ring_count":1,"geom_source":"polygon","archived":true,"archived_at":"2026-07-15","last_seen":"2026-06-24"},"geometry":{"type":"Polygon","coordinates":[[[37.94034711099746,55.72201317443952],[37.94043253916458,55.722012868778144],[37.9404320727795,55.72197134880966],[37.940341853573976,55.72196765338844],[37.94034711099746,55.72201317443952]]]}},{"type":"Feature","properties":{"id":49439,"uin":"IH8668-01-0001-000","name":"Производственный объект (1-я очередь)","area":"ЮВАО","district":"Некрасовка","address":"ул. Маршала Еременко, з/у 1Б/4А","res_complex":null,"state":"Планируемый","fno_name":"Объект технологических парков","fno_codes":"001, 008, 001","job_type":"Новое строительство","fin_source":"Городской бюджет","input_fact":null,"input_plan":"2030-12-30","lat":55.717740414784714,"lng":37.9564537282981,"ring_count":4,"geom_source":"polygon","archived":true,"archived_at":"2026-07-15","last_seen":"2026-06-24"},"geometry":{"type":"MultiPolygon","coordinates":[[[[37.956342575355436,55.71773625508857],[37.9564243607854,55.717766078585555],[37.9564537282981,55.717740414784714],[37.95637194086803,55.71771059628772],[37.956342575355436,55.71773625508857]]],[[[37.95614749648338,55.71782897780979],[37.9571430485463,55.71819191185969],[37.957275329855875,55.71807630375683],[37.95627977779281,55.717713372706946],[37.95614749648338,55.71782897780979]]],[[[37.95699255882653,55.71797320303844],[37.95707434525649,55.71800302653544],[37.957103711769186,55.717977362734615],[37.95702192333913,55.71794754423759],[37.95699255882653,55.71797320303844]]],[[[37.95500500953534,55.718827517061186],[37.956000588597306,55.71919045911116],[37.957143051546254,55.718191914859695],[37.95614748648315,55.71782898980974],[37.95500500953534,55.718827517061186]]]]}},{"type":"Feature","properties":{"id":48361,"uin":"II1708-10-0001-000","name":"Перебазирование АО МОСВОДОКАНАЛ Территория №3","area":"ЮВАО","district":"Марьино","address":"Перерва ул., вл. 11, стр. 24","res_complex":null,"state":"Планируемый","fno_name":"Многоэтажный многоквартирный дом","fno_codes":"010, 001, 001","job_type":"Новое строительство","fin_source":"Городской бюджет","input_fact":null,"input_plan":"2029-01-31","lat":55.65314962944066,"lng":37.72565155879151,"ring_count":1,"geom_source":"polygon","archived":true,"archived_at":"2026-07-15","last_seen":"2026-06-24"},"geometry":{"type":"Polygon","coordinates":[[[37.72565155879151,55.65314962944066],[37.72604739753271,55.65315630121905],[37.72607612259145,55.652607829005845],[37.72568032300103,55.65260121655572],[37.72565155879151,55.65314962944066]]]}},{"type":"Feature","properties":{"id":50136,"uin":"II1801-10-0001-000","name":"Многоквартирный дом со встроенно-пристроенными нежилыми помещениями","area":"ЮВАО","district":"Люблино","address":"ул. Люблинская, влд. 76","res_complex":"ЖК ЛЮБЛИНСКИЙ ПАРК","state":"Планируемый","fno_name":"Многоэтажный многоквартирный дом","fno_codes":"010, 001, 001","job_type":"Новое строительство","fin_source":"Внебюджетные источники","input_fact":null,"input_plan":"2027-12-31","lat":55.66449829364246,"lng":37.729928737999664,"ring_count":1,"geom_source":"polygon","archived":true,"archived_at":"2026-07-15","last_seen":"2026-06-24"},"geometry":{"type":"Polygon","coordinates":[[[37.729727823101804,55.66450295455477],[37.72989937120195,55.66466336373072],[37.730258607821895,55.66450196367798],[37.73003006417019,55.66432023087236],[37.729727823101804,55.66450295455477]]]}},{"type":"Feature","properties":{"id":55314,"uin":"II2300-10-0005-000","name":"Жилой многоквартирный дом. ЖУ-5 (5.1)","area":"ЮВАО","district":"Люблино","address":"Верхние Поля ул., з/у 7/1","res_complex":null,"state":"Планируемый","fno_name":"Многоэтажный многоквартирный дом","fno_codes":"010, 001, 001","job_type":"Новое строительство","fin_source":"Городской бюджет","input_fact":null,"input_plan":"2029-12-31","lat":55.665671690135795,"lng":37.74587763544136,"ring_count":2,"geom_source":"polygon","archived":true,"archived_at":"2026-07-15","last_seen":"2026-06-24"},"geometry":{"type":"MultiPolygon","coordinates":[[[[37.74606875504354,55.665758358869226],[37.746482068645896,55.6654672922893],[37.746742542171035,55.66558539322929],[37.746891676140514,55.66548034189992],[37.74634441545804,55.66523222638946],[37.745782200398395,55.665628343443394],[37.74606875504354,55.665758358869226]]],[[[37.74637322321684,55.665764965031904],[37.746259808831184,55.665844872312476],[37.74633416918752,55.66587859511815],[37.746447584573225,55.66579867783764],[37.74637322321684,55.665764965031904]]]]}},{"type":"Feature","properties":{"id":55414,"uin":"II2301-10-0002-000","name":"Жилой многоквартирный дом. ЖУ-4 (4.1)","area":"ЮВАО","district":"Люблино","address":"Верхние Поля ул., з/у 3/2","res_complex":null,"state":"Планируемый","fno_name":"Многоэтажный многоквартирный дом","fno_codes":"010, 001, 001","job_type":"Новое строительство","fin_source":"Городской бюджет","input_fact":null,"input_plan":"2029-03-31","lat":55.66448584724059,"lng":37.74448878871547,"ring_count":2,"geom_source":"polygon","archived":true,"archived_at":"2026-07-15","last_seen":"2026-06-24"},"geometry":{"type":"MultiPolygon","coordinates":[[[[37.74416659750429,55.664339736082674],[37.743910971889036,55.664519830461224],[37.7442331611002,55.66466594861905],[37.74448878871547,55.66448584724059],[37.74416659750429,55.664339736082674]]],[[[37.744338109855676,55.66499017108491],[37.74536855124337,55.66545753197705],[37.74541982556868,55.665474284245974],[37.74546776287239,55.66548107130528],[37.74555565484703,55.665475621020775],[37.74563031798195,55.66544884941864],[37.74609778335728,55.665120363578474],[37.74591749115401,55.665038634505045],[37.745498118389335,55.665334090325565],[37.74531830561466,55.66525255547143],[37.74537146786471,55.66521498664316],[37.744971462057194,55.66503358837722],[37.74491806883867,55.665071059565676],[37.744690717240836,55.664967958832776],[37.74509714323767,55.6646815803858],[37.74490191017967,55.66459300030251],[37.744338109855676,55.66499017108491]]]]}},{"type":"Feature","properties":{"id":50689,"uin":"II2432-10-0002-000","name":"Жилой многоквартирный дом","area":"ЮАО","district":"Зябликово","address":"Ясеневая ул., вл. 48","res_complex":null,"state":"Планируемый","fno_name":"Многоэтажный многоквартирный дом","fno_codes":"010, 001, 001","job_type":"Новое строительство","fin_source":"Городской бюджет","input_fact":null,"input_plan":"2029-01-31","lat":55.611904419011765,"lng":37.746954144489024,"ring_count":1,"geom_source":"polygon","archived":true,"archived_at":"2026-07-15","last_seen":"2026-06-24"},"geometry":{"type":"Polygon","coordinates":[[[37.746954144489024,55.611904419011765],[37.747590092699944,55.611903141376786],[37.74759065910125,55.61199334538585],[37.746954709430625,55.61199462302513],[37.746954144489024,55.611904419011765]]]}},{"type":"Feature","properties":{"id":32604,"uin":"II2908-04-0002-000","name":"магазин и оздоровительный центр","area":"ЮВАО","district":"Марьино","address":"г. Москва, ЮВАО, район Марьино, Братиславская улица, д. 30","res_complex":null,"state":"Сдан","fno_name":"Магазин","fno_codes":"004, 002, 001","job_type":"Капитальный ремонт","fin_source":"Городской бюджет","input_fact":null,"input_plan":"2010-12-31","lat":55.652186451229,"lng":37.765911275452474,"ring_count":1,"geom_source":"polygon","archived":true,"archived_at":"2026-07-15","last_seen":"2026-06-24"},"geometry":{"type":"Polygon","coordinates":[[[37.765911275452474,55.652186451229],[37.765909333822535,55.65189903516571],[37.766417648050805,55.65189793626747],[37.76641959340394,55.652185352318995],[37.765911275452474,55.652186451229]]]}},{"type":"Feature","properties":{"id":12634,"uin":"TT0000-01-0042-000","name":"Капитальный ремонт 3-х этажного административного здания","area":"ЦАО","district":"Якиманка","address":"Бродников пер. дом 7 стр. 2","res_complex":null,"state":"Сдан","fno_name":"Офисное здание","fno_codes":"001, 005, 001","job_type":"Капитальный ремонт","fin_source":"Внебюджетные источники","input_fact":null,"input_plan":"2011-12-31","lat":55.73671300933449,"lng":37.61554085516534,"ring_count":1,"geom_source":"polygon","archived":true,"archived_at":"2026-07-15","last_seen":"2026-06-24"},"geometry":{"type":"Polygon","coordinates":[[[37.61554085516534,55.73671300933449],[37.61566429330042,55.736710215259336],[37.6156349173301,55.73640754033009],[37.61549486647215,55.7364116892706],[37.61554085516534,55.73671300933449]]]}},{"type":"Feature","properties":{"id":13624,"uin":"TT0000-01-0044-000","name":"Капитальный ремонт административных зданий.","area":"ЦАО","district":"Арбат","address":"Романов пер. дом 2/6 стр. 7, 13","res_complex":null,"state":"Сдан","fno_name":"Офисное здание","fno_codes":"001, 005, 001","job_type":"Капитальный ремонт","fin_source":"Внебюджетные источники","input_fact":null,"input_plan":"2012-12-31","lat":55.75422486524682,"lng":37.60996460229342,"ring_count":1,"geom_source":"polygon","archived":true,"archived_at":"2026-07-15","last_seen":"2026-06-24"},"geometry":{"type":"Polygon","coordinates":[[[37.60996460229342,55.75422486524682],[37.60977808108476,55.75376963909771],[37.609949013624856,55.753745378494145],[37.609978104471274,55.753956975835486],[37.610102293860926,55.75420331271769],[37.60996460229342,55.75422486524682]]]}},{"type":"Feature","properties":{"id":26951,"uin":"TT0000-01-0046-000","name":"реконструкция с надстройкой административного комплекса","area":"САО","district":"Войковский","address":"Старопетровский пр. вл. 11 корп. 1","res_complex":null,"state":"Сдан","fno_name":"Административно-управленческий объект иного типа","fno_codes":"001, 004, 007","job_type":"Реконструкция","fin_source":"Внебюджетные источники","input_fact":null,"input_plan":"2099-12-31","lat":55.82433517738308,"lng":37.50478754441616,"ring_count":1,"geom_source":"polygon","archived":true,"archived_at":"2026-07-15","last_seen":"2026-06-24"},"geometry":{"type":"Polygon","coordinates":[[[37.50478754441616,55.82433517738308],[37.50385959999256,55.82410617129767],[37.5040285115625,55.823890528316355],[37.504128443248575,55.82391731309828],[37.504164128690654,55.8238744522687],[37.504452026942765,55.82394409142371],[37.50454244322394,55.8239842698574],[37.504637619558686,55.82403784178592],[37.50494931328064,55.824112836520705],[37.50478754441616,55.82433517738308]]]}},{"type":"Feature","properties":{"id":33940,"uin":"TT0000-01-0169-000","name":"административное здание","area":"ЦАО","district":"Арбат","address":"г. Москва, ЦАО, район Арбат, Трубниковский переулок, д. 30А, стр. 1","res_complex":null,"state":"Сдан","fno_name":"Офисное здание","fno_codes":"001, 005, 001","job_type":"Капитальный ремонт","fin_source":"Внебюджетные источники","input_fact":null,"input_plan":"2008-12-31","lat":55.755484651958525,"lng":37.587556575611174,"ring_count":1,"geom_source":"polygon","archived":true,"archived_at":"2026-07-15","last_seen":"2026-06-24"},"geometry":{"type":"Polygon","coordinates":[[[37.587556575611174,55.755484651958525],[37.5876935070023,55.755465693828576],[37.58760782121363,55.755251540421035],[37.58718126604311,55.75530816971221],[37.58719391539147,55.75534130277147],[37.58743808008368,55.7553077623227],[37.587442048932225,55.755315469342925],[37.58728231043248,55.755339790326616],[37.58735197403347,55.7555126386587],[37.58743169525855,55.75550173516518],[37.587436268996264,55.75551506718577],[37.58756214234825,55.75549802298535],[37.587556575611174,55.755484651958525]]]}},{"type":"Feature","properties":{"id":8790,"uin":"TT0000-01-0289-000","name":"Административное здание","area":"СЗАО","district":"Покровское-Стрешнево","address":"Строительный пр. 9/9","res_complex":"ЖК SKY GARDEN","state":"","fno_name":null,"fno_codes":null,"job_type":null,"fin_source":"Внебюджетные источники","input_fact":null,"input_plan":"2025-06-30","lat":55.837017171880625,"lng":37.42360587619507,"ring_count":1,"geom_source":"polygon","archived":true,"archived_at":"2026-07-15","last_seen":"2026-06-24"},"geometry":{"type":"Polygon","coordinates":[[[37.42360587619507,55.837017171880625],[37.423657072285735,55.8370317164254],[37.42366591655945,55.8370257581939],[37.423701220863045,55.83703790725126],[37.42370653257501,55.83703301920566],[37.42373874184407,55.8370453360657],[37.423743255590146,55.83704041877792],[37.42377909236968,55.8370512756958],[37.42377913361452,55.837030401614456],[37.42379055695643,55.837030155481045],[37.42378894081892,55.83700639817133],[37.42380229703922,55.83700611013445],[37.423806785608456,55.83698161117171],[37.423818393855775,55.83698228486585],[37.42381743278024,55.83695736395227],[37.42379947500583,55.83695451992731],[37.42384757790716,55.83685833295624],[37.42387406536587,55.836862527747044],[37.4238745495978,55.836836326064144],[37.42388904618509,55.836836411466386],[37.42388949836954,55.836811886625725],[37.42389966975601,55.83681194597196],[37.42390012548345,55.836787239705345],[37.423910323996026,55.836787299067744],[37.42391060645581,55.83677194432184],[37.423772626000634,55.836747993077445],[37.42375108333439,55.83678729559682],[37.423724572805945,55.836782693000934],[37.42360587619507,55.837017171880625]]]}},{"type":"Feature","properties":{"id":35882,"uin":"TT0000-02-0015-000","name":"учебно-производственное здание","area":"ЮАО","district":"Даниловский","address":"г. Москва, ЮАО, район Даниловский, Большая Серпуховская улица, д. 62, корп. 2","res_complex":null,"state":"Сдан","fno_name":"Организация дополнительного образования","fno_codes":"002, 002, 001","job_type":"Капитальный ремонт","fin_source":"Внебюджетные источники","input_fact":null,"input_plan":"2011-12-31","lat":55.718663936293126,"lng":37.62422131463067,"ring_count":1,"geom_source":"polygon","archived":true,"archived_at":"2026-07-15","last_seen":"2026-06-24"},"geometry":{"type":"Polygon","coordinates":[[[37.62422131463067,55.718663936293126],[37.62424419022924,55.71839335549094],[37.62444825528996,55.71839315031826],[37.62443486410678,55.718661042826604],[37.62422131463067,55.718663936293126]]]}},{"type":"Feature","properties":{"id":35804,"uin":"TT0000-03-0001-000","name":"блок № 24 в составе  объекта \"Город Мастеров Центра Ремесел ВАО \"Русское подворье\"","area":"ВАО","district":"Измайлово","address":"г. Москва, ВАО, район Измайлово, Измайловское шоссе, вл. 73ж","res_complex":null,"state":"Сдан","fno_name":"Объект декоративно-монументального искусства","fno_codes":"003, 006, 001","job_type":"Капитальный ремонт","fin_source":"Внебюджетные источники","input_fact":null,"input_plan":"2011-02-01","lat":55.794605884813116,"lng":37.75178545653263,"ring_count":1,"geom_source":"polygon","archived":true,"archived_at":"2026-07-15","last_seen":"2026-06-24"},"geometry":{"type":"Polygon","coordinates":[[[37.75178545653263,55.794605884813116],[37.7517468315927,55.79451488564845],[37.75189418229704,55.79450654861963],[37.75192796647757,55.79458416380212],[37.75178545653263,55.794605884813116]]]}},{"type":"Feature","properties":{"id":36597,"uin":"TT0000-04-0219-000","name":"Строительство гостиничного комплекса","area":"ЦАО","district":"Пресненский","address":"Звенигородская 2-я ул. дом 13","res_complex":null,"state":"В строительстве","fno_name":"Гостиница","fno_codes":"004, 004, 001","job_type":"Новое строительство","fin_source":"Внебюджетные источники","input_fact":null,"input_plan":"2017-12-31","lat":55.7622164388196,"lng":37.55458702806522,"ring_count":1,"geom_source":"polygon","archived":true,"archived_at":"2026-07-15","last_seen":"2026-06-24"},"geometry":{"type":"Polygon","coordinates":[[[37.5544523576144,55.76240508299344],[37.55480868278949,55.762402248276324],[37.5548032842874,55.76193346601462],[37.55441845741827,55.76193631314541],[37.5544523576144,55.76240508299344]]]}},{"type":"Feature","properties":{"id":10553,"uin":"TT0000-04-0238-000","name":"Гостиничный комплекс категории 4* с жилыми помещениями и помещениями коммерческого назначения","area":"ЦАО","district":"Арбат","address":"Улица Новый Арбат, владение 2","res_complex":null,"state":"Сдан","fno_name":"Многоэтажный многоквартирный дом","fno_codes":"010, 001, 001","job_type":"Реконструкция","fin_source":"Внебюджетные источники","input_fact":"2025-06-27 00:00:00","input_plan":"2025-06-22","lat":55.75332701750379,"lng":37.59905908785501,"ring_count":2,"geom_source":"polygon","archived":true,"archived_at":"2026-07-15","last_seen":"2026-06-24"},"geometry":{"type":"MultiPolygon","coordinates":[[[[37.59905969872083,55.75331659823928],[37.59915334835065,55.75331805024824],[37.59915273796161,55.75332864914694],[37.59916627587503,55.75332890776752],[37.599174495488015,55.75317764929866],[37.59912082205343,55.75317670424563],[37.599121578837135,55.75316098565852],[37.59913017937813,55.75316115841442],[37.5991304834452,55.75315540988067],[37.598876293151385,55.753151660964306],[37.598821581032745,55.75318107476842],[37.59881859204687,55.75332289825419],[37.59905908785501,55.75332701750379],[37.59905969872083,55.75331659823928]]],[[[37.5993519832713,55.753332082278874],[37.59989058827118,55.75332464363489],[37.59989149786431,55.75330649986009],[37.600065247145906,55.753304383725755],[37.600069326716756,55.75321752735521],[37.599971577999526,55.753169643941085],[37.59944360711876,55.75316180551281],[37.59944286247291,55.75318228439531],[37.599417033876954,55.75317107798547],[37.599396515257844,55.75318142340152],[37.599360042905346,55.753180823925625],[37.5993519832713,55.753332082278874]]]]}},{"type":"Feature","properties":{"id":38072,"uin":"TT0000-04-0264-000","name":"Здание краткосрочного пребывания гостиничного типа","area":"ЦАО","district":"Хамовники","address":"Москва, ЦАО, район Хамовники, Саввинская набережная, вл. 27","res_complex":null,"state":"В строительстве","fno_name":"Гостиница","fno_codes":"004, 004, 001","job_type":"Новое строительство","fin_source":"Внебюджетные источники","input_fact":null,"input_plan":null,"lat":55.730794825862034,"lng":37.55789870473954,"ring_count":1,"geom_source":"polygon","archived":true,"archived_at":"2026-07-15","last_seen":"2026-06-24"},"geometry":{"type":"Polygon","coordinates":[[[37.55815737069206,55.731079727975214],[37.55721661285593,55.730522976390276],[37.557510705115014,55.730362114081636],[37.55845147904573,55.73092957855446],[37.55815737069206,55.731079727975214]]]}},{"type":"Feature","properties":{"id":38350,"uin":"TT0000-04-0278-000","name":"Реконструкция нежилого четырехэтажного здания в комплекс апартаментов с нежилыми помещениями первого и подвального этажей","area":"ЦАО","district":"Пресненский","address":"Москва, ЦАО, район Пресненский, Спиридоньевский пер., д. 17","res_complex":null,"state":"В строительстве","fno_name":"Апарт-отель","fno_codes":"004, 004, 002","job_type":"Реконструкция","fin_source":"Внебюджетные источники","input_fact":null,"input_plan":null,"lat":55.76295627387093,"lng":37.59562277634615,"ring_count":1,"geom_source":"polygon","archived":true,"archived_at":"2026-07-15","last_seen":"2026-06-24"},"geometry":{"type":"Polygon","coordinates":[[[37.595451746609406,55.762960691670756],[37.59559873233223,55.76283735502562],[37.595881699692896,55.76295098427062],[37.59572995680248,55.763071646154806],[37.595451746609406,55.762960691670756]]]}},{"type":"Feature","properties":{"id":37931,"uin":"TT0000-04-0287-000","name":"Транспортно-пересадочный узел ст. \"Рязанская\" (\"Нижегородская улица\")\", Этап 1.2 Коммерческая часть транспортно-пересадочного узла \"Объект обслуживания пассажиров\"","area":"ЮВАО","district":"Нижегородский","address":"Москва, тер. ТПУ \"Рязанская\", з/у 7; тер. ТПУ \"Рязанская\", з/у 3","res_complex":null,"state":"В строительстве","fno_name":"Транспортно-пересадочный узел","fno_codes":"004, 010, 007","job_type":"Новое строительство","fin_source":"Внебюджетные источники","input_fact":null,"input_plan":null,"lat":55.732030147391924,"lng":37.727213021731636,"ring_count":1,"geom_source":"polygon","archived":true,"archived_at":"2026-07-15","last_seen":"2026-06-24"},"geometry":{"type":"Polygon","coordinates":[[[37.727212753435026,55.73202993023457],[37.72721340460294,55.73203029527562],[37.727213402423104,55.73202991857484],[37.727212753435026,55.73202993023457]]]}},{"type":"Feature","properties":{"id":7776,"uin":"TT0000-04-0304-000","name":"Реконструкция торгового комплекса","area":"ЗАО","district":"Проспект Вернадского","address":"проспект Вернадского, д. 14Б","res_complex":null,"state":"Сдан","fno_name":"Торговый центр, торговый комплекс","fno_codes":"004, 001, 001","job_type":"Реконструкция","fin_source":"Внебюджетные источники","input_fact":"2025-06-26 00:00:00","input_plan":"2025-09-22","lat":55.676401552775864,"lng":37.50442388771613,"ring_count":1,"geom_source":"polygon","archived":true,"archived_at":"2026-07-15","last_seen":"2026-06-24"},"geometry":{"type":"Polygon","coordinates":[[[37.50442388771613,55.676401552775864],[37.50444804660712,55.676386552440476],[37.504501297130595,55.67641403520666],[37.50475718939348,55.676254330671505],[37.504625414318376,55.67618499521961],[37.5043671377533,55.67634487918681],[37.50437397288226,55.676348471714846],[37.504349972927365,55.67636338221305],[37.50442388771613,55.676401552775864]]]}},{"type":"Feature","properties":{"id":8737,"uin":"TT0000-04-0323-000","name":"Реконструкция нежилого здания","area":"СЗАО","district":"Митино","address":"Новотушинская ул. вл. 3","res_complex":null,"state":"В строительстве","fno_name":"Ресторан","fno_codes":"004, 005, 001","job_type":"Реконструкция","fin_source":"Внебюджетные источники","input_fact":null,"input_plan":"2025-11-18","lat":55.83578046946393,"lng":37.383345071751094,"ring_count":1,"geom_source":"polygon","archived":true,"archived_at":"2026-07-15","last_seen":"2026-06-24"},"geometry":{"type":"Polygon","coordinates":[[[37.383345071751094,55.83578046946393],[37.383327635790856,55.835789398489666],[37.383217633492315,55.83571808108731],[37.38316613328598,55.83574323781775],[37.383134438354155,55.83572268996827],[37.38307620745264,55.83575113467432],[37.38309331327768,55.835762224441595],[37.38287656895199,55.83586810035243],[37.38292185529996,55.83589710757631],[37.3829161826343,55.83589991248348],[37.383045444232664,55.83598270550133],[37.38302967935912,55.835990499911965],[37.38314016891579,55.83606127096572],[37.38336109807148,55.835956001251816],[37.383378992966215,55.83596746267157],[37.38352460809627,55.8358954640516],[37.383345071751094,55.83578046946393]]]}},{"type":"Feature","properties":{"id":9814,"uin":"TT0000-04-0326-000","name":"Нежилое здание многофункционального назначения","area":"ЗАО","district":"Солнцево","address":"ул. Производственная","res_complex":null,"state":"Подготовка к вводу в эксплуатацию","fno_name":"Торговый центр, торговый комплекс","fno_codes":"004, 001, 001","job_type":"Реконструкция","fin_source":"Внебюджетные источники","input_fact":null,"input_plan":"2025-11-25","lat":55.641936601972475,"lng":37.384451279700926,"ring_count":1,"geom_source":"polygon","archived":true,"archived_at":"2026-07-15","last_seen":"2026-06-24"},"geometry":{"type":"Polygon","coordinates":[[[37.384451279700926,55.641936601972475],[37.38442561378018,55.64182644903067],[37.3844165850577,55.641827122194826],[37.38439674963613,55.641741992898496],[37.38385285629606,55.64176840447207],[37.38386606886514,55.641825046907925],[37.38388398495823,55.64182371040528],[37.383905721695115,55.64191689295064],[37.38393105430441,55.641915003034796],[37.383955967641995,55.6420065053902],[37.3839868801053,55.64200381330335],[37.38401774443035,55.64212782762396],[37.384025873907476,55.642135316364765],[37.38404248209315,55.642136462982386],[37.38406250556252,55.64212717410675],[37.384451279700926,55.641936601972475]]]}},{"type":"Feature","properties":{"id":38230,"uin":"TT0000-05-0053-000","name":"Детско-взрослая поликлиника на 320 посещений в смену, внутригородское муниципальное образование Бирюлево Восточное, 6-ая Радиальная улица, вл. 7, корп. 36 (уровень-1) (проектирование и строительство)","area":"ЮАО","district":"Бирюлёво Восточное","address":"Российская Федерация, город Москва, внутригородская территория муниципальный округ Бирюлево Восточное, 6-я Радиальная улица, дом 5А.","res_complex":null,"state":"В строительстве","fno_name":"Поликлиника","fno_codes":"005, 002, 001","job_type":"Новое строительство","fin_source":"Городской бюджет","input_fact":null,"input_plan":null,"lat":55.602837371224325,"lng":37.66089487678029,"ring_count":1,"geom_source":"polygon","archived":true,"archived_at":"2026-07-15","last_seen":"2026-06-24"},"geometry":{"type":"Polygon","coordinates":[[[37.66125940037574,55.60305944498313],[37.66127878541938,55.60259196156559],[37.66105872304348,55.60258287329247],[37.661051811092825,55.60262842265002],[37.66073949664635,55.602623472542284],[37.66073693466018,55.60257525671154],[37.66038912748817,55.60256901255832],[37.660365054474916,55.60304989614046],[37.66071523177716,55.60305613727483],[37.660717434229426,55.60301595176428],[37.66103209583534,55.603015541179055],[37.661029904621174,55.603058405523456],[37.66125940037574,55.60305944498313]]]}},{"type":"Feature","properties":{"id":38268,"uin":"TT0000-06-0009-000","name":"ФОК с бассейном на территории Государственного бюджетного профессионального образовательного учреждения «Колледж по подготовке социальных работников»","area":"СВАО","district":"Бутырский","address":"Москва, СВАО, Бутырский, Новодмитровская Б. ул. д. 63","res_complex":null,"state":"В строительстве","fno_name":"Физкультурно-оздоровительный комплекс","fno_codes":"006, 006, 001","job_type":"Новое строительство","fin_source":"Городской бюджет","input_fact":null,"input_plan":null,"lat":55.80527065785864,"lng":37.58342117512629,"ring_count":1,"geom_source":"polygon","archived":true,"archived_at":"2026-07-15","last_seen":"2026-06-24"},"geometry":{"type":"Polygon","coordinates":[[[37.58321729163864,55.80538575940176],[37.58321668472234,55.805098347781396],[37.5837269981021,55.80509800490689],[37.58372760877785,55.805385416523585],[37.58321729163864,55.80538575940176]]]}},{"type":"Feature","properties":{"id":32329,"uin":"TT0000-07-0002-000","name":"здание специализированного Дома ребенка № 5 УЗ САО г. Москвы для детей с органическим поражением центральной нервной системы с нарушением психики","area":"САО","district":"Аэропорт","address":"г. Москва, САО, район Аэропорт, Красноармейская улица, вл. 1А","res_complex":null,"state":"Сдан","fno_name":"Специализированный дом ребенка","fno_codes":"007, 001, 013","job_type":"Капитальный ремонт","fin_source":"Городской бюджет","input_fact":null,"input_plan":"2012-12-31","lat":55.79540880256167,"lng":37.55120718159263,"ring_count":1,"geom_source":"polygon","archived":true,"archived_at":"2026-07-15","last_seen":"2026-06-24"},"geometry":{"type":"Polygon","coordinates":[[[37.55120718159263,55.79540880256167],[37.55135922935312,55.79532034128122],[37.55098332505143,55.795122267297266],[37.55085030425482,55.7952160778882],[37.55120718159263,55.79540880256167]]]}},{"type":"Feature","properties":{"id":8813,"uin":"TT0000-08-0006-000","name":"Здание общеобразовательного комплекса, состоящее из общеобразовательной организации на 1275 мест и дошкольной образовательной организации на 350 мест","area":"НАО","district":"Коммунарка","address":"Коммунарка, квартал 226, земельный участок 3/3 (ППТ1-4, участок 1-1)","res_complex":"ЖК ПРОКШИНО","state":"Сдан","fno_name":"Общеобразовательная организация","fno_codes":"008, 001, 003","job_type":"Новое строительство","fin_source":"Внебюджетные источники","input_fact":"2025-07-14 00:00:00","input_plan":"2025-08-31","lat":55.59518373733337,"lng":37.42750302031533,"ring_count":18,"geom_source":"polygon","archived":true,"archived_at":"2026-07-15","last_seen":"2026-06-24"},"geometry":{"type":"MultiPolygon","coordinates":[[[[37.42750302031533,55.59518373733337],[37.42755452363347,55.59520972590964],[37.4275792798393,55.59520363298386],[37.427519377493574,55.595173417887914],[37.42750302031533,55.59518373733337]]],[[[37.42764693363257,55.59524516991404],[37.42764740264122,55.59524885278711],[37.42765042011489,55.59524687856218],[37.42764693363257,55.59524516991404]]],[[[37.42772808137489,55.59528078677426],[37.42773854050888,55.59528609234992],[37.42774854548438,55.59527972113912],[37.427738086350715,55.5952744155643],[37.42772808137489,55.59528078677426]]],[[[37.42781619224896,55.59532521002229],[37.42782665140667,55.595330515590405],[37.4278366563792,55.595324144372455],[37.42782619722183,55.5953188388052],[37.42781619224896,55.59532521002229]]],[[[37.42790430332213,55.59536963320677],[37.42791460404873,55.595374848853744],[37.42792460901833,55.59536847762869],[37.42791430829205,55.59536326198251],[37.42790430332213,55.59536963320677]]],[[[37.42799241459439,55.59541405632763],[37.42800287396585,55.595419272061385],[37.42801287893246,55.59541290082917],[37.428002419561345,55.59540768509625],[37.42799241459439,55.59541405632763]]],[[[37.42808052606574,55.595458479384945],[37.42809098546074,55.59546369511117],[37.42810099042436,55.595457323871805],[37.42809053102973,55.59545210814639],[37.42808052606574,55.595458479384945]]],[[[37.42741134344518,55.59577523267505],[37.42789453372203,55.59601875176322],[37.42818881005521,55.59583156329318],[37.42845140549544,55.59596384280147],[37.42870105364426,55.59580500966449],[37.42744989968355,55.595174454166234],[37.42712672099612,55.59538012630099],[37.42763209105372,55.5956347973674],[37.42741134344518,55.59577523267505]]],[[[37.4280606216504,55.59635702021502],[37.42805491645863,55.59635414261094],[37.42803935272132,55.596364103319594],[37.42804505791343,55.59636698092435],[37.4280606216504,55.59635702021502]]],[[[37.428269892197505,55.59555981797424],[37.42827162477567,55.5955664656306],[37.428291772934806,55.595564770982485],[37.42829004035332,55.5955581233264],[37.428269892197505,55.59555981797424]]],[[[37.428366649034054,55.59556131229482],[37.42836314742912,55.59556777721824],[37.428382651994546,55.595571022238616],[37.42838647067535,55.59556464732127],[37.428366649034054,55.59556131229482]]],[[[37.428453211903644,55.59558570445502],[37.428445271368304,55.59559081947081],[37.42846048505104,55.59559846309371],[37.42846842558594,55.59559334807698],[37.428453211903644,55.59558570445502]]],[[[37.428502300859144,55.595631361641765],[37.42851037110793,55.59564196508332],[37.42852147996413,55.59563909741507],[37.42851309213782,55.59562867342564],[37.428502300859144,55.595631361641765]]],[[[37.42852393946841,55.595681763051545],[37.428523283836334,55.59569325954037],[37.42853518020448,55.595693446192755],[37.428535677210476,55.59568194961035],[37.42852393946841,55.595681763051545]]],[[[37.428762210712776,55.59584402721189],[37.42877029309147,55.595848073831526],[37.42877743953273,55.59584349724439],[37.42876951577747,55.59583945071844],[37.428762210712776,55.59584402721189]]],[[[37.428678838570924,55.59589571412636],[37.42868929799675,55.595901019620484],[37.42869850903366,55.59589509696243],[37.42868804960817,55.59588979146913],[37.428678838570924,55.59589571412636]]],[[[37.42853493778022,55.595997843782236],[37.428526855395,55.59599379714721],[37.42851970906243,55.59599828390035],[37.42852779128269,55.59600242035509],[37.42853493778022,55.595997843782236]]],[[[37.42856337866646,55.5959721722156],[37.428614725259116,55.59599807043106],[37.4281122478032,55.59631762015236],[37.42813887208891,55.59633101901681],[37.428024527053566,55.59640379466236],[37.42799790275758,55.596390395773234],[37.427829401872856,55.596497629683476],[37.42833035342701,55.59675004970647],[37.428558567253326,55.59660494656174],[37.42850721974035,55.59657913814438],[37.42857487373705,55.59653606474728],[37.428467741876595,55.59648202016423],[37.428556993932936,55.59642530698075],[37.428521177913744,55.596407142363596],[37.42891613957083,55.59615588048313],[37.429319393632966,55.59613932007646],[37.42933264381181,55.59626741016811],[37.42929203336971,55.59626873377501],[37.429312763235586,55.59647065971636],[37.42945156911287,55.59646615979975],[37.42944829504316,55.59643472112952],[37.42959217728626,55.59642995455048],[37.429595451470625,55.59646139321687],[37.4297835929688,55.59645521500477],[37.429724202131695,55.59587701354827],[37.42889804091592,55.59590419609526],[37.42882213016802,55.59586597832798],[37.42865744520047,55.59597079050223],[37.428608009523195,55.595940851559845],[37.42856337866646,55.5959721722156]]]]}},{"type":"Feature","properties":{"id":38356,"uin":"TT0000-10-0172-000","name":"Жилой комплекс \"CITY BAY\" - 1 очередь","area":"СЗАО","district":"Покровское-Стрешнево","address":"Волоколамское ш., вл.95","res_complex":null,"state":"В строительстве","fno_name":"Многоэтажный многоквартирный дом","fno_codes":"010, 001, 001","job_type":"Новое строительство","fin_source":"Внебюджетные источники","input_fact":null,"input_plan":null,"lat":55.830177035209246,"lng":37.4042348075566,"ring_count":1,"geom_source":"polygon","archived":true,"archived_at":"2026-07-15","last_seen":"2026-06-24"},"geometry":{"type":"Polygon","coordinates":[[[37.40403026543943,55.83029183880641],[37.404030979246464,55.83000442847214],[37.404541618473125,55.83000482917106],[37.404540908431464,55.83029223950963],[37.40403026543943,55.83029183880641]]]}},{"type":"Feature","properties":{"id":10444,"uin":"TT0000-10-0290-000","name":"1-я очередь жилого комплекса с подземно-надземной автостоянкой, состоящей из: пяти четырехэтажных жилых домов с автостоянкой и встроенными помещениями общественного назначения","area":"ТАО","district":"Троицк","address":"г. Москва, г. Троицк, ул. Заречная","res_complex":null,"state":"В строительстве","fno_name":"Среднеэтажный многоквартирный дом","fno_codes":"010, 002, 001","job_type":"Новое строительство","fin_source":"Внебюджетные источники","input_fact":null,"input_plan":"2015-12-31","lat":55.49506809335261,"lng":37.30684339510248,"ring_count":1,"geom_source":"polygon","archived":true,"archived_at":"2026-07-15","last_seen":"2026-06-24"},"geometry":{"type":"Polygon","coordinates":[[[37.30684339510248,55.49506809335261],[37.30660147150986,55.49436584018806],[37.309517168302655,55.494466869736215],[37.30872069364016,55.4952317860317],[37.30684339510248,55.49506809335261]]]}},{"type":"Feature","properties":{"id":38224,"uin":"TT0000-10-0412-000","name":"Жилой дом, кв. 998, район Красносельский, ул. Русаковская, д. 2/1, стр. 1, 2 (со сносом отселенных жилых домов, ул. Русаковская, д. 2/1, стр.1, 2)","area":"ЦАО","district":"Красносельский","address":"Москва, ЦАО, район Красносельский, ул. Русаковская, д. 2/1, стр. 1, стр. 2","res_complex":null,"state":"В строительстве","fno_name":null,"fno_codes":null,"job_type":null,"fin_source":"Смешанное финансирование","input_fact":null,"input_plan":null,"lat":55.78150768417326,"lng":37.67111864133527,"ring_count":1,"geom_source":"polygon","archived":true,"archived_at":"2026-07-15","last_seen":"2026-06-24"},"geometry":{"type":"Polygon","coordinates":[[[37.6705840663206,55.78136704412482],[37.670740600171555,55.78129182249828],[37.67104556062348,55.78146284164568],[37.67097911875422,55.78148704249017],[37.671341180760685,55.78167137569263],[37.671635210509024,55.78151559923694],[37.67177817476988,55.78159844226095],[37.67137980445709,55.781807939121634],[37.6705840663206,55.78136704412482]]]}},{"type":"Feature","properties":{"id":38525,"uin":"TT0000-10-0442-000","name":"Застройка","area":"ЮЗАО","district":"Южное Бутово","address":"поселок Бутово кв. 2","res_complex":null,"state":"В строительстве","fno_name":"Многоэтажный многоквартирный дом","fno_codes":"010, 001, 001","job_type":"Новое строительство","fin_source":"Городской бюджет","input_fact":null,"input_plan":"2013-12-31","lat":55.545679951855206,"lng":37.564830043279336,"ring_count":1,"geom_source":"polygon","archived":true,"archived_at":"2026-07-15","last_seen":"2026-06-24"},"geometry":{"type":"Polygon","coordinates":[[[37.56462988882291,55.54579149698068],[37.56457280869327,55.54555578658418],[37.5651208056331,55.545501923058],[37.5651968235239,55.545759054175704],[37.56462988882291,55.54579149698068]]]}},{"type":"Feature","properties":{"id":38263,"uin":"TT0000-10-0495-000","name":"Многоквартирные жилые дома. ЖК \"Прокшино\"","area":"НАО","district":"Коммунарка","address":"пос. Сосенское, вблизи дер. Прокшино, уч. 2-3, корп.1.3, 1.4","res_complex":null,"state":"В строительстве","fno_name":"Многоэтажный многоквартирный дом","fno_codes":"010, 001, 001","job_type":"Новое строительство","fin_source":"Внебюджетные источники","input_fact":null,"input_plan":null,"lat":55.590863430784125,"lng":37.42847136105404,"ring_count":1,"geom_source":"polygon","archived":true,"archived_at":"2026-07-15","last_seen":"2026-06-24"},"geometry":{"type":"Polygon","coordinates":[[[37.428292502528855,55.590949029549826],[37.428462591809925,55.5910589626881],[37.428808234560435,55.590879683569604],[37.42864759092694,55.59077779300311],[37.42870322279709,55.590750074577365],[37.42853548946907,55.59064550084623],[37.42816854880549,55.590831463697015],[37.42833156398116,55.59092933802512],[37.428292502528855,55.590949029549826]]]}},{"type":"Feature","properties":{"id":38255,"uin":"TT0000-10-0496-000","name":"Многоквартирные жилые дома. ЖК \"Прокшино\"","area":"НАО","district":"Коммунарка","address":"пос. Сосенское, вблизи дер. Прокшино, уч. 2-2, корп. 2.1, 2.2, 2.6","res_complex":null,"state":"В строительстве","fno_name":"Многоэтажный многоквартирный дом","fno_codes":"010, 001, 001","job_type":"Новое строительство","fin_source":"Внебюджетные источники","input_fact":null,"input_plan":null,"lat":55.59210669475906,"lng":37.42549471220687,"ring_count":3,"geom_source":"polygon","archived":true,"archived_at":"2026-07-15","last_seen":"2026-06-24"},"geometry":{"type":"MultiPolygon","coordinates":[[[[37.42548511016756,55.591538398757166],[37.425716901683344,55.59153720153373],[37.42571681214394,55.59158408126208],[37.425950966568145,55.59158422446586],[37.42595384945404,55.59131232347924],[37.42572678707237,55.591314863469044],[37.42572926223872,55.59125726982014],[37.42548801166672,55.59125846125518],[37.42548511016756,55.591538398757166]]],[[[37.42612514635696,55.59202901891007],[37.42627870049061,55.5921268901838],[37.42663856652418,55.591940928740705],[37.42648972492003,55.59185243672773],[37.42655601157978,55.591820330759305],[37.42637410085635,55.59170904839031],[37.4260260770569,55.591886979754776],[37.426193809001234,55.59199155689648],[37.42612514635696,55.59202901891007]]],[[[37.42456692312662,55.59301119562025],[37.424564451340665,55.59306611038765],[37.42480807831333,55.593064922239456],[37.42480624644927,55.592789000154085],[37.424574447529245,55.59279019565385],[37.424576929672355,55.59272992320166],[37.424340400563764,55.59273111531751],[37.4243398586647,55.5930097147771],[37.42456692312662,55.59301119562025]]]]}},{"type":"Feature","properties":{"id":45277,"uin":"TT0000-10-0516-000","name":"Малоэтажные многоквартирные жилые дома (тип АРК-7-4)","area":"СВАО","district":"Северный","address":"поселок Северный, мкр. 2, корп. 5,6,9, технополис \"Северный\"","res_complex":null,"state":"Сдан","fno_name":"Малоэтажный многоквартирный дом","fno_codes":"010, 003, 002","job_type":"Новое строительство","fin_source":"Внебюджетные источники","input_fact":null,"input_plan":"2011-02-22","lat":55.923454940739546,"lng":37.549562566693915,"ring_count":1,"geom_source":"polygon","archived":true,"archived_at":"2026-07-15","last_seen":"2026-06-24"},"geometry":{"type":"Polygon","coordinates":[[[37.54848744285477,55.920067139431815],[37.54669369921783,55.91997942314197],[37.54622148582284,55.9200197785253],[37.54726895778892,55.92333733383523],[37.54756947761884,55.92330775451373],[37.548572567450655,55.926256616273704],[37.54870527641586,55.9265093249721],[37.550193664737144,55.92635337321772],[37.55036532828471,55.926278300799936],[37.55049402070494,55.926179137194524],[37.551267916320306,55.92509855432538],[37.551429716322666,55.924782401636],[37.5515056802009,55.92449842842832],[37.55155500767593,55.92299812776154],[37.55147124843251,55.922789223714496],[37.551261122418055,55.92262189122637],[37.55106299921702,55.92251214550947],[37.54907657717827,55.92198753770032],[37.54848744285477,55.920067139431815]]]}},{"type":"Feature","properties":{"id":45246,"uin":"TT0000-10-0518-000","name":"Малоэтажные многоквартирные жилые дома (тип АРК-8-4-А) - 8 шт.","area":"СВАО","district":"Северный","address":"поселок Северный, мкр. 2, корп. 36, 41, 42, 46, 48, 49, 68, 70, технополис \"Северный\"","res_complex":null,"state":"Сдан","fno_name":"Малоэтажный многоквартирный дом","fno_codes":"010, 003, 002","job_type":"Новое строительство","fin_source":"Внебюджетные источники","input_fact":null,"input_plan":"2011-02-26","lat":55.923371353875275,"lng":37.549470688137724,"ring_count":1,"geom_source":"polygon","archived":true,"archived_at":"2026-07-15","last_seen":"2026-06-24"},"geometry":{"type":"Polygon","coordinates":[[[37.548496980202216,55.92006445704218],[37.546698472687076,55.91998210006484],[37.54622626239473,55.92002513416525],[37.54726180171067,55.92333733653228],[37.54756948084208,55.923310433211014],[37.54857138903543,55.92626829417609],[37.548695740801705,55.926514686071144],[37.55020319329433,55.92634265461093],[37.55036055720484,55.92627830271798],[37.55050353885863,55.926160382476425],[37.551422606319115,55.92481798101252],[37.5515176957292,55.92456614432058],[37.55155983607637,55.92304232430215],[37.55147601908372,55.922789221753526],[37.55126827836407,55.92262188829703],[37.55106776810203,55.92251080421558],[37.54907657717827,55.92198753770032],[37.548496980202216,55.92006445704218]]]}},{"type":"Feature","properties":{"id":44912,"uin":"TT0000-10-0519-000","name":"Жилой дом (тип АРК-7-6-А)","area":"СВАО","district":"Северный","address":"Северный пос., мкр. 2, корп. 7,8,10,44, технополис \"Северный\"","res_complex":null,"state":"Сдан","fno_name":"Малоэтажный многоквартирный дом","fno_codes":"010, 003, 002","job_type":"Новое строительство","fin_source":"Внебюджетные источники","input_fact":null,"input_plan":"2011-02-26","lat":55.923541500291705,"lng":37.55021450617646,"ring_count":4,"geom_source":"polygon","archived":true,"archived_at":"2026-07-15","last_seen":"2026-06-24"},"geometry":{"type":"MultiPolygon","coordinates":[[[[37.5486228341513,55.92154840787939],[37.547807175992624,55.921629082565346],[37.547859765098345,55.92172281697544],[37.54866587090017,55.9216314308551],[37.5486228341513,55.92154840787939]]],[[[37.54869471509807,55.921810892500886],[37.54789811426783,55.92187548818423],[37.54791731007163,55.921969235318876],[37.548723437364714,55.921891242314175],[37.54869471509807,55.921810892500886]]],[[[37.54894551212248,55.922088626136876],[37.54795329950895,55.92214258361448],[37.548001167872805,55.92227650024681],[37.548964720517716,55.92219040919779],[37.54894551212248,55.922088626136876]]],[[[37.55652852979411,55.92888204079595],[37.55635675558822,55.928879439629284],[37.55634733916103,55.928967840846795],[37.556504807207396,55.92897580588408],[37.55652852979411,55.92888204079595]]]]}},{"type":"Feature","properties":{"id":45341,"uin":"TT0000-10-0522-000","name":"Малоэтажные многоквартирные жилые дома (тип АРК-8-4-Б) - 9 шт.","area":"СВАО","district":"Северный","address":"поселок Северный, мкр. 2, корп. 45, 50, 51, 53, 58, 63, 67, 69, 71, технополис \"Северный\"","res_complex":null,"state":"Сдан","fno_name":"Малоэтажный многоквартирный дом","fno_codes":"010, 003, 002","job_type":"Новое строительство","fin_source":"Внебюджетные источники","input_fact":null,"input_plan":"2011-03-09","lat":55.9234539580865,"lng":37.5495602114798,"ring_count":1,"geom_source":"polygon","archived":true,"archived_at":"2026-07-15","last_seen":"2026-06-24"},"geometry":{"type":"Polygon","coordinates":[[[37.54849221645838,55.92006981628511],[37.54670324299388,55.91998209828874],[37.54621671551139,55.92001978028276],[37.54726895778892,55.92333733383523],[37.54756709387279,55.92330909476725],[37.54854812167005,55.9262615018097],[37.54869097299364,55.92651736662038],[37.55019723331824,55.92634571238807],[37.550361745330925,55.92627466088627],[37.55047374928456,55.92618354010162],[37.55127026450043,55.92506984107209],[37.551441641054005,55.92478047142401],[37.55150333070019,55.924525969758974],[37.551568128294754,55.9229990850163],[37.55148676827769,55.92280089478697],[37.55121456311134,55.92258671049806],[37.551066569764124,55.92250640996378],[37.54908134440386,55.921984857134255],[37.54849221645838,55.92006981628511]]]}},{"type":"Feature","properties":{"id":37988,"uin":"TT0000-10-0523-000","name":"Малоэтажные многоквартирные жилые дома (тип АРК-8-7) - 4 шт.","area":"СВАО","district":"Северный","address":"поселок Северный, мкр. 2, корп. 11, 12, 13, 14, технополис \"Северный\"","res_complex":null,"state":"В строительстве","fno_name":"Малоэтажный многоквартирный дом","fno_codes":"010, 003, 002","job_type":"Новое строительство","fin_source":"Внебюджетные источники","input_fact":null,"input_plan":"2011-03-31","lat":55.92345714770189,"lng":37.54956059211836,"ring_count":1,"geom_source":"polygon","archived":true,"archived_at":"2026-07-15","last_seen":"2026-06-24"},"geometry":{"type":"Polygon","coordinates":[[[37.5484922131719,55.92006713758643],[37.546693702380274,55.91998210184076],[37.54622148269296,55.92001709982651],[37.54726657082833,55.92333599538565],[37.547567090649714,55.92330641606997],[37.54857256909705,55.92625795562169],[37.548692167885726,55.92651908219658],[37.55019961715981,55.9263443720843],[37.55036174703902,55.92627600023421],[37.550461837017835,55.926195599038515],[37.55126909138916,55.9250849510821],[37.55144758247389,55.924763434138576],[37.551498594779396,55.92455275868704],[37.55155980109236,55.92301553732956],[37.551473638996754,55.92279324078009],[37.55123485961777,55.922603151081496],[37.55107731280118,55.92251347902219],[37.54907002086461,55.921990114330015],[37.5484922131719,55.92006713758643]]]}},{"type":"Feature","properties":{"id":37992,"uin":"TT0000-10-0527-000","name":"Жилой дом (тип АРК-9-2-А)","area":"СВАО","district":"Северный","address":"Северный пос., мкр. 2, корп. 21,23,47,52,57,61,66, технополис \"Северный\"","res_complex":null,"state":"В строительстве","fno_name":"Малоэтажный многоквартирный дом","fno_codes":"010, 003, 002","job_type":"Новое строительство","fin_source":"Внебюджетные источники","input_fact":null,"input_plan":"2011-03-30","lat":55.92743896260638,"lng":37.55528808045729,"ring_count":7,"geom_source":"polygon","archived":true,"archived_at":"2026-07-15","last_seen":"2026-06-24"},"geometry":{"type":"MultiPolygon","coordinates":[[[[37.55063382775993,55.92358610122062],[37.55042406186277,55.92370136986731],[37.55055295819869,55.92376828537515],[37.55074841868741,55.923658379703866],[37.55063382775993,55.92358610122062]]],[[[37.55018570068908,55.92384075789768],[37.55033844077776,55.92389962797965],[37.55054341665561,55.923768289225464],[37.550385899173634,55.923704063921264],[37.55018570068908,55.92384075789768]]],[[[37.55654251350474,55.928651666595094],[37.556528326173456,55.928740069986965],[37.556695343805615,55.92875338785617],[37.55669999572366,55.92867034616185],[37.55654251350474,55.928651666595094]]],[[[37.55815530408802,55.92869646464136],[37.55814115599043,55.92880897646747],[37.55825572084885,55.92884374617794],[37.5583175824335,55.92873121208706],[37.55815530408802,55.92869646464136]]],[[[37.55879521627808,55.92906314664899],[37.558766723625304,55.92915423571898],[37.55892420093605,55.929167555052075],[37.558952677192494,55.92906575116883],[37.55879521627808,55.92906314664899]]],[[[37.557149390528004,55.92928088430064],[37.55715429795628,55.92937463641851],[37.55731175223307,55.929371885646624],[37.55728297939735,55.92927278707934],[37.557149390528004,55.92928088430064]]],[[[37.55630996386982,55.92952502646007],[37.556295760387464,55.92960271503603],[37.55646753395103,55.929602637592616],[37.55646265117641,55.929524957615776],[37.55630996386982,55.92952502646007]]]]}},{"type":"Feature","properties":{"id":37985,"uin":"TT0000-10-0528-000","name":"Жилой дом (тип АРК-10-2)","area":"СВАО","district":"Северный","address":"Северный пос., мкр. 2, корп. 17,18,19,20, технополис \"Северный\"","res_complex":null,"state":"В строительстве","fno_name":"Малоэтажный многоквартирный дом","fno_codes":"010, 003, 002","job_type":"Новое строительство","fin_source":"Внебюджетные источники","input_fact":null,"input_plan":"2011-03-31","lat":55.92383977773246,"lng":37.54987812427195,"ring_count":4,"geom_source":"polygon","archived":true,"archived_at":"2026-07-15","last_seen":"2026-06-24"},"geometry":{"type":"MultiPolygon","coordinates":[[[[37.55037603988005,55.92345494893149],[37.550347268644046,55.92333977646179],[37.549918130748765,55.923519420986366],[37.55004229558589,55.923618483296266],[37.55037603988005,55.92345494893149]]],[[[37.54992789231552,55.92369353249417],[37.54976083464511,55.92362931019168],[37.54949390731091,55.92381692479632],[37.54963713161541,55.92389722909225],[37.54992789231552,55.92369353249417]]],[[[37.550166624372046,55.92384612293464],[37.549947286994886,55.92393996501024],[37.55010959590044,55.92402026114594],[37.55031935421403,55.92389695694943],[37.550166624372046,55.92384612293464]]],[[[37.54985197256337,55.92402036391863],[37.54935108513885,55.92405806396889],[37.54939896403588,55.92419465871168],[37.54988074283605,55.924135536491356],[37.54985197256337,55.92402036391863]]]]}},{"type":"Feature","properties":{"id":45199,"uin":"TT0000-10-0538-000","name":"Жилой дом (1-04/62)","area":"СВАО","district":"Северный","address":"г. Москва, СВАО, район Северный, Северный пос., мкр. 2, корп. 1, технополис \"Северный\"","res_complex":null,"state":"Подготовка к вводу в эксплуатацию","fno_name":"Малоэтажный многоквартирный дом","fno_codes":"010, 003, 002","job_type":"Новое строительство","fin_source":"Внебюджетные источники","input_fact":null,"input_plan":null,"lat":55.92611734597372,"lng":37.54905355790891,"ring_count":1,"geom_source":"polygon","archived":true,"archived_at":"2026-07-15","last_seen":"2026-06-24"},"geometry":{"type":"Polygon","coordinates":[[[37.54890305765108,55.926331700566585],[37.548816628696905,55.92588707050465],[37.54927454752557,55.9258065303867],[37.54937049691317,55.92622972680595],[37.54890305765108,55.926331700566585]]]}},{"type":"Feature","properties":{"id":38269,"uin":"TT0000-10-0642-000","name":"Жилые дома с инженерными сетями и благоустройством территории по адресу: район Некрасовка, квартал 15, корпус 4.","area":"ЮВАО","district":"Некрасовка","address":"Российская Федерация, город Москва, внутригородская территория муниципальный округ Некрасовка, улица Вертолётчиков, земельный участок 26","res_complex":null,"state":"В строительстве","fno_name":"Многоэтажный многоквартирный дом","fno_codes":"010, 001, 001","job_type":"Новое строительство","fin_source":"Внебюджетные источники","input_fact":null,"input_plan":null,"lat":55.711572683267626,"lng":37.933483034303116,"ring_count":1,"geom_source":"polygon","archived":true,"archived_at":"2026-07-15","last_seen":"2026-06-24"},"geometry":{"type":"Polygon","coordinates":[[[37.93329081738574,55.711953667415],[37.93303092718143,55.711335477399864],[37.933384674384506,55.711286608597355],[37.93347966950067,55.711486292416],[37.93392583337829,55.71140376038304],[37.933978498944875,55.71158930624268],[37.93329081738574,55.711953667415]]]}},{"type":"Feature","properties":{"id":49169,"uin":"TT0000-10-0955-000","name":"Снос многоквартирного жилого дома с отключением инженерных коммуникаций","area":"ЮАО","district":"Нагатинский Затон","address":"ул. Речников, д. 20, к.2","res_complex":null,"state":"Планируемый","fno_name":"Многоэтажный многоквартирный дом","fno_codes":"010, 001, 001","job_type":"Новое строительство","fin_source":"Городской бюджет","input_fact":null,"input_plan":"2025-01-01","lat":55.68368814882742,"lng":37.689845386580224,"ring_count":1,"geom_source":"polygon","archived":true,"archived_at":"2026-07-15","last_seen":"2026-06-24"},"geometry":{"type":"Polygon","coordinates":[[[37.68969651350659,55.68359194079155],[37.68985991978414,55.68355552542355],[37.69006751218675,55.68383246236577],[37.68990647570009,55.68386887435852],[37.68969651350659,55.68359194079155]]]}},{"type":"Feature","properties":{"id":37779,"uin":"TT0000-10-0962-000","name":"Завершение строительства незавершенного строительством объекта: Жилые дома с инженерными сетями и благоустройством территории (ЖК Воскресенское). Этап 1 - Дом № 4","area":"НАО","district":"Коммунарка","address":"Воскресенское пос. корп. 4","res_complex":"ЖК ВОСКРЕСЕНСКОЕ","state":"Сдан","fno_name":"Многоэтажный многоквартирный дом","fno_codes":"010, 001, 001","job_type":"Новое строительство","fin_source":"Городской бюджет","input_fact":"2025-07-11 00:00:00","input_plan":"2025-06-30","lat":55.53366840503842,"lng":37.4491722484206,"ring_count":1,"geom_source":"polygon","archived":true,"archived_at":"2026-07-15","last_seen":"2026-06-24"},"geometry":{"type":"Polygon","coordinates":[[[37.4491722484206,55.53366840503842],[37.449167320134066,55.53368268437833],[37.449122342189355,55.53368266540557],[37.44912236399048,55.533666048670796],[37.44903668420554,55.53366601248345],[37.44903666815224,55.53367822802871],[37.44901718826905,55.533678219792904],[37.44901719995931,55.533669327593756],[37.44890253791053,55.53366927905364],[37.448885887556266,55.5336853498191],[37.448860072749504,55.533685338872566],[37.448860088975984,55.53367303350731],[37.44878644552482,55.533673002249564],[37.44878642453096,55.53368890042339],[37.44877343794,55.53368889490666],[37.44875346797861,55.53370020377116],[37.448750217074945,55.53376334601904],[37.44874039792764,55.5337633418451],[37.4487232767378,55.533776089040245],[37.44872320928554,55.53382710690881],[37.44873919303143,55.533836185549234],[37.44874417113068,55.53390418158629],[37.44873862804055,55.53390417922983],[37.44874018388399,55.53392528764657],[37.44872306666138,55.53393498095566],[37.44872240300158,55.53395779501366],[37.448697678099656,55.53397179645314],[37.44869761584158,55.53401886223131],[37.448713677204225,55.53402798491954],[37.44870314670758,55.53402811606862],[37.44870312175941,55.534046978306954],[37.44872180995291,55.53404698625596],[37.44872179107035,55.53406126766693],[37.448700093752315,55.53406125843775],[37.448700048248845,55.5340956595683],[37.44874423479559,55.53409567835953],[37.44874422078812,55.53410627714202],[37.44879062458737,55.534106296859036],[37.44880583994652,55.53409768057717],[37.44900064368232,55.53409560744767],[37.449004531961855,55.53402923193865],[37.44905156917155,55.53402925182472],[37.44905158899666,55.53401416203266],[37.44901738013271,55.534014147571874],[37.449017387335886,55.53400866853922],[37.449045419597184,55.53400868038974],[37.44904546149445,55.53397679422351],[37.44901046078878,55.53397677942612],[37.4490104767323,55.53396465370159],[37.44908855603076,55.53396405795462],[37.44908858786971,55.533939806505444],[37.449072750461475,55.533939799816594],[37.44907282583651,55.533882404714895],[37.44905049512203,55.53388239528012],[37.44905051117118,55.53387017973531],[37.44900584975989,55.53387016085365],[37.449010007042354,55.533840072830316],[37.44901903434115,55.53384007664784],[37.44901905972833,55.533820765308256],[37.449047566976326,55.53382077735919],[37.44904754172113,55.53383999887868],[37.44907699922802,55.533840011324344],[37.44907696514104,55.53386596936012],[37.44912574414811,55.53386607977365],[37.44912572423364,55.53388125938622],[37.44925448216992,55.53388131365153],[37.44925452483822,55.53384870892153],[37.449240587953106,55.53384870305434],[37.449240613819626,55.533828942612054],[37.44925487802358,55.533820864796695],[37.449280217802674,55.5338208754602],[37.44928018561181,55.53384548619246],[37.449341165119044,55.53384120046075],[37.44934117849651,55.53383096095805],[37.449389481519894,55.53383169980765],[37.44938946792053,55.53384211895054],[37.44943587141306,55.533842138423104],[37.44943588781127,55.53382956359769],[37.44953138711617,55.53382960361734],[37.44953484211062,55.53385206012368],[37.44946880026734,55.53385203245823],[37.44946878048501,55.533867212068714],[37.449578213385585,55.53386986267834],[37.44958238412983,55.53382908603442],[37.44959664826759,55.53382100817931],[37.4496242052753,55.53382101969875],[37.44962418730338,55.533834852007786],[37.449628621765456,55.533834853860924],[37.44962863973583,55.53382102155186],[37.44965603837011,55.53382103299795],[37.44965602040934,55.533834865307035],[37.449669481119756,55.53383567930953],[37.449669471908564,55.53384277510427],[37.4496976624257,55.53384278687174],[37.449697676642764,55.53383182880816],[37.44980869936238,55.533829719405084],[37.44981187846326,55.53382073870487],[37.44981383183502,55.53365753613957],[37.44976473621824,55.53365751568811],[37.44976472004142,55.533670000693846],[37.44970136944308,55.53367105211925],[37.449675098879794,55.53365613099326],[37.44959733776287,55.533656098503684],[37.44957102846049,55.533670997661154],[37.449514491053506,55.53366962669149],[37.44951448391956,55.53367510572446],[37.44947441554593,55.53367508893704],[37.44947443895422,55.533657124898404],[37.449420117032105,55.53365710211827],[37.44942010074616,55.53366958712389],[37.449361817722526,55.53367090996036],[37.44933554728791,55.533655988761595],[37.44925556895258,55.533655955123294],[37.44922925952115,55.533670854207344],[37.4491722484206,55.53366840503842]]]}},{"type":"Feature","properties":{"id":37780,"uin":"TT0000-10-0964-000","name":"Завершение строительства незавершенного строительством объекта: Жилые дома с инженерными сетями и благоустройством территории. Этап 1 - Дом №2","area":"НАО","district":"Коммунарка","address":"Воскресенское пос. корп. 2","res_complex":"ЖК ВОСКРЕСЕНСКОЕ","state":"Сдан","fno_name":"Многоэтажный многоквартирный дом","fno_codes":"010, 001, 001","job_type":"Новое строительство","fin_source":"Городской бюджет","input_fact":"2025-07-11 00:00:00","input_plan":"2025-06-30","lat":55.534561276964546,"lng":37.449956784717806,"ring_count":1,"geom_source":"polygon","archived":true,"archived_at":"2026-07-15","last_seen":"2026-06-24"},"geometry":{"type":"Polygon","coordinates":[[[37.449956784717806,55.534561276964546],[37.44994172803959,55.534569713814285],[37.44994169486914,55.5345954023849],[37.449960383323045,55.53459541014506],[37.44996034228095,55.534627206490526],[37.45005441986499,55.53462589820761],[37.45005444393553,55.53460721561085],[37.45015817390351,55.53461255794475],[37.450158154963596,55.5346272884552],[37.450226257007465,55.53462731659973],[37.45022628157323,55.534608184900314],[37.45026049095722,55.53460819902373],[37.450260498102985,55.53460263017361],[37.45031371268902,55.53460265212433],[37.450313701175716,55.534611634142394],[37.45034331763656,55.53461164634903],[37.45034397150941,55.534595748438285],[37.45042204801749,55.534598295549515],[37.450438665514525,55.53460773350823],[37.45052434734477,55.53460776871569],[37.45054098894325,55.53459834442343],[37.4505623702589,55.534597993916414],[37.450562358802266,55.53460697593448],[37.45059419253234,55.53460698899012],[37.45059421348467,55.534590551895526],[37.450661998712455,55.534590579668],[37.450681651596085,55.534579450004685],[37.450681665311365,55.53456867158243],[37.45070922284232,55.534568682857994],[37.45070927538868,55.53452736557517],[37.45068726106078,55.534527356568205],[37.450687278202956,55.53451388354087],[37.450710893990994,55.534499971067795],[37.45071095510246,55.534451917268626],[37.45069338803573,55.53444194003719],[37.450693252513204,55.53442397593568],[37.45073000066152,55.53442012869633],[37.450730052957425,55.53437899105273],[37.45068903361328,55.53437897427377],[37.45068904081269,55.53437331560112],[37.450694425589504,55.534373317804565],[37.45069223792575,55.53435005347022],[37.450714904270605,55.53433542204635],[37.450743570270916,55.534335433767566],[37.45073821366428,55.534188665316016],[37.45076306292295,55.53420098084541],[37.45077270110168,55.53421885900989],[37.4507774524712,55.534218771130746],[37.45077603599373,55.53421176457202],[37.45076275233104,55.53419613042621],[37.450743758620966,55.534187230460404],[37.45068769943885,55.53418280634066],[37.45068771440937,55.53417103989447],[37.45064194403195,55.53417102115536],[37.45062672904574,55.534179637665126],[37.450431291938415,55.53418135383867],[37.450431237493234,55.53422392860721],[37.45040225482403,55.53422391668259],[37.450402273212745,55.534209545453635],[37.45038010069124,55.53420953632638],[37.45038007597053,55.53422884766511],[37.45037057345342,55.53422884375218],[37.45037054240296,55.53425309520282],[37.450429774782066,55.53425311958138],[37.450429752268164,55.53427072433816],[37.450411855848174,55.53427071697545],[37.4504133811145,55.53431643610064],[37.450430644057256,55.53431644320253],[37.45043061936124,55.53433575454314],[37.45040828838941,55.534335745355754],[37.45040821783077,55.534390894947684],[37.45042975695131,55.53439090380932],[37.450429716173296,55.53442278997618],[37.45041641258844,55.534422784503235],[37.45041797738959,55.53443760548384],[37.45038566728899,55.53443867003019],[37.45038569591606,55.53441630480446],[37.450350853195175,55.534416290455],[37.45035087171779,55.534401829404274],[37.45027390101157,55.53440179766999],[37.45027385872477,55.534434761677936],[37.450237590604324,55.534434746708165],[37.450237603864466,55.53442441738627],[37.45019357532783,55.534424399198954],[37.45019354462984,55.53444829136837],[37.45008077851116,55.5344500411198],[37.45002361051765,55.534445526417095],[37.45002362626553,55.53443331087106],[37.44995805857175,55.534433283666104],[37.449956784717806,55.534561276964546]]]}},{"type":"Feature","properties":{"id":37781,"uin":"TT0000-10-0965-000","name":"Завершение строительства незавершенного строительством объекта: Жилые дома с инженерными сетями и благоустройством территории. Этап 2 - Дом №3","area":"НАО","district":"Коммунарка","address":"Воскресенское пос. корп. 3","res_complex":"ЖК ВОСКРЕСЕНСКОЕ","state":"Сдан","fno_name":"Многоэтажный многоквартирный дом","fno_codes":"010, 001, 001","job_type":"Новое строительство","fin_source":"Городской бюджет","input_fact":"2025-07-11 00:00:00","input_plan":"2025-06-30","lat":55.53407542018067,"lng":37.45078270252026,"ring_count":1,"geom_source":"polygon","archived":true,"archived_at":"2026-07-15","last_seen":"2026-06-24"},"geometry":{"type":"Polygon","coordinates":[[[37.45078266430953,55.534105509943046],[37.45078271061864,55.53406904294691],[37.45080346590396,55.53406258436551],[37.45080348608452,55.53404668619215],[37.45078274711837,55.53404030048592],[37.45080350455482,55.53403213532035],[37.450803524735306,55.53401623714694],[37.45078278589927,55.534009761622684],[37.45080354343362,55.53400150663697],[37.450803563614066,55.533985608463475],[37.450782824680054,55.53397922275717],[37.45078283494557,55.53397113893919],[37.4508035900653,55.533964770177775],[37.4508036102457,55.533948872004146],[37.45078287144507,55.533942396479866],[37.45080362768978,55.53393512951519],[37.45080364787016,55.533919231341514],[37.45078290908509,55.53391275581508],[37.45080366531422,55.53390548885248],[37.450803685494556,55.53388959067873],[37.45078294672509,55.53388311515226],[37.45080370293854,55.53387584818962],[37.45080372311887,55.53385995001581],[37.45079248679164,55.53385347837026],[37.45074782688187,55.53385229245997],[37.45075147031479,55.533726994716346],[37.45047146392003,55.53372885599816],[37.45047149054658,55.533708017713835],[37.45029648878042,55.53370873608251],[37.45029761064269,55.533697167697156],[37.45024709157927,55.5336956199093],[37.450245968097036,55.53370720625626],[37.45024344623063,55.5336977740902],[37.45019482753243,55.533696316883365],[37.45019054278581,55.53370553066956],[37.45019166307012,55.533693980249396],[37.450144311362074,55.53369252354612],[37.45014002050173,55.53370401876171],[37.45008459199448,55.533702371868735],[37.450085715514746,55.53369079271003],[37.45003820544152,55.53368933590018],[37.4500340745407,55.53370080692612],[37.4499786508366,55.53369912585623],[37.449979767980366,55.53368760507695],[37.449932257914924,55.53368614822813],[37.44992812536262,55.53369764350211],[37.44987269686395,55.53369600369794],[37.449873820459395,55.53368441735438],[37.44982314305615,55.53368286932373],[37.44982220837783,55.53369409646488],[37.44981204240772,55.53369409223236],[37.449811837767626,55.53385217577177],[37.449918264916356,55.53385222003948],[37.44991824519114,55.53386748947023],[37.44997304368361,55.533866614025776],[37.44997302687723,55.533879637953866],[37.4500278242276,55.53387966068595],[37.45004001901321,55.53387966574148],[37.45004005431801,55.53385227058367],[37.45024023871531,55.533852353399745],[37.45024018913749,55.53389097608155],[37.4503196928297,55.53389100888145],[37.45031970721921,55.53387978135753],[37.45035850536107,55.53388249195202],[37.45036202811794,55.53385240362391],[37.45051295828687,55.53385246569734],[37.45051284051469,55.53394471103352],[37.45046437803922,55.5339446911225],[37.45046436920067,55.53395160727696],[37.450469595545854,55.533951609425195],[37.450464487858525,55.53398268512821],[37.450487452126744,55.53398269456556],[37.45048582868257,55.53401377169871],[37.45051275232849,55.53401378275803],[37.45051268925618,55.53406318386207],[37.450485765576516,55.53406317280268],[37.45048575674163,55.53407008895705],[37.45051268042604,55.53407010001642],[37.45051263535788,55.53410539935109],[37.45078266430953,55.534105509943046]]]}},{"type":"Feature","properties":{"id":37969,"uin":"TT0000-14-0061-000","name":"Двухуровневый подземный гараж","area":"НАО","district":"Щербинка","address":"Знамя Октября пос., мкр. \"Родники\"","res_complex":null,"state":"В строительстве","fno_name":"Многоярусный гараж автомобилей","fno_codes":"014, 001, 003","job_type":"Новое строительство","fin_source":"Внебюджетные источники","input_fact":null,"input_plan":"2015-12-31","lat":55.47082919640806,"lng":37.542749256025054,"ring_count":1,"geom_source":"polygon","archived":true,"archived_at":"2026-07-15","last_seen":"2026-06-24"},"geometry":{"type":"Polygon","coordinates":[[[37.54270353908362,55.47085519735576],[37.54281436483824,55.47085649885332],[37.54281900959296,55.47078952482594],[37.54270582748522,55.47078956358719],[37.54270353908362,55.47085519735576]]]}},{"type":"Feature","properties":{"id":13103,"uin":"TT0000-15-0397-000","name":"Строительство многоуровневой транспортной развязки и мостовых сооружений на территории Мневниковской поймы с примыканием к Северо-Западной хорде с необходимыми для их функционирования подъездными дорогами, с переустройством инженерных сетей и коммуникаций (1 этап)","area":"СЗАО","district":"Хорошёво-Мнёвники","address":"Хорошево-Мневники","res_complex":"МНЁВНИКОВСКАЯ ПОЙМА","state":"В строительстве","fno_name":"Административно-управленческий объект иного типа","fno_codes":"001, 004, 007","job_type":"Новое строительство","fin_source":"Городской бюджет","input_fact":"2026-04-28 00:00:00","input_plan":"2027-12-30","lat":55.7572989164083,"lng":37.46912757124921,"ring_count":1,"geom_source":"polygon","archived":true,"archived_at":"2026-07-15","last_seen":"2026-06-24"},"geometry":{"type":"Polygon","coordinates":[[[37.46912757124921,55.7572989164083],[37.46997789229668,55.75730716912435],[37.469968795472255,55.7567955215257],[37.46911847468977,55.75680066260158],[37.46912757124921,55.7572989164083]]]}},{"type":"Feature","properties":{"id":7827,"uin":"TT0000-99-0082-000","name":"Реконструкция дома культуры","area":"НАО","district":"Троицк","address":"ул. Дмитрия Рябинкина, вл. 13 и вл. 13А","res_complex":null,"state":"Сдан","fno_name":"Дом культуры","fno_codes":"003, 003, 002","job_type":"Реконструкция","fin_source":"Городской бюджет","input_fact":"2025-06-26 00:00:00","input_plan":"2025-03-01","lat":55.50283597729745,"lng":37.33238547839248,"ring_count":1,"geom_source":"polygon","archived":true,"archived_at":"2026-07-15","last_seen":"2026-06-24"},"geometry":{"type":"Polygon","coordinates":[[[37.33238547839248,55.50283597729745],[37.33248472440811,55.502830455034086],[37.33248703950701,55.50284420080206],[37.33257568019115,55.502839292634036],[37.33257336506164,55.502825546867726],[37.33281523617769,55.50281007042784],[37.332817399261174,55.50282237884786],[37.33287200762798,55.50281948965645],[37.332869996276486,55.50280870839951],[37.332940434819406,55.50280458339301],[37.33293564377045,55.50277763057865],[37.3329210814803,55.502778419003704],[37.33290373494486,55.50268974206866],[37.33284867419365,55.502687421045806],[37.33283236752478,55.50261473363242],[37.33272299118326,55.502620960840375],[37.33271687577456,55.50260774878529],[37.33267904653896,55.5026095830941],[37.332673038706375,55.50257113153211],[37.332692982106664,55.502570170881924],[37.332684175953524,55.50251994895033],[37.33266518206245,55.502520910902696],[37.33266179249271,55.5024993492501],[37.33268205311701,55.50249820939562],[37.332674640212794,55.50245526486258],[37.332653113250885,55.50245649279789],[37.332647861863734,55.502426215967766],[37.33266780557418,55.50242516550133],[37.33266564447281,55.50241240797643],[37.332697776631626,55.50241056585149],[37.33269330420293,55.50238316435897],[37.33276168326609,55.502379395911674],[37.3327116152322,55.502096750860666],[37.33250647562759,55.5021089542087],[37.33254686224987,55.50232368149474],[37.33229645214718,55.50233833726705],[37.332312063736566,55.502425305311526],[37.3322906950268,55.502426533400836],[37.33229231719895,55.50245429026941],[37.33222742093272,55.50245770396572],[37.33224928978737,55.50256165676641],[37.332268283708075,55.50256069487854],[37.33226538866288,55.502534553033264],[37.332280372640966,55.50262026272366],[37.332319786300246,55.50261798161367],[37.332303904540986,55.502520144881046],[37.33232875627653,55.502518562297794],[37.33235997328784,55.50269402531543],[37.332322933659086,55.502696219883674],[37.33232926878888,55.502732067108624],[37.332366466699156,55.50272987275617],[37.33238547839248,55.50283597729745]]]}},{"type":"Feature","properties":{"id":12122,"uin":"TT0000-99-1370-000","name":"Детское дошкольное учреждение","area":"ВАО","district":"Сокольники","address":"ул. Шумкина д.11а стр.2","res_complex":null,"state":"Сдан","fno_name":"Дошкольная образовательная организация","fno_codes":"008, 001, 001","job_type":"Новое строительство","fin_source":null,"input_fact":null,"input_plan":"2007-12-31","lat":55.78937432963609,"lng":37.66868576816827,"ring_count":1,"geom_source":"polygon","archived":true,"archived_at":"2026-07-15","last_seen":"2026-06-24"},"geometry":{"type":"Polygon","coordinates":[[[37.668522585648056,55.78945973687953],[37.66878898923277,55.789496875954036],[37.66892106084634,55.78925292822519],[37.6686736183988,55.78920236975123],[37.668522585648056,55.78945973687953]]]}},{"type":"Feature","properties":{"id":37977,"uin":"TT0000-99-1974-000","name":"поминальная часовня Святого Дмитрия Донского","area":"ЦАО","district":"Таганский","address":"Андроньевская пл., вл. 10","res_complex":null,"state":"В строительстве","fno_name":"Часовня","fno_codes":"003, 004, 006","job_type":"Новое строительство","fin_source":"Внебюджетные источники","input_fact":null,"input_plan":null,"lat":55.7487937676706,"lng":37.67235970904996,"ring_count":1,"geom_source":"polygon","archived":true,"archived_at":"2026-07-15","last_seen":"2026-06-24"},"geometry":{"type":"Polygon","coordinates":[[[37.67229125926387,55.74878046929011],[37.672443168768105,55.74876418458791],[37.672462383816246,55.748813715169746],[37.67231047412767,55.74882999989566],[37.67229125926387,55.74878046929011]]]}},{"type":"Feature","properties":{"id":7632,"uin":"TT0000-99-2597-000","name":"ДОУ на 350 мест с бассейном на месте сноса дошкольного отделения ГБОУ Школа № 1383. Этап 1.1, Этап 2","area":"САО","district":"Бескудниковский","address":"Дубнинская ул., д. 9","res_complex":null,"state":"Сдан","fno_name":"Дошкольная образовательная организация","fno_codes":"008, 001, 001","job_type":"Новое строительство","fin_source":"Городской бюджет","input_fact":"2025-07-09 00:00:00","input_plan":"2025-03-30","lat":55.858900254630115,"lng":37.56593543629685,"ring_count":1,"geom_source":"polygon","archived":true,"archived_at":"2026-07-15","last_seen":"2026-06-24"},"geometry":{"type":"Polygon","coordinates":[[[37.56593543629685,55.858900254630115],[37.566247157295955,55.85889990973122],[37.56624722494185,55.858845122266644],[37.56638551913416,55.858845048693006],[37.566385706046205,55.85886121537574],[37.56642562963097,55.85886137373805],[37.56642576178585,55.8588450272544],[37.5666526856263,55.858844906118215],[37.56664666207645,55.85887140489902],[37.566655605197624,55.8588715797478],[37.56665517136596,55.858898344985924],[37.56684888190293,55.85889976810756],[37.5668485899276,55.85891593504636],[37.56692890760243,55.858911131724064],[37.56692872854549,55.858899725257196],[37.56697072787937,55.85889970269711],[37.56696985193897,55.858572056372374],[37.56694829352695,55.85857206795423],[37.566948585610916,55.858555990829664],[37.566912175558556,55.858555830750895],[37.56691156438052,55.85857208767758],[37.5667991414059,55.85857223779549],[37.56679911371121,55.85855589139632],[37.56676813318325,55.858555728364976],[37.566768161169136,55.858572254394915],[37.56665509942562,55.858572404723446],[37.566655390871496,55.858555878522644],[37.56661898127562,55.858555987803314],[37.56661868966255,55.85857242418864],[37.56659808940181,55.85857243519706],[37.56659830330665,55.858699074882054],[37.566306704565775,55.85869905070684],[37.56630617222549,55.85857241119102],[37.566282378125756,55.85857242384543],[37.56628203111328,55.85855598780052],[37.56624019184146,55.85855601004064],[37.566240219452375,55.85857244625542],[37.5661388150673,55.858572500099065],[37.566138938302956,55.858550764692055],[37.566106680548,55.85855078180277],[37.56610671698626,55.85857251712507],[37.56600323660542,55.858572571957936],[37.56600320909456,55.858556135743115],[37.56595737767558,55.858556249816225],[37.565957085632995,55.85857259638466],[37.56593440937662,55.858572608380385],[37.565935016647025,55.85874478429548],[37.56591010414286,55.85874452802306],[37.56591047967295,55.85877811880587],[37.56590025903424,55.858777944578286],[37.565900346090274,55.85883003749766],[37.56593531900793,55.85883010882047],[37.56592303150555,55.858835414430835],[37.5659353278684,55.85883540792774],[37.56593543629685,55.858900254630115]]]}},{"type":"Feature","properties":{"id":12173,"uin":"TT0000-99-5133-000","name":"набережные р.Яузы в г. Москве","area":"ВАО","district":"Сокольники","address":"Разумовско-Салтыковская наб.-Русаковская наб., Красноказарменная наб.-Потешная наб.","res_complex":null,"state":"Сдан","fno_name":"Место отдыха общего пользования иного типа","fno_codes":"003, 005, 004","job_type":"Капитальный ремонт","fin_source":"Городской бюджет","input_fact":null,"input_plan":"2099-12-31","lat":55.75634130749855,"lng":37.67025731517056,"ring_count":1,"geom_source":"polygon","archived":true,"archived_at":"2026-07-15","last_seen":"2026-06-24"},"geometry":{"type":"Polygon","coordinates":[[[37.67025731517056,55.75634130749855],[37.670219099913915,55.75641746506212],[37.6699844796693,55.75638607780189],[37.67002589958909,55.75630810387603],[37.67025731517056,55.75634130749855]]]}},{"type":"Feature","properties":{"id":12184,"uin":"TT0000-99-5841-000","name":"Спортивный клуб Братеево","area":"ЮАО","district":"Братеево","address":"Борисовские Пруды ул. вл.20 корп. 3б ЮАО","res_complex":null,"state":"Сдан","fno_name":"Физкультурно-спортивный комплекс","fno_codes":"006, 006, 005","job_type":"Новое строительство","fin_source":null,"input_fact":null,"input_plan":"2099-12-31","lat":55.6413706853264,"lng":37.76137054578371,"ring_count":2,"geom_source":"polygon","archived":true,"archived_at":"2026-07-15","last_seen":"2026-06-24"},"geometry":{"type":"Polygon","coordinates":[[[37.76143092743277,55.64134972175479],[37.7613980575355,55.64139265286527],[37.76124150926731,55.641355481520144],[37.76127909786993,55.64130986160476],[37.76143092743277,55.64134972175479]]]}},{"type":"Feature","properties":{"id":37937,"uin":"TT0000-99-7590-000","name":"Производственно-логистический комплекс","area":"НАО","district":"Внуково","address":"Давыдково дер. (вблизи)","res_complex":null,"state":"В строительстве","fno_name":"Коммунально-складской объект иного типа","fno_codes":"011, 006","job_type":"Новое строительство","fin_source":"Внебюджетные источники","input_fact":null,"input_plan":null,"lat":55.57501267263216,"lng":37.19528621698872,"ring_count":3,"geom_source":"polygon","archived":true,"archived_at":"2026-07-15","last_seen":"2026-06-24"},"geometry":{"type":"MultiPolygon","coordinates":[[[[37.19928556741676,55.574883273422486],[37.19916097778487,55.573864998279575],[37.19743933466536,55.57393575817009],[37.19752613589935,55.574943226171385],[37.19928556741676,55.574883273422486]]],[[[37.195055984964014,55.573972698955195],[37.19259639203023,55.574084409989304],[37.1926851672191,55.57482400000082],[37.192212167850386,55.57484424118732],[37.19222889635152,55.57512288527802],[37.19516130566165,55.57502307673052],[37.195055984964014,55.573972698955195]]],[[[37.20053139180267,55.57520779497282],[37.19154506657365,55.575496203233264],[37.19163239375542,55.5764179530034],[37.20059985148394,55.57615092282069],[37.20053139180267,55.57520779497282]]]]}},{"type":"Feature","properties":{"id":9073,"uin":"TT0000-99-7601-000","name":"Жилой дом с инженерными сетями и благоустройством территории","area":"СВАО","district":"Марфино","address":"улица Академика Королева, земельный участок 21/1","res_complex":null,"state":"Сдан","fno_name":"Многоэтажный многоквартирный дом","fno_codes":"010, 001, 001","job_type":"Новое строительство","fin_source":"Городской бюджет","input_fact":"2025-06-30 00:00:00","input_plan":"2025-06-30","lat":55.82025648665884,"lng":37.60020653340231,"ring_count":33,"geom_source":"polygon","archived":true,"archived_at":"2026-07-15","last_seen":"2026-06-24"},"geometry":{"type":"MultiPolygon","coordinates":[[[[37.60021245084233,55.82026223010612],[37.60021738841085,55.82025908255543],[37.600211311435736,55.820253339237304],[37.60020653340231,55.82025648665884],[37.60021245084233,55.82026223010612]]],[[[37.60000991892285,55.82035553279643],[37.60001708612896,55.82035085658349],[37.600003987563774,55.820344310571606],[37.59999666105048,55.82034907672821],[37.60000991892285,55.82035553279643]]],[[[37.59997586104931,55.82038807365903],[37.60008224512985,55.82044044045121],[37.6002787895288,55.82031382072823],[37.60022985227801,55.8202669762983],[37.600189358565935,55.82027805638383],[37.60016268923294,55.82026747962597],[37.59997586104931,55.82038807365903]]],[[[37.59989167333121,55.82046942500282],[37.59989756656877,55.82046564798324],[37.59988336697837,55.820465300152684],[37.59989167333121,55.82046942500282]]],[[[37.599851855774624,55.82049559352858],[37.5998433896565,55.820491378988315],[37.59983781525342,55.82049506593262],[37.599846281143655,55.820499190657394],[37.599851855774624,55.82049559352858]]],[[[37.59981587705924,55.82052571085876],[37.59978600622679,55.820510915241215],[37.599777564727525,55.8205164008099],[37.59980743510501,55.820531016797766],[37.59981587705924,55.82052571085876]]],[[[37.599752782396386,55.82055791575401],[37.59973808685059,55.82055074228577],[37.599746846523544,55.82054489719982],[37.599739178997446,55.820541041274495],[37.599715584978185,55.82054788626098],[37.599745455584426,55.820562592079646],[37.599752782396386,55.82055791575401]]],[[[37.599698947106425,55.82059262802498],[37.59966907603934,55.820577742563366],[37.59966158990509,55.82058250882808],[37.599691460972934,55.820597394291525],[37.599698947106425,55.82059262802498]]],[[[37.59974617370251,55.82059411693507],[37.59973722828231,55.820589633324786],[37.5997109476268,55.820606539867576],[37.59971989282009,55.82061093366384],[37.59974617370251,55.82059411693507]]],[[[37.599999518378574,55.82059436205658],[37.59998929526905,55.82058934059826],[37.599963014951456,55.8206063370107],[37.59997323806206,55.820611358471176],[37.599999518378574,55.82059436205658]]],[[[37.599807745796255,55.82059056458772],[37.599791771659035,55.82058249399411],[37.599691746666174,55.82064715215205],[37.599758369300154,55.82068491115222],[37.59985584671602,55.82062223094422],[37.599865910052486,55.82062716272617],[37.599946344869124,55.82057554353785],[37.599896666372224,55.82055088413866],[37.59988376517093,55.82055924741927],[37.599868111015454,55.82055153584212],[37.599807745796255,55.82059056458772]]],[[[37.59970221321427,55.82062235451184],[37.59969326779264,55.820617870898396],[37.599666827790315,55.82063486737574],[37.599675772985115,55.82063926117521],[37.59970221321427,55.82062235451184]]],[[[37.599969843305196,55.82078210151092],[37.600001631144316,55.820797793698404],[37.59999446362583,55.8208023800943],[37.600050052237336,55.82082972916814],[37.60012985022331,55.82077855945548],[37.60013655946901,55.820781967049626],[37.600169051930116,55.82076110349472],[37.600132152241116,55.820742810811254],[37.600221028419305,55.82068570585155],[37.60021256222003,55.82068149133685],[37.60019026325921,55.82069570028382],[37.60006676770787,55.820627539766534],[37.60005527880389,55.820626650872946],[37.60004253646239,55.82063474459385],[37.60004717650171,55.82064003999862],[37.59999430370629,55.82061403597442],[37.59993409714012,55.82065270538955],[37.59991013631583,55.820640779154886],[37.599892138135665,55.82065237991878],[37.599874087700584,55.82064341284734],[37.59979349379555,55.820695301563816],[37.5999319734565,55.82075869003474],[37.59991763864404,55.820767952633865],[37.59992546576937,55.82077180841939],[37.59993996034658,55.820762635506675],[37.59996487939016,55.82077492022741],[37.59993764331271,55.8207925461163],[37.59994674811128,55.82079693976742],[37.599969843305196,55.82078210151092]]],[[[37.600175353504476,55.820792354389994],[37.60016624868125,55.82078796075577],[37.600141083236664,55.82080423777711],[37.600150188060844,55.82080863141317],[37.600175353504476,55.820792354389994]]],[[[37.60013298641682,55.82081978248867],[37.60012372159737,55.8208152093484],[37.60009871565464,55.82083148623226],[37.60010766094323,55.82083588000017],[37.60013298641682,55.82081978248867]]],[[[37.60015316702889,55.820850752733065],[37.600143103140844,55.82084564134311],[37.60011682271772,55.82086263778773],[37.60012704591532,55.8208676592352],[37.60015316702889,55.820850752733065]]],[[[37.600199650515826,55.8208735284715],[37.60018942753618,55.820868596845926],[37.600163146888995,55.82088550348454],[37.600173369640906,55.82089034529642],[37.600199650515826,55.8208735284715]]],[[[37.60042139607925,55.820119343426654],[37.60039615778403,55.82010687942348],[37.600389149743805,55.820111375897824],[37.60041454734462,55.82012374995742],[37.60042139607925,55.820119343426654]]],[[[37.60038847384195,55.82015906876997],[37.6003953225857,55.8201546622407],[37.60036609087254,55.820140225510116],[37.600359401662395,55.82014463190872],[37.60038847384195,55.82015906876997]]],[[[37.60033971085243,55.82018048444323],[37.60033124475009,55.82017626993632],[37.60032551067447,55.82017986721605],[37.600334136082324,55.82018399177845],[37.60033971085243,55.82018048444323]]],[[[37.60046680591372,55.82022169695986],[37.60050018746575,55.820236848832785],[37.60048521598856,55.82024656109504],[37.60049304306526,55.82025041684483],[37.60050100649062,55.820245201062235],[37.600556754426975,55.820272639596375],[37.60056360317164,55.82026823305781],[37.600575905738786,55.820275408367955],[37.60059772617383,55.82026137937007],[37.600629034546245,55.82027680233741],[37.60060418846477,55.82029298937993],[37.600657221455975,55.82031926246156],[37.60067283105844,55.820309549660585],[37.60079440717092,55.82037573517956],[37.60081033468087,55.82036557302263],[37.60084180298674,55.82038108562169],[37.600819186047154,55.820395564390225],[37.60085256765456,55.82041062635115],[37.60083759596817,55.82042024884014],[37.600845423344936,55.82042419438326],[37.600853386989,55.82041906839382],[37.60090897542518,55.82044632726536],[37.60093240041459,55.82043588954526],[37.60104965396519,55.82049588102064],[37.601116230444966,55.8204532539593],[37.601191627439206,55.82049055595173],[37.601173311331536,55.820502426611036],[37.60118656945075,55.82050888255211],[37.60128944358095,55.82043658648523],[37.6011915234369,55.82038816573806],[37.60120617641531,55.82037872309802],[37.60115633830012,55.820354243968836],[37.601145507695726,55.82036116863672],[37.601100461239305,55.82033884116284],[37.60111606981511,55.82032876904222],[37.60110824266112,55.82032491333218],[37.60109279361999,55.82033498532178],[37.601051900907215,55.82031489984605],[37.60106289105043,55.820307975056316],[37.601012094059826,55.8202827781213],[37.600997918752476,55.820291861085195],[37.60096724905383,55.82027670714002],[37.60098126482794,55.82026762430947],[37.60092839191531,55.820241620685195],[37.60092026924363,55.82024692644111],[37.600845032514805,55.82020962415091],[37.600853155419344,55.82020440821578],[37.60080028267787,55.82017840453612],[37.60078626689362,55.820187487346146],[37.60075320134972,55.820171167685345],[37.60076737667025,55.82016208474941],[37.60072504964746,55.82014244941001],[37.60073189835027,55.82013804286199],[37.60067902577962,55.82011203912988],[37.60066676187865,55.82011995289582],[37.600635293853244,55.820104440251185],[37.6006510619897,55.82009436805976],[37.60064355422698,55.82009060187694],[37.600627626785766,55.8201007640127],[37.60059647831929,55.82008543073102],[37.6006020528219,55.82008183356799],[37.600593906240476,55.82007779845206],[37.60057845762376,55.820088050009254],[37.60049954834352,55.820049223611775],[37.60051531626315,55.82003906162175],[37.60050764899024,55.82003529555987],[37.60042626043169,55.820087544605045],[37.600481848555674,55.82011498330311],[37.60038978864403,55.82017415680313],[37.60044330016244,55.82020051940611],[37.60045715649671,55.820191436764304],[37.60048926334881,55.82020721838494],[37.60046680591372,55.82022169695986]]],[[[37.60112670745738,55.8204949200658],[37.60111888026898,55.820491064356546],[37.60109642336636,55.820505722677424],[37.60110409055768,55.82050939888641],[37.60112670745738,55.8204949200658]]],[[[37.60116744086171,55.82051500564609],[37.60115977343222,55.82051123962523],[37.60113715676639,55.820525808267746],[37.60114466442955,55.82052948460425],[37.60116744086171,55.82051500564609]]],[[[37.60171817040308,55.8205190460472],[37.60171108413236,55.8204932746516],[37.601692194087555,55.82046823146184],[37.601663577040384,55.820444992563004],[37.60165783886781,55.82044697321914],[37.60157475271424,55.82039764245791],[37.60156119266769,55.82039783319359],[37.60147500293237,55.82044397936934],[37.60148139409406,55.82044774641477],[37.60147518078231,55.82045107469191],[37.60154947853285,55.820495023752244],[37.60152526179253,55.820507707639116],[37.60153325157582,55.82051273079807],[37.60150137384761,55.82052416352627],[37.60149104273303,55.82053917126018],[37.60149298753981,55.820550935571454],[37.60144303004539,55.82054217446537],[37.601299804575824,55.82061890460595],[37.60146372719398,55.82064930808372],[37.60151446465496,55.82065115270727],[37.601607114944755,55.82063544885417],[37.60167944945607,55.82059865481514],[37.60170203993812,55.82057402669692],[37.60171616940435,55.820547249927984],[37.60171817040308,55.8205190460472]]],[[[37.600667662481115,55.82053400416666],[37.600663684659686,55.820538138933],[37.60067757556102,55.82054252864625],[37.600662937110265,55.82055771943836],[37.60076576098386,55.820589879916696],[37.600741392448114,55.82060570733394],[37.60074794126056,55.82060875576097],[37.60080002350405,55.820575122247696],[37.600667662481115,55.82053400416666]]],[[[37.60024505005006,55.82072143322878],[37.60023498641235,55.8207164116621],[37.600213961902654,55.82072990105513],[37.60022402554116,55.82073492262355],[37.60024505005006,55.82072143322878]]],[[[37.60037266849265,55.820779530833356],[37.60036244505729,55.82077441959038],[37.60034253571505,55.82078727939077],[37.60035275915121,55.82079239063537],[37.60037266849265,55.820779530833356]]],[[[37.60025994743175,55.82074513262562],[37.60019241389729,55.82078838870618],[37.60023825849734,55.82081089549811],[37.60021994171995,55.82082267619915],[37.60022776888614,55.82082653196542],[37.60025341269124,55.820810164723746],[37.6002470229627,55.820806936509875],[37.60032554572337,55.820756306596735],[37.60031675996541,55.82075191271559],[37.60029828438985,55.820763963005],[37.60025994743175,55.82074513262562]]],[[[37.60040033834435,55.82080690233571],[37.600391393029476,55.820802508589054],[37.60036622744026,55.820818695840515],[37.60037517252673,55.820822999773114],[37.60040033834435,55.82080690233571]]],[[[37.60029174993929,55.8208290849208],[37.60028232533276,55.82082442210559],[37.60025668175946,55.82084087916908],[37.60026626590416,55.820845541857274],[37.60029174993929,55.8208290849208]]],[[[37.60035048507076,55.82083900700232],[37.6003413802169,55.82083461338113],[37.600323382304936,55.820846304023554],[37.6003395157391,55.82085419478693],[37.60034747953745,55.8208490688306],[37.600340291420785,55.82084557181925],[37.60035048507076,55.82083900700232]]],[[[37.60026600157142,55.820867008105516],[37.60029635215839,55.8208820726661],[37.60030415643075,55.82087694684158],[37.60027380607382,55.82086197209876],[37.60026600157142,55.820867008105516]]],[[[37.600217102130166,55.820897854522144],[37.60022604767627,55.82090233809727],[37.600252168541076,55.82088534175835],[37.60024322322487,55.82088094800098],[37.600217102130166,55.820897854522144]]]]}},{"type":"Feature","properties":{"id":10251,"uin":"TT0000-99-7757-000","name":"Жилой дом с приспособлением подземной автостоянки под защитное сооружение гражданской обороны – \"укрытие\"(ЗСГО) с инженерными сетями и благоустройством территории","area":"ЮВАО","district":"Кузьминки","address":"улица Маршала Чуйкова, земельный участок 9/5/3","res_complex":null,"state":"Сдан","fno_name":"Многоэтажный многоквартирный дом","fno_codes":"010, 001, 001","job_type":"Новое строительство","fin_source":"Городской бюджет","input_fact":"2025-06-30 00:00:00","input_plan":"2025-08-30","lat":55.69593545731918,"lng":37.76273873551639,"ring_count":2,"geom_source":"polygon","archived":true,"archived_at":"2026-07-15","last_seen":"2026-06-24"},"geometry":{"type":"MultiPolygon","coordinates":[[[[37.762735988827,55.69592899626819],[37.7627738041579,55.695923975616566],[37.76276815114292,55.69591096403841],[37.76283742549291,55.695901654810136],[37.76284276047619,55.69591466706367],[37.762856901234095,55.69591275071185],[37.762848500286324,55.695893098455215],[37.76289060507943,55.69588743988848],[37.76288397984741,55.695871735844804],[37.76303651182414,55.69585147063628],[37.76304313711382,55.69586717467172],[37.76308587735526,55.69586142486298],[37.763093960362205,55.69588107778256],[37.76310810049428,55.69587907158494],[37.763102766630425,55.69586623897672],[37.76317156434342,55.695857020395785],[37.763177058458005,55.69587003229508],[37.76319104075839,55.695868206061405],[37.763182638449656,55.69584837419388],[37.7632247431461,55.69584271551263],[37.76321811899097,55.695827191120785],[37.76332790927658,55.69581249577142],[37.76333469370271,55.69582819945121],[37.763376639931,55.695822630874744],[37.763385040526416,55.695842193278295],[37.763399022807114,55.69584036702098],[37.763393529225,55.695827444948485],[37.763462486429376,55.69581831568154],[37.76346798003293,55.69583123775094],[37.763505796379455,55.69582639650782],[37.76350838295766,55.69583267824793],[37.76364327760748,55.69581469546323],[37.763570870629685,55.695641411486356],[37.763273119079564,55.695681208873054],[37.7632799028591,55.69569682273935],[37.763169635801866,55.69571151906487],[37.76316301108947,55.69569590485278],[37.76298617046462,55.695719455567605],[37.76299279511057,55.69573506978924],[37.76283533916365,55.695756153813086],[37.76282871397614,55.69574044976604],[37.762531278366296,55.695780154859584],[37.76260368100578,55.695953439449745],[37.76273873551639,55.69593545731918],[37.762735988827,55.69592899626819]]],[[[37.762789209584774,55.69639656598237],[37.76298783007491,55.69637144215765],[37.762979747019244,55.69635178923269],[37.76301438516378,55.69634722438064],[37.763023271794445,55.696368133042114],[37.763037254279766,55.696366306825915],[37.76302287170625,55.69633211680983],[37.763235622973376,55.69630363914181],[37.76324143643223,55.69631682999139],[37.76328147666275,55.69631153497559],[37.76328923338005,55.69632993112397],[37.76330321523746,55.69632801506061],[37.763298366156086,55.69631634906182],[37.76336780012399,55.69630703919452],[37.7633728076512,55.69631861503372],[37.76338679010242,55.69631678877772],[37.763373698729914,55.696285470223195],[37.763569765998916,55.696259183277796],[37.76358317557567,55.696290501130946],[37.763596839950615,55.696288675531534],[37.76359199078676,55.69627700954433],[37.763660789104875,55.69626779068936],[37.76366579852145,55.696279635967265],[37.763828499826154,55.69625791092224],[37.76375819472916,55.696090011655855],[37.76306750996585,55.69618220478995],[37.76307155600644,55.696192704876545],[37.76297447476686,55.69620557650339],[37.76297011129633,55.696195166909376],[37.76271906651672,55.69622848614774],[37.762789209584774,55.69639656598237]]]]}},{"type":"Feature","properties":{"id":48865,"uin":"TT0000-99-7762-000","name":"Снос существующих строений","area":"НАО","district":"Коммунарка","address":"п. Мосрентген, в/г Теплый стан д.51; п. Мосрентген, в/г Теплый стан д. 52; п. Мосрентген, в/г Теплый стан д. 53; п. Мосрентген, в/г Теплый стан д. 85; п. \"Мосрентген\", пос. Завода Мосрентген д. 20; п. \"Мосрентген\", пос. Завода Мосрентген д.21; п. \"Мосрентген\", пос. Завода Мосрентген д. 25; п. \"Мосрентген\", пос. Завода Мосрентген д.26; п. \"Мосрентген\", пос. Завода Мосрентген д. 9; п. \"Мосрентген\", пос. Завода Мосрентген д.5; п. \"Мосрентген\", пос. Завода Мосрентген д.8; п. \"Мосрентген\", пос. Завода Мосрентген д.11; п. \"Мосрентген\", пос. Завода Мосрентген д.18; п. \"Мосрентген\", пос. Завода Мосрентген д.19; п. \"Мосрентген\", пос. з. Мосрентген, ул. Героя России Соломатина д.15","res_complex":null,"state":"Планируемый","fno_name":"Малоэтажный многоквартирный дом","fno_codes":"010, 003, 002","job_type":null,"fin_source":"Городской бюджет","input_fact":null,"input_plan":"2024-01-31","lat":55.61152093327503,"lng":37.47078485498723,"ring_count":11,"geom_source":"polygon","archived":true,"archived_at":"2026-07-15","last_seen":"2026-06-24"},"geometry":{"type":"MultiPolygon","coordinates":[[[[37.47096570715965,55.61149491674437],[37.47078485498723,55.61152093327503],[37.47091640611908,55.6117969646746],[37.4710970664694,55.61176978664855],[37.47096570715965,55.61149491674437]]],[[[37.46922827086985,55.621229153892635],[37.46904002051793,55.62122792081505],[37.469018241988294,55.62185674716481],[37.469206759029895,55.62185736362117],[37.46922827086985,55.621229153892635]]],[[[37.46813794001943,55.621236554976065],[37.46794999780068,55.6212433642128],[37.468020116421656,55.62186929438825],[37.46821281502352,55.62186239695284],[37.46813794001943,55.621236554976065]]],[[[37.47006849258272,55.621868324824575],[37.47025039378014,55.6218819092184],[37.47040293918382,55.62125865974022],[37.47020873108343,55.621244831610404],[37.47006849258272,55.621868324824575]]],[[[37.471906357967946,55.62190070445116],[37.4720807858709,55.621925133956644],[37.47227060765375,55.62149244286648],[37.472089353666995,55.621466568329346],[37.471906357967946,55.62190070445116]]],[[[37.472491214829354,55.62258147018155],[37.47230853101514,55.622556273037134],[37.47204548268537,55.623164569335756],[37.47223275391392,55.623188836053586],[37.472491214829354,55.62258147018155]]],[[[37.47428966435735,55.62006898165938],[37.47516387039294,55.62001634016458],[37.47514887603046,55.61991513637791],[37.47427492560155,55.6199666327207],[37.47428966435735,55.62006898165938]]],[[[37.47388411602575,55.620733221877714],[37.474068900098644,55.620722796264964],[37.47393361753391,55.62009521372303],[37.47373448852626,55.620109614248214],[37.47388411602575,55.620733221877714]]],[[[37.47272888593786,55.621607827649626],[37.4729087203335,55.6216313125602],[37.47308427253327,55.621216109225614],[37.47257479715279,55.62114556899934],[37.472527234294276,55.62124471455133],[37.47286755276863,55.62129308386433],[37.47272888593786,55.621607827649626]]],[[[37.472464196354096,55.622261109385526],[37.472641834861385,55.62228749855565],[37.47280128041886,55.6219264123477],[37.472615390849505,55.621900906380404],[37.472464196354096,55.622261109385526]]],[[[37.47305769694662,55.62270682161961],[37.47379052494417,55.62280748835029],[37.47383353512245,55.62270456919309],[37.47310100296155,55.62260562266231],[37.47305769694662,55.62270682161961]]]]}},{"type":"Feature","properties":{"id":9793,"uin":"TT0000-99-7783-000","name":"Жилой дом с инженерными сетями и благоустройством территории","area":"ВАО","district":"Богородское","address":"ул. Краснобогатырская, земельный участок 38А (Краснобогатырская ул., вблизи вл. 38)","res_complex":null,"state":"Сдан","fno_name":"Многоэтажный многоквартирный дом","fno_codes":"010, 001, 001","job_type":"Новое строительство","fin_source":"Городской бюджет","input_fact":"2025-06-30 00:00:00","input_plan":"2025-09-30","lat":55.81085078347935,"lng":37.70052202065588,"ring_count":2,"geom_source":"polygon","archived":true,"archived_at":"2026-07-15","last_seen":"2026-06-24"},"geometry":{"type":"MultiPolygon","coordinates":[[[[37.700472899194175,55.81082032565878],[37.70046255864642,55.81082555178935],[37.70043119778574,55.810806112536284],[37.700447742567334,55.810797732768066],[37.700407101595026,55.81077256032259],[37.70041966909596,55.810766162970715],[37.70041214891971,55.81076150472292],[37.700396717855845,55.81076934378146],[37.70036439688563,55.81074927735454],[37.70037982794807,55.810741438300035],[37.70037230778136,55.81073678004978],[37.70035814946494,55.81074398832444],[37.700326468812875,55.81072436993056],[37.700340626668684,55.81071707184395],[37.70029182542561,55.81068679306397],[37.70027766757163,55.81069409114501],[37.700236546495745,55.810668560156046],[37.70025070480733,55.81066135189532],[37.70018686299818,55.81062166674074],[37.69997130845677,55.81073186129364],[37.700006669710014,55.81075389886031],[37.69999251131971,55.81076110709291],[37.700029472151996,55.810784040226416],[37.70005349677742,55.810772415009566],[37.70007717778633,55.81078719634928],[37.70008262769886,55.81079248668547],[37.70006369729057,55.810802217513725],[37.70009825842909,55.8108237174518],[37.70013277901347,55.81080605752076],[37.70014557903807,55.81081394061864],[37.70011105845254,55.81083160055326],[37.70014673932547,55.810853727377975],[37.70016312423385,55.810845258090865],[37.700197844961,55.810866757742275],[37.70018941372243,55.810871082591746],[37.700241415135835,55.810903332183145],[37.70026257252045,55.81089243010461],[37.70030353343519,55.81091778171123],[37.70032246429893,55.810908140661866],[37.70035686525902,55.810929461154174],[37.70033793439348,55.81093910220886],[37.700343054344884,55.810942237476404],[37.70052202065588,55.81085078347935],[37.700472899194175,55.81082032565878]]],[[[37.70061952231653,55.81120288483799],[37.70065343353924,55.81119079436467],[37.70066464986829,55.811200835573054],[37.70083707156936,55.81113939041123],[37.70080967236171,55.81111500491491],[37.70082622962675,55.81110905011711],[37.70085362884055,55.811133435609726],[37.700895500486624,55.811118547818005],[37.70088476537594,55.811109044745926],[37.70092026863683,55.811096412711414],[37.70093084425598,55.81110591603987],[37.70093960044641,55.8111027582235],[37.70092902482597,55.81109325489575],[37.70097471740496,55.81107701361607],[37.70099216521317,55.81108920024748],[37.701041678302026,55.81107151566446],[37.70104888837967,55.811077880888824],[37.70114934759372,55.811042060241476],[37.701130421397,55.811021523119884],[37.701167834763545,55.811008169372485],[37.7011784099577,55.811017582864196],[37.701220440390124,55.811002604886404],[37.701193201458175,55.81097839884647],[37.70121071419923,55.81097217299125],[37.701237953137685,55.810996379027344],[37.701279824028205,55.81098140128906],[37.70126956965784,55.81097234654858],[37.70130682389508,55.81095908283437],[37.70131691877444,55.81096813783172],[37.70146959696642,55.81091372963223],[37.701411273504306,55.810861910905615],[37.70139248765002,55.81086867776344],[37.70133592711862,55.810818472820564],[37.701318096398765,55.810824878844805],[37.701286530844705,55.810796727957666],[37.70122523677517,55.81081856338593],[37.701236292264085,55.81082833535583],[37.70119967518727,55.810841418378466],[37.701188619703785,55.81083164640528],[37.701132261126524,55.81085176723715],[37.701142996687764,55.81086136010368],[37.70110239907242,55.810875796824604],[37.7010916639783,55.81086629377014],[37.701083703948505,55.81086918085236],[37.7010944390415,55.8108786839075],[37.70105129452845,55.81089411273777],[37.701040558980736,55.81088451986331],[37.70103180284743,55.81088767768696],[37.701046543769536,55.81090076688006],[37.70096375708226,55.81093036136449],[37.7009490157159,55.81091718234591],[37.70093978200164,55.81092052057266],[37.7009506779521,55.81093029282756],[37.70090785139568,55.81094554145733],[37.70089679641639,55.81093585927366],[37.700887562693204,55.81093919749648],[37.70090711012118,55.810956500256744],[37.700868263552614,55.810970305337406],[37.70084887563095,55.81095300231161],[37.700821332546845,55.81096274726103],[37.700840879957276,55.810980050031766],[37.70081620317897,55.810988892155855],[37.70079777685248,55.810972485722104],[37.700789657283096,55.810975373044556],[37.70079975158629,55.81098433826879],[37.70075644780375,55.81099985707048],[37.70074635350649,55.81099089184268],[37.700738233929464,55.81099377916171],[37.70074480319622,55.810999606547355],[37.700703409648796,55.81101440369494],[37.7006968403857,55.81100857630712],[37.7006404812988,55.81102869691346],[37.700646730643875,55.811034345191274],[37.70053544499566,55.811074045108036],[37.70054553926604,55.811083010353045],[37.700501279672054,55.811098800065345],[37.70049134490437,55.81108983455785],[37.70048322528784,55.81109272186003],[37.700621982400136,55.81121608384383],[37.70063073864035,55.811212926049414],[37.70061952231653,55.81120288483799]]]]}},{"type":"Feature","properties":{"id":10354,"uin":"TT0000-99-7794-000","name":"Жилой дом с инженерными сетями и благоустройством территории (со сносом жилых зданий по адресам: ул.Тайнинская д.11, ул. Тайнинская д.13)","area":"СВАО","district":"Лосиноостровский","address":"улица Тайнинская, земельный участок 11 (ул. Тайнинская, вл.11)","res_complex":null,"state":"Сдан","fno_name":"Многоэтажный многоквартирный дом","fno_codes":"010, 001, 001","job_type":"Новое строительство","fin_source":"Городской бюджет","input_fact":"2025-06-30 00:00:00","input_plan":"2025-08-31","lat":55.88259796070442,"lng":37.6846836860939,"ring_count":3,"geom_source":"polygon","archived":true,"archived_at":"2026-07-15","last_seen":"2026-06-24"},"geometry":{"type":"MultiPolygon","coordinates":[[[[37.68466310481435,55.88257086722635],[37.68456207414689,55.88259562740502],[37.684582813037935,55.882622271588296],[37.6846836860939,55.88259796070442],[37.68466310481435,55.88257086722635]]],[[[37.68476633738833,55.883113197189886],[37.684786617800114,55.88311038261989],[37.68480189360712,55.883130568228104],[37.68481769517607,55.88312677237712],[37.684861431391205,55.883184368406596],[37.68487834982206,55.8831802116176],[37.68492289025009,55.883238884205745],[37.685088886804024,55.88319902738699],[37.68504434659684,55.88314044467322],[37.68507052314393,55.88313420825565],[37.68492548451448,55.882942939076365],[37.684899308497705,55.88294926527786],[37.68485460737212,55.88289032347305],[37.68468877295879,55.882930449182545],[37.684733312389646,55.88298903202747],[37.684716233810306,55.88299309922067],[37.68475948780145,55.883050157116045],[37.684743846049585,55.88305395272092],[37.68478533139473,55.88310867805201],[37.68476633738833,55.883113197189886]]],[[[37.68468445992914,55.88323501913636],[37.684607686317975,55.88325345605884],[37.6847670332136,55.8834631163543],[37.68483614558038,55.88344648708745],[37.68485319032003,55.88346900524124],[37.684860851481,55.88346710767096],[37.68468445992914,55.88323501913636]]]]}},{"type":"Feature","properties":{"id":8635,"uin":"TT0000-99-7851-000","name":"Жилой дом с подземной автостоянкой, с инженерными сетями и благоустройством территории (со сносом здания трансформаторной подстанции по адресу: Старокоптевский пер., д. 7, стр. 15)","area":"САО","district":"Коптево","address":"переулок Старокоптевский, земельный участок 7 (Старокоптевский пер., вл. 7)","res_complex":null,"state":"Сдан","fno_name":"Многоэтажный многоквартирный дом","fno_codes":"010, 001, 001","job_type":"Новое строительство","fin_source":"Городской бюджет","input_fact":"2025-06-30 00:00:00","input_plan":"2025-06-30","lat":55.83440774552503,"lng":37.5159666331308,"ring_count":9,"geom_source":"polygon","archived":true,"archived_at":"2026-07-15","last_seen":"2026-06-24"},"geometry":{"type":"MultiPolygon","coordinates":[[[[37.515959612258584,55.834410889941225],[37.51604944710329,55.83436983304571],[37.51607419070451,55.8343869848005],[37.51620694781704,55.83432562409564],[37.51618204453303,55.83430829275572],[37.51621762726552,55.83429203165251],[37.51622928074947,55.834300203432534],[37.51643926630006,55.83420461296924],[37.5164277724647,55.83419662082033],[37.516463674104806,55.83418017997366],[37.51648921605334,55.83419813988628],[37.51658128381075,55.83415627397468],[37.51662165275805,55.83413695840437],[37.51658190323255,55.83410939004764],[37.51661748565295,55.8340932186441],[37.516636640447174,55.8341025570287],[37.51677274683293,55.83404047675378],[37.51661183328732,55.83392858700372],[37.51642291190853,55.83401465462396],[37.51643664058057,55.834024173358806],[37.516402015553645,55.83403998532587],[37.51638828684862,55.83403037677143],[37.51625042458992,55.834092995735965],[37.51626415324743,55.83410251448991],[37.51622537940298,55.83412012324332],[37.516212608583025,55.83411132289176],[37.51620590693222,55.834114377466435],[37.51621867778713,55.8341232676345],[37.516133630532586,55.834161988849196],[37.516121019276355,55.83415309865254],[37.516114158019235,55.83415615324203],[37.51612692883163,55.834164953603775],[37.51608863356899,55.83418238262277],[37.51607490485594,55.83417268421778],[37.51593720128697,55.834235572257626],[37.5159512491726,55.83424527063866],[37.515916783275166,55.834260902817434],[37.51590273539247,55.834251204432455],[37.51571301333153,55.834338348845606],[37.515964918688894,55.83451354874292],[37.5160510838208,55.83447428861408],[37.515959612258584,55.834410889941225]]],[[[37.5174439652037,55.834734125185825],[37.51761948501438,55.83465524310053],[37.51761182221988,55.83464994501389],[37.51763543752358,55.834639253712055],[37.5176027108687,55.83461626533354],[37.517577978721356,55.834627675307466],[37.5174920916671,55.8345679594627],[37.517506612346445,55.83456247873249],[37.517432379267966,55.834510754871424],[37.51742375873745,55.83450491800738],[37.517406685031425,55.83451147686133],[37.51729717176023,55.8344353277688],[37.51731839357998,55.8344257146372],[37.51701970919901,55.83421935758834],[37.51682647845921,55.83430578565411],[37.516937266967226,55.83438139610546],[37.5168956210683,55.83440044249784],[37.5169704917458,55.83445252586314],[37.517004175151776,55.83447479575829],[37.51704486374207,55.834456288350296],[37.51726532668116,55.834609754299024],[37.51722368066081,55.834628710985974],[37.51733271494087,55.8347034231531],[37.5173732440196,55.83468491565858],[37.5174439652037,55.834734125185825]]],[[[37.516381155691754,55.83455687788034],[37.51634443897108,55.83453128501297],[37.5162595504026,55.834569647028914],[37.516296267032416,55.83459506028983],[37.516381155691754,55.83455687788034]]],[[[37.514967252315486,55.834822005002316],[37.51525351702706,55.8346917388899],[37.515288157923926,55.83471589527326],[37.51530331681179,55.83470897767558],[37.515333966860275,55.834730350225726],[37.515318807936175,55.834737178011395],[37.515364144488665,55.83476869800844],[37.51554525337614,55.83468694411721],[37.5155699955643,55.834700413525226],[37.51559903667346,55.83468711730644],[37.515580996314185,55.834670683180065],[37.51570226650404,55.83461480316225],[37.51565708945088,55.83458328326975],[37.51564113280835,55.83459047045459],[37.515610482769524,55.834569277612026],[37.51562707764723,55.83456173109126],[37.515593075255616,55.83453811362086],[37.51579221300379,55.83444692654045],[37.51566642028959,55.834359461183546],[37.515338991269736,55.834508414808994],[37.51535192171643,55.83451748467919],[37.51531155137853,55.834535811858125],[37.51529862096848,55.834526831799465],[37.51528601494759,55.83453186296527],[37.51484177952739,55.834734808218435],[37.514967252315486,55.834822005002316]]],[[[37.515918096222165,55.83476674521194],[37.5158810605231,55.83474142169366],[37.515795692395066,55.83478014271],[37.51583288784296,55.83480591531327],[37.515918096222165,55.83476674521194]]],[[[37.51676015123028,55.83485115575749],[37.51673923829631,55.83483642867309],[37.51693677953636,55.83474667700373],[37.516858077155035,55.834692348724616],[37.516727074698004,55.83475209321744],[37.51669770095216,55.8347315291919],[37.51657499536673,55.83478714092601],[37.51660500743199,55.83480761508306],[37.51658474254228,55.83481659925794],[37.51666312564023,55.8348710175676],[37.51670509134528,55.83485197121414],[37.51672648305935,55.83486669824245],[37.51676015123028,55.83485115575749]]],[[[37.5150007250584,55.83514506854083],[37.51481778227399,55.83501764086818],[37.51487331238527,55.834992306492495],[37.51489821422781,55.835006045464056],[37.514927415389366,55.83499274938619],[37.51490921560888,55.83497640499617],[37.515030806838205,55.834920345974794],[37.51498578956883,55.834888825818986],[37.514969832677366,55.83489601291637],[37.51493934229317,55.83487464025783],[37.514955777835986,55.83486709384623],[37.51479694085295,55.834755291315446],[37.514667690246746,55.8348141352581],[37.514681099518526,55.83482347459192],[37.514640728548166,55.834841801549814],[37.514627159685006,55.83483246222954],[37.51445673955855,55.8349099024265],[37.514616852833,55.83502134598754],[37.514633448095644,55.83501379960129],[37.5146639383891,55.8350350825194],[37.514647502750755,55.83504271870759],[37.51487594138607,55.83520175660526],[37.5150007250584,55.83514506854083]]],[[[37.51609565216578,55.83498856831591],[37.51614801371247,55.835024847388084],[37.51626354004041,55.83497220090355],[37.51623544359656,55.83495280421346],[37.51620704078146,55.83496583105477],[37.51619634502875,55.83495855731179],[37.516173048256626,55.83496906866557],[37.51615931928072,55.834959460087035],[37.51609565216578,55.83498856831591]]],[[[37.51550253970105,55.835263836021866],[37.51542128382603,55.83520708210667],[37.51540532688458,55.83521426926018],[37.515375155372546,55.83519334575184],[37.515390952681244,55.835186068805314],[37.51538328974995,55.835179872422536],[37.515238658666476,55.83507992447066],[37.51511068428712,55.83513840946298],[37.51512489198741,55.835148377365776],[37.515098563078965,55.835160505552],[37.515079249095336,55.83515269381632],[37.515093616388924,55.83516266170423],[37.515055160087556,55.83518009041733],[37.515039356104786,55.835169224533004],[37.51491201929139,55.8352270805337],[37.515065749658085,55.83533403344597],[37.515082504498025,55.835326307349554],[37.51511299531416,55.83534767997106],[37.515096240438226,55.83535531625583],[37.51517765568002,55.83541189073412],[37.51550253970105,55.835263836021866]]]]}},{"type":"Feature","properties":{"id":48655,"uin":"TT0000-99-7908-000","name":"Снос многоквартирного жилого дома с отключением инженерных коммуникаций по адресу: Кантемировская ул., д. 27","area":"ЮАО","district":"Царицыно","address":"Кантемировская ул., д.27","res_complex":null,"state":"Планируемый","fno_name":"Многоэтажный многоквартирный дом","fno_codes":"010, 001, 001","job_type":"Новое строительство","fin_source":"Городской бюджет","input_fact":null,"input_plan":null,"lat":55.63587732856012,"lng":37.665211255294814,"ring_count":1,"geom_source":"polygon","archived":true,"archived_at":"2026-07-15","last_seen":"2026-06-24"},"geometry":{"type":"Polygon","coordinates":[[[37.665211255294814,55.63587732856012],[37.6653984468746,55.6358844256098],[37.665299034892314,55.63668806719502],[37.66511355316522,55.63668135283426],[37.665211255294814,55.63587732856012]]]}},{"type":"Feature","properties":{"id":48904,"uin":"TT0000-99-7910-000","name":"Снос многоквартирных жилых домов с отключением инженерных коммуникаций","area":"ЮАО","district":"Царицыно","address":"Кавказский б-р. д. 40, к.1; д. 42, к.1, д. 40, к.2, д. 42, к.2","res_complex":null,"state":"Планируемый","fno_name":"Многоэтажный многоквартирный дом","fno_codes":"010, 001, 001","job_type":"Новое строительство","fin_source":"Городской бюджет","input_fact":null,"input_plan":"2028-12-31","lat":55.62921712081691,"lng":37.65384170851683,"ring_count":2,"geom_source":"polygon","archived":true,"archived_at":"2026-07-15","last_seen":"2026-06-24"},"geometry":{"type":"MultiPolygon","coordinates":[[[[37.65382922437779,55.628413608430705],[37.65363850851812,55.628414918147676],[37.65365857481152,55.62921792029254],[37.65384170851683,55.62921712081691],[37.65382922437779,55.628413608430705]]],[[[37.6524883894587,55.62922689978372],[37.65247445110494,55.628419753765115],[37.65228544007341,55.628422402552964],[37.652301458638696,55.62922771854439],[37.6524883894587,55.62922689978372]]]]}},{"type":"Feature","properties":{"id":52417,"uin":"TT0000-99-7914-000","name":"Снос существующих строений, отключение и перекладка инженерных коммуникаций сносимых зданий","area":"ЮВАО","district":"Нижегородский","address":"ул. Басовская, д. 2 и шоссе Фрезер, д. 9","res_complex":null,"state":"Планируемый","fno_name":"Среднеэтажный многоквартирный дом","fno_codes":"010, 002, 001","job_type":"Новое строительство","fin_source":"Городской бюджет","input_fact":null,"input_plan":"2028-01-01","lat":55.738344262422096,"lng":37.73583200882834,"ring_count":2,"geom_source":"polygon","archived":true,"archived_at":"2026-07-15","last_seen":"2026-06-24"},"geometry":{"type":"MultiPolygon","coordinates":[[[[37.73551463561268,55.737762887303404],[37.735330206653074,55.73779016787666],[37.73565256287018,55.738370975387326],[37.73583200882834,55.738344262422096],[37.73551463561268,55.737762887303404]]],[[[37.736402567192165,55.73845112162598],[37.73587636782497,55.738448604682006],[37.73587163264464,55.73856923148863],[37.73640133757615,55.738564878005356],[37.736402567192165,55.73845112162598]]]]}}]}